delete from node;
delete from node_revisions;
delete from url_alias;
delete from book;
delete from menu_links;
INSERT INTO `menu_links` (`menu_name`, `mlid`, `plid`, `link_path`, `router_path`, `link_title`, `options`, `module`, `hidden`, `external`, `has_children`, `expanded`, `weight`, `depth`, `customized`, `p1`, `p2`, `p3`, `p4`, `p5`, `p6`, `p7`, `p8`, `p9`, `updated`) VALUES
('navigation', 1, 0, 'batch', 'batch', '', 'a:0:{}', 'system', -1, 0, 0, 0, 0, 1, 0, 1, 0, 0, 0, 0, 0, 0, 0, 0, 0),
('navigation', 2, 0, 'admin', 'admin', 'Administer', 'a:0:{}', 'system', 0, 0, 1, 0, 9, 1, 0, 2, 0, 0, 0, 0, 0, 0, 0, 0, 0),
('navigation', 3, 0, 'node', 'node', 'Content', 'a:0:{}', 'system', -1, 0, 0, 0, 0, 1, 0, 3, 0, 0, 0, 0, 0, 0, 0, 0, 0),
('navigation', 4, 0, 'logout', 'logout', 'Log out', 'a:0:{}', 'system', 0, 0, 0, 0, 10, 1, 0, 4, 0, 0, 0, 0, 0, 0, 0, 0, 0),
('navigation', 5, 0, 'rss.xml', 'rss.xml', 'RSS feed', 'a:0:{}', 'system', -1, 0, 0, 0, 0, 1, 0, 5, 0, 0, 0, 0, 0, 0, 0, 0, 0),
('navigation', 6, 0, 'user', 'user', 'User account', 'a:0:{}', 'system', -1, 0, 0, 0, 0, 1, 0, 6, 0, 0, 0, 0, 0, 0, 0, 0, 0),
('navigation', 7, 0, 'node/%', 'node/%', '', 'a:0:{}', 'system', -1, 0, 0, 0, 0, 1, 0, 7, 0, 0, 0, 0, 0, 0, 0, 0, 0),
('navigation', 8, 2, 'admin/compact', 'admin/compact', 'Compact mode', 'a:0:{}', 'system', -1, 0, 0, 0, 0, 2, 0, 2, 8, 0, 0, 0, 0, 0, 0, 0, 0),
('navigation', 9, 0, 'filter/tips', 'filter/tips', 'Compose tips', 'a:0:{}', 'system', 1, 0, 0, 0, 0, 1, 0, 9, 0, 0, 0, 0, 0, 0, 0, 0, 0),
('navigation', 10, 2, 'admin/content', 'admin/content', 'Content management', 'a:1:{s:10:"attributes";a:1:{s:5:"title";s:27:"Manage your site''s content.";}}', 'system', 0, 0, 1, 0, -10, 2, 0, 2, 10, 0, 0, 0, 0, 0, 0, 0, 0),
('navigation', 11, 0, 'node/add', 'node/add', 'Create content', 'a:0:{}', 'system', 0, 0, 1, 0, 1, 1, 0, 11, 0, 0, 0, 0, 0, 0, 0, 0, 0),
('navigation', 14, 0, 'system/files', 'system/files', 'File download', 'a:0:{}', 'system', -1, 0, 0, 0, 0, 1, 0, 14, 0, 0, 0, 0, 0, 0, 0, 0, 0),
('navigation', 15, 2, 'admin/help', 'admin/help', 'Help', 'a:0:{}', 'system', 0, 0, 0, 0, 9, 2, 0, 2, 15, 0, 0, 0, 0, 0, 0, 0, 0),
('navigation', 16, 2, 'admin/reports', 'admin/reports', 'Reports', 'a:1:{s:10:"attributes";a:1:{s:5:"title";s:59:"View reports from system logs and other status information.";}}', 'system', 0, 0, 1, 0, 5, 2, 0, 2, 16, 0, 0, 0, 0, 0, 0, 0, 0),
('navigation', 17, 2, 'admin/build', 'admin/build', 'Site building', 'a:1:{s:10:"attributes";a:1:{s:5:"title";s:38:"Control how your site looks and feels.";}}', 'system', 0, 0, 1, 0, -10, 2, 0, 2, 17, 0, 0, 0, 0, 0, 0, 0, 0),
('navigation', 18, 2, 'admin/settings', 'admin/settings', 'Site configuration', 'a:1:{s:10:"attributes";a:1:{s:5:"title";s:40:"Adjust basic site configuration options.";}}', 'system', 0, 0, 1, 0, -5, 2, 0, 2, 18, 0, 0, 0, 0, 0, 0, 0, 0),
('navigation', 19, 0, 'user/autocomplete', 'user/autocomplete', 'User autocomplete', 'a:0:{}', 'system', -1, 0, 0, 0, 0, 1, 0, 19, 0, 0, 0, 0, 0, 0, 0, 0, 0),
('navigation', 20, 2, 'admin/user', 'admin/user', 'User management', 'a:1:{s:10:"attributes";a:1:{s:5:"title";s:61:"Manage your site''s users, groups and access to site features.";}}', 'system', 0, 0, 1, 0, 0, 2, 0, 2, 20, 0, 0, 0, 0, 0, 0, 0, 0),
('navigation', 21, 0, 'user/%', 'user/%', 'My account', 'a:0:{}', 'system', 0, 0, 0, 0, 0, 1, 0, 21, 0, 0, 0, 0, 0, 0, 0, 0, 0),
('navigation', 22, 20, 'admin/user/rules', 'admin/user/rules', 'Access rules', 'a:1:{s:10:"attributes";a:1:{s:5:"title";s:80:"List and create rules to disallow usernames, e-mail addresses, and IP addresses.";}}', 'system', 0, 0, 0, 0, 0, 3, 0, 2, 20, 22, 0, 0, 0, 0, 0, 0, 0),
('navigation', 23, 18, 'admin/settings/actions', 'admin/settings/actions', 'Actions', 'a:1:{s:10:"attributes";a:1:{s:5:"title";s:41:"Manage the actions defined for your site.";}}', 'system', 0, 0, 0, 0, 0, 3, 0, 2, 18, 23, 0, 0, 0, 0, 0, 0, 0),
('navigation', 24, 18, 'admin/settings/admin', 'admin/settings/admin', 'Administration theme', 'a:1:{s:10:"attributes";a:1:{s:5:"title";s:55:"Settings for how your administrative pages should look.";}}', 'system', 0, 0, 0, 0, 0, 3, 0, 2, 18, 24, 0, 0, 0, 0, 0, 0, 0),
('navigation', 25, 17, 'admin/build/block', 'admin/build/block', 'Blocks', 'a:1:{s:10:"attributes";a:1:{s:5:"title";s:79:"Configure what block content appears in your site''s sidebars and other regions.";}}', 'system', 0, 0, 0, 0, 0, 3, 0, 2, 17, 25, 0, 0, 0, 0, 0, 0, 0),
('navigation', 26, 18, 'admin/settings/clean-urls', 'admin/settings/clean-urls', 'Clean URLs', 'a:1:{s:10:"attributes";a:1:{s:5:"title";s:43:"Enable or disable clean URLs for your site.";}}', 'system', 0, 0, 0, 0, 0, 3, 0, 2, 18, 26, 0, 0, 0, 0, 0, 0, 0),
('navigation', 28, 10, 'admin/content/node', 'admin/content/node', 'Content', 'a:1:{s:10:"attributes";a:1:{s:5:"title";s:43:"View, edit, and delete your site''s content.";}}', 'system', 0, 0, 0, 0, 0, 3, 0, 2, 10, 28, 0, 0, 0, 0, 0, 0, 0),
('navigation', 29, 10, 'admin/content/types', 'admin/content/types', 'Content types', 'a:1:{s:10:"attributes";a:1:{s:5:"title";s:82:"Manage posts by content type, including default status, front page promotion, etc.";}}', 'system', 0, 0, 0, 0, 0, 3, 0, 2, 10, 29, 0, 0, 0, 0, 0, 0, 0),
('navigation', 30, 18, 'admin/settings/date-time', 'admin/settings/date-time', 'Date and time', 'a:1:{s:10:"attributes";a:1:{s:5:"title";s:89:"Settings for how Drupal displays date and time, as well as the system''s default timezone.";}}', 'system', 0, 0, 0, 0, 0, 3, 0, 2, 18, 30, 0, 0, 0, 0, 0, 0, 0),
('navigation', 31, 0, 'node/%/delete', 'node/%/delete', 'Delete', 'a:0:{}', 'system', -1, 0, 0, 0, 1, 1, 0, 31, 0, 0, 0, 0, 0, 0, 0, 0, 0),
('navigation', 32, 21, 'user/%/delete', 'user/%/delete', 'Delete', 'a:0:{}', 'system', -1, 0, 0, 0, 0, 2, 0, 21, 32, 0, 0, 0, 0, 0, 0, 0, 0),
('navigation', 33, 18, 'admin/settings/error-reporting', 'admin/settings/error-reporting', 'Error reporting', 'a:1:{s:10:"attributes";a:1:{s:5:"title";s:93:"Control how Drupal deals with errors including 403/404 errors as well as PHP error reporting.";}}', 'system', 0, 0, 0, 0, 0, 3, 0, 2, 18, 33, 0, 0, 0, 0, 0, 0, 0),
('navigation', 34, 18, 'admin/settings/file-system', 'admin/settings/file-system', 'File system', 'a:1:{s:10:"attributes";a:1:{s:5:"title";s:68:"Tell Drupal where to store uploaded files and how they are accessed.";}}', 'system', 0, 0, 0, 0, 0, 3, 0, 2, 18, 34, 0, 0, 0, 0, 0, 0, 0),
('navigation', 35, 18, 'admin/settings/image-toolkit', 'admin/settings/image-toolkit', 'Image toolkit', 'a:1:{s:10:"attributes";a:1:{s:5:"title";s:74:"Choose which image toolkit to use if you have installed optional toolkits.";}}', 'system', 0, 0, 0, 0, 0, 3, 0, 2, 18, 35, 0, 0, 0, 0, 0, 0, 0),
('navigation', 36, 18, 'admin/settings/filters', 'admin/settings/filters', 'Input formats', 'a:1:{s:10:"attributes";a:1:{s:5:"title";s:127:"Configure how content input by users is filtered, including allowed HTML tags. Also allows enabling of module-provided filters.";}}', 'system', 0, 0, 0, 0, 0, 3, 0, 2, 18, 36, 0, 0, 0, 0, 0, 0, 0),
('navigation', 37, 18, 'admin/settings/logging', 'admin/settings/logging', 'Logging and alerts', 'a:1:{s:10:"attributes";a:1:{s:5:"title";s:156:"Settings for logging and alerts modules. Various modules can route Drupal''s system events to different destination, such as syslog, database, email, ...etc.";}}', 'system', 0, 0, 1, 0, 0, 3, 0, 2, 18, 37, 0, 0, 0, 0, 0, 0, 0),
('navigation', 38, 17, 'admin/build/menu', 'admin/build/menu', 'Menus', 'a:1:{s:10:"attributes";a:1:{s:5:"title";s:116:"Control your site''s navigation menu, primary links and secondary links. as well as rename and reorganize menu items.";}}', 'system', 0, 0, 1, 0, 0, 3, 0, 2, 17, 38, 0, 0, 0, 0, 0, 0, 0),
('navigation', 39, 17, 'admin/build/modules', 'admin/build/modules', 'Modules', 'a:1:{s:10:"attributes";a:1:{s:5:"title";s:47:"Enable or disable add-on modules for your site.";}}', 'system', 0, 0, 0, 0, 0, 3, 0, 2, 17, 39, 0, 0, 0, 0, 0, 0, 0),
('navigation', 40, 18, 'admin/settings/performance', 'admin/settings/performance', 'Performance', 'a:1:{s:10:"attributes";a:1:{s:5:"title";s:101:"Enable or disable page caching for anonymous users and set CSS and JS bandwidth optimization options.";}}', 'system', 0, 0, 0, 0, 0, 3, 0, 2, 18, 40, 0, 0, 0, 0, 0, 0, 0),
('navigation', 41, 20, 'admin/user/permissions', 'admin/user/permissions', 'Permissions', 'a:1:{s:10:"attributes";a:1:{s:5:"title";s:64:"Determine access to features by selecting permissions for roles.";}}', 'system', 0, 0, 0, 0, 0, 3, 0, 2, 20, 41, 0, 0, 0, 0, 0, 0, 0),
('navigation', 42, 10, 'admin/content/node-settings', 'admin/content/node-settings', 'Post settings', 'a:1:{s:10:"attributes";a:1:{s:5:"title";s:126:"Control posting behavior, such as teaser length, requiring previews before posting, and the number of posts on the front page.";}}', 'system', 0, 0, 0, 0, 0, 3, 0, 2, 10, 42, 0, 0, 0, 0, 0, 0, 0),
('navigation', 43, 10, 'admin/content/rss-publishing', 'admin/content/rss-publishing', 'RSS publishing', 'a:1:{s:10:"attributes";a:1:{s:5:"title";s:92:"Configure the number of items per feed and whether feeds should be titles/teasers/full-text.";}}', 'system', 0, 0, 0, 0, 0, 3, 0, 2, 10, 43, 0, 0, 0, 0, 0, 0, 0),
('navigation', 45, 20, 'admin/user/roles', 'admin/user/roles', 'Roles', 'a:1:{s:10:"attributes";a:1:{s:5:"title";s:30:"List, edit, or add user roles.";}}', 'system', 0, 0, 0, 0, 0, 3, 0, 2, 20, 45, 0, 0, 0, 0, 0, 0, 0),
('navigation', 46, 18, 'admin/settings/site-information', 'admin/settings/site-information', 'Site information', 'a:1:{s:10:"attributes";a:1:{s:5:"title";s:107:"Change basic site information, such as the site name, slogan, e-mail address, mission, front page and more.";}}', 'system', 0, 0, 0, 0, 0, 3, 0, 2, 18, 46, 0, 0, 0, 0, 0, 0, 0),
('navigation', 47, 18, 'admin/settings/site-maintenance', 'admin/settings/site-maintenance', 'Site maintenance', 'a:1:{s:10:"attributes";a:1:{s:5:"title";s:63:"Take the site off-line for maintenance or bring it back online.";}}', 'system', 0, 0, 0, 0, 0, 3, 0, 2, 18, 47, 0, 0, 0, 0, 0, 0, 0),
('navigation', 48, 16, 'admin/reports/status', 'admin/reports/status', 'Status report', 'a:1:{s:10:"attributes";a:1:{s:5:"title";s:74:"Get a status report about your site''s operation and any detected problems.";}}', 'system', 0, 0, 0, 0, 10, 3, 0, 2, 16, 48, 0, 0, 0, 0, 0, 0, 0),
('navigation', 49, 17, 'admin/build/themes', 'admin/build/themes', 'Themes', 'a:1:{s:10:"attributes";a:1:{s:5:"title";s:57:"Change which theme your site uses or allows users to set.";}}', 'system', 0, 0, 0, 0, 0, 3, 0, 2, 17, 49, 0, 0, 0, 0, 0, 0, 0),
('navigation', 50, 20, 'admin/user/settings', 'admin/user/settings', 'User settings', 'a:1:{s:10:"attributes";a:1:{s:5:"title";s:101:"Configure default behavior of users, including registration requirements, e-mails, and user pictures.";}}', 'system', 0, 0, 0, 0, 0, 3, 0, 2, 20, 50, 0, 0, 0, 0, 0, 0, 0),
('navigation', 51, 20, 'admin/user/user', 'admin/user/user', 'Users', 'a:1:{s:10:"attributes";a:1:{s:5:"title";s:26:"List, add, and edit users.";}}', 'system', 0, 0, 0, 0, 0, 3, 0, 2, 20, 51, 0, 0, 0, 0, 0, 0, 0),
('navigation', 52, 15, 'admin/help/block', 'admin/help/block', 'block', 'a:0:{}', 'system', -1, 0, 0, 0, 0, 3, 0, 2, 15, 52, 0, 0, 0, 0, 0, 0, 0),
('navigation', 53, 15, 'admin/help/color', 'admin/help/color', 'color', 'a:0:{}', 'system', -1, 0, 0, 0, 0, 3, 0, 2, 15, 53, 0, 0, 0, 0, 0, 0, 0),
('navigation', 55, 15, 'admin/help/filter', 'admin/help/filter', 'filter', 'a:0:{}', 'system', -1, 0, 0, 0, 0, 3, 0, 2, 15, 55, 0, 0, 0, 0, 0, 0, 0),
('navigation', 56, 15, 'admin/help/help', 'admin/help/help', 'help', 'a:0:{}', 'system', -1, 0, 0, 0, 0, 3, 0, 2, 15, 56, 0, 0, 0, 0, 0, 0, 0),
('navigation', 57, 15, 'admin/help/menu', 'admin/help/menu', 'menu', 'a:0:{}', 'system', -1, 0, 0, 0, 0, 3, 0, 2, 15, 57, 0, 0, 0, 0, 0, 0, 0),
('navigation', 58, 15, 'admin/help/node', 'admin/help/node', 'node', 'a:0:{}', 'system', -1, 0, 0, 0, 0, 3, 0, 2, 15, 58, 0, 0, 0, 0, 0, 0, 0),
('navigation', 59, 15, 'admin/help/system', 'admin/help/system', 'system', 'a:0:{}', 'system', -1, 0, 0, 0, 0, 3, 0, 2, 15, 59, 0, 0, 0, 0, 0, 0, 0),
('navigation', 60, 15, 'admin/help/user', 'admin/help/user', 'user', 'a:0:{}', 'system', -1, 0, 0, 0, 0, 3, 0, 2, 15, 60, 0, 0, 0, 0, 0, 0, 0),
('navigation', 61, 36, 'admin/settings/filters/%', 'admin/settings/filters/%', '', 'a:0:{}', 'system', -1, 0, 0, 0, 0, 4, 0, 2, 18, 36, 61, 0, 0, 0, 0, 0, 0),
('navigation', 62, 26, 'admin/settings/clean-urls/check', 'admin/settings/clean-urls/check', 'Clean URL check', 'a:0:{}', 'system', -1, 0, 0, 0, 0, 4, 0, 2, 18, 26, 62, 0, 0, 0, 0, 0, 0),
('navigation', 63, 23, 'admin/settings/actions/configure', 'admin/settings/actions/configure', 'Configure an advanced action', 'a:0:{}', 'system', -1, 0, 0, 0, 0, 4, 0, 2, 18, 23, 63, 0, 0, 0, 0, 0, 0),
('navigation', 64, 25, 'admin/build/block/configure', 'admin/build/block/configure', 'Configure block', 'a:0:{}', 'system', -1, 0, 0, 0, 0, 4, 0, 2, 17, 25, 64, 0, 0, 0, 0, 0, 0),
('navigation', 65, 17, 'admin/build/menu-customize/%', 'admin/build/menu-customize/%', 'Customize menu', 'a:0:{}', 'system', -1, 0, 0, 0, 0, 3, 0, 2, 17, 65, 0, 0, 0, 0, 0, 0, 0),
('navigation', 66, 30, 'admin/settings/date-time/lookup', 'admin/settings/date-time/lookup', 'Date and time lookup', 'a:0:{}', 'system', -1, 0, 0, 0, 0, 4, 0, 2, 18, 30, 66, 0, 0, 0, 0, 0, 0),
('navigation', 67, 25, 'admin/build/block/delete', 'admin/build/block/delete', 'Delete block', 'a:0:{}', 'system', -1, 0, 0, 0, 0, 4, 0, 2, 17, 25, 67, 0, 0, 0, 0, 0, 0),
('navigation', 68, 36, 'admin/settings/filters/delete', 'admin/settings/filters/delete', 'Delete input format', 'a:0:{}', 'system', -1, 0, 0, 0, 0, 4, 0, 2, 18, 36, 68, 0, 0, 0, 0, 0, 0),
('navigation', 69, 22, 'admin/user/rules/delete', 'admin/user/rules/delete', 'Delete rule', 'a:0:{}', 'system', -1, 0, 0, 0, 0, 4, 0, 2, 20, 22, 69, 0, 0, 0, 0, 0, 0),
('navigation', 70, 45, 'admin/user/roles/edit', 'admin/user/roles/edit', 'Edit role', 'a:0:{}', 'system', -1, 0, 0, 0, 0, 4, 0, 2, 20, 45, 70, 0, 0, 0, 0, 0, 0),
('navigation', 71, 22, 'admin/user/rules/edit', 'admin/user/rules/edit', 'Edit rule', 'a:0:{}', 'system', -1, 0, 0, 0, 0, 4, 0, 2, 20, 22, 71, 0, 0, 0, 0, 0, 0),
('navigation', 72, 48, 'admin/reports/status/php', 'admin/reports/status/php', 'PHP', 'a:0:{}', 'system', -1, 0, 0, 0, 0, 4, 0, 2, 16, 48, 72, 0, 0, 0, 0, 0, 0),
('navigation', 73, 42, 'admin/content/node-settings/rebuild', 'admin/content/node-settings/rebuild', 'Rebuild permissions', 'a:0:{}', 'system', -1, 0, 0, 0, 0, 4, 0, 2, 10, 42, 73, 0, 0, 0, 0, 0, 0),
('navigation', 74, 23, 'admin/settings/actions/orphan', 'admin/settings/actions/orphan', 'Remove orphans', 'a:0:{}', 'system', -1, 0, 0, 0, 0, 4, 0, 2, 18, 23, 74, 0, 0, 0, 0, 0, 0),
('navigation', 75, 48, 'admin/reports/status/run-cron', 'admin/reports/status/run-cron', 'Run cron', 'a:0:{}', 'system', -1, 0, 0, 0, 0, 4, 0, 2, 16, 48, 75, 0, 0, 0, 0, 0, 0),
('navigation', 76, 48, 'admin/reports/status/sql', 'admin/reports/status/sql', 'SQL', 'a:0:{}', 'system', -1, 0, 0, 0, 0, 4, 0, 2, 16, 48, 76, 0, 0, 0, 0, 0, 0),
('navigation', 77, 23, 'admin/settings/actions/delete/%', 'admin/settings/actions/delete/%', 'Delete action', 'a:1:{s:10:"attributes";a:1:{s:5:"title";s:17:"Delete an action.";}}', 'system', -1, 0, 0, 0, 0, 4, 0, 2, 18, 23, 77, 0, 0, 0, 0, 0, 0),
('navigation', 78, 0, 'admin/build/menu-customize/%/delete', 'admin/build/menu-customize/%/delete', 'Delete menu', 'a:0:{}', 'system', -1, 0, 0, 0, 0, 1, 0, 78, 0, 0, 0, 0, 0, 0, 0, 0, 0),
('navigation', 79, 25, 'admin/build/block/list/js', 'admin/build/block/list/js', 'JavaScript List Form', 'a:0:{}', 'system', -1, 0, 0, 0, 0, 4, 0, 2, 17, 25, 79, 0, 0, 0, 0, 0, 0),
('navigation', 80, 39, 'admin/build/modules/list/confirm', 'admin/build/modules/list/confirm', 'List', 'a:0:{}', 'system', -1, 0, 0, 0, 0, 4, 0, 2, 17, 39, 80, 0, 0, 0, 0, 0, 0),
('navigation', 81, 0, 'user/reset/%/%/%', 'user/reset/%/%/%', 'Reset password', 'a:0:{}', 'system', -1, 0, 0, 0, 0, 1, 0, 81, 0, 0, 0, 0, 0, 0, 0, 0, 0),
('navigation', 82, 39, 'admin/build/modules/uninstall/confirm', 'admin/build/modules/uninstall/confirm', 'Uninstall', 'a:0:{}', 'system', -1, 0, 0, 0, 0, 4, 0, 2, 17, 39, 82, 0, 0, 0, 0, 0, 0),
('navigation', 83, 0, 'node/%/revisions/%/delete', 'node/%/revisions/%/delete', 'Delete earlier revision', 'a:0:{}', 'system', -1, 0, 0, 0, 0, 1, 0, 83, 0, 0, 0, 0, 0, 0, 0, 0, 0),
('navigation', 84, 0, 'node/%/revisions/%/revert', 'node/%/revisions/%/revert', 'Revert to earlier revision', 'a:0:{}', 'system', -1, 0, 0, 0, 0, 1, 0, 84, 0, 0, 0, 0, 0, 0, 0, 0, 0),
('navigation', 85, 0, 'node/%/revisions/%/view', 'node/%/revisions/%/view', 'Revisions', 'a:0:{}', 'system', -1, 0, 0, 0, 0, 1, 0, 85, 0, 0, 0, 0, 0, 0, 0, 0, 0),
('navigation', 86, 38, 'admin/build/menu/item/%/delete', 'admin/build/menu/item/%/delete', 'Delete menu item', 'a:0:{}', 'system', -1, 0, 0, 0, 0, 4, 0, 2, 17, 38, 86, 0, 0, 0, 0, 0, 0),
('navigation', 87, 38, 'admin/build/menu/item/%/edit', 'admin/build/menu/item/%/edit', 'Edit menu item', 'a:0:{}', 'system', -1, 0, 0, 0, 0, 4, 0, 2, 17, 38, 87, 0, 0, 0, 0, 0, 0),
('navigation', 88, 38, 'admin/build/menu/item/%/reset', 'admin/build/menu/item/%/reset', 'Reset menu item', 'a:0:{}', 'system', -1, 0, 0, 0, 0, 4, 0, 2, 17, 38, 88, 0, 0, 0, 0, 0, 0),
('navigation', 89, 38, 'admin/build/menu-customize/navigation', 'admin/build/menu-customize/%', 'Navigation', 'a:0:{}', 'menu', 0, 0, 0, 0, 0, 4, 0, 2, 17, 38, 89, 0, 0, 0, 0, 0, 0),
('navigation', 90, 38, 'admin/build/menu-customize/primary-links', 'admin/build/menu-customize/%', 'Primary links', 'a:0:{}', 'menu', 0, 0, 0, 0, 0, 4, 0, 2, 17, 38, 90, 0, 0, 0, 0, 0, 0),
('navigation', 91, 38, 'admin/build/menu-customize/secondary-links', 'admin/build/menu-customize/%', 'Secondary links', 'a:0:{}', 'menu', 0, 0, 0, 0, 0, 4, 0, 2, 17, 38, 91, 0, 0, 0, 0, 0, 0),
('navigation', 92, 0, 'taxonomy/autocomplete', 'taxonomy/autocomplete', 'Autocomplete taxonomy', 'a:0:{}', 'system', -1, 0, 0, 0, 0, 1, 0, 92, 0, 0, 0, 0, 0, 0, 0, 0, 0),
('navigation', 93, 16, 'admin/reports/dblog', 'admin/reports/dblog', 'Recent log entries', 'a:1:{s:10:"attributes";a:1:{s:5:"title";s:43:"View events that have recently been logged.";}}', 'system', 0, 0, 0, 0, -1, 3, 0, 2, 16, 93, 0, 0, 0, 0, 0, 0, 0),
('navigation', 94, 10, 'admin/content/taxonomy', 'admin/content/taxonomy', 'Taxonomy', 'a:1:{s:10:"attributes";a:1:{s:5:"title";s:67:"Manage tagging, categorization, and classification of your content.";}}', 'system', 0, 0, 0, 0, 0, 3, 0, 2, 10, 94, 0, 0, 0, 0, 0, 0, 0),
('navigation', 95, 0, 'taxonomy/term/%', 'taxonomy/term/%', 'Taxonomy term', 'a:0:{}', 'system', -1, 0, 0, 0, 0, 1, 0, 95, 0, 0, 0, 0, 0, 0, 0, 0, 0),
('navigation', 96, 16, 'admin/reports/access-denied', 'admin/reports/access-denied', 'Top ''access denied'' errors', 'a:1:{s:10:"attributes";a:1:{s:5:"title";s:35:"View ''access denied'' errors (403s).";}}', 'system', 0, 0, 0, 0, 0, 3, 0, 2, 16, 96, 0, 0, 0, 0, 0, 0, 0),
('navigation', 97, 16, 'admin/reports/page-not-found', 'admin/reports/page-not-found', 'Top ''page not found'' errors', 'a:1:{s:10:"attributes";a:1:{s:5:"title";s:36:"View ''page not found'' errors (404s).";}}', 'system', 0, 0, 0, 0, 0, 3, 0, 2, 16, 97, 0, 0, 0, 0, 0, 0, 0),
('navigation', 98, 15, 'admin/help/dblog', 'admin/help/dblog', 'dblog', 'a:0:{}', 'system', -1, 0, 0, 0, 0, 3, 0, 2, 15, 98, 0, 0, 0, 0, 0, 0, 0),
('navigation', 99, 15, 'admin/help/taxonomy', 'admin/help/taxonomy', 'taxonomy', 'a:0:{}', 'system', -1, 0, 0, 0, 0, 3, 0, 2, 15, 99, 0, 0, 0, 0, 0, 0, 0),
('navigation', 100, 37, 'admin/settings/logging/dblog', 'admin/settings/logging/dblog', 'Database logging', 'a:1:{s:10:"attributes";a:1:{s:5:"title";s:169:"Settings for logging to the Drupal database logs. This is the most common method for small to medium sites on shared hosting. The logs are viewable from the admin pages.";}}', 'system', 0, 0, 0, 0, 0, 4, 0, 2, 18, 37, 100, 0, 0, 0, 0, 0, 0),
('navigation', 101, 16, 'admin/reports/event/%', 'admin/reports/event/%', 'Details', 'a:0:{}', 'system', -1, 0, 0, 0, 0, 3, 0, 2, 16, 101, 0, 0, 0, 0, 0, 0, 0),
('navigation', 102, 94, 'admin/content/taxonomy/%', 'admin/content/taxonomy/%', 'List terms', 'a:0:{}', 'system', -1, 0, 0, 0, 0, 4, 0, 2, 10, 94, 102, 0, 0, 0, 0, 0, 0),
('navigation', 103, 94, 'admin/content/taxonomy/edit/term', 'admin/content/taxonomy/edit/term', 'Edit term', 'a:0:{}', 'system', -1, 0, 0, 0, 0, 4, 0, 2, 10, 94, 103, 0, 0, 0, 0, 0, 0),
('navigation', 104, 94, 'admin/content/taxonomy/edit/vocabulary/%', 'admin/content/taxonomy/edit/vocabulary/%', 'Edit vocabulary', 'a:0:{}', 'system', -1, 0, 0, 0, 0, 4, 0, 2, 10, 94, 104, 0, 0, 0, 0, 0, 0),
('navigation', 105, 16, 'admin/reports/updates', 'admin/reports/updates', 'Available updates', 'a:1:{s:10:"attributes";a:1:{s:5:"title";s:82:"Get a status report about available updates for your installed modules and themes.";}}', 'system', 0, 0, 0, 0, 10, 3, 0, 2, 16, 105, 0, 0, 0, 0, 0, 0, 0),
('navigation', 106, 11, 'node/add/page', 'node/add/page', 'Page', 'a:1:{s:10:"attributes";a:1:{s:5:"title";s:296:"A <em>page</em>, similar in form to a <em>story</em>, is a simple method for creating and displaying information that rarely changes, such as an "About us" section of a website. By default, a <em>page</em> entry does not allow visitor comments and is not featured on the site''s initial home page.";}}', 'system', 0, 0, 0, 0, 0, 2, 0, 11, 106, 0, 0, 0, 0, 0, 0, 0, 0),
('navigation', 107, 11, 'node/add/story', 'node/add/story', 'Story', 'a:1:{s:10:"attributes";a:1:{s:5:"title";s:392:"A <em>story</em>, similar in form to a <em>page</em>, is ideal for creating and displaying content that informs or engages website visitors. Press releases, site announcements, and informal blog-like entries may all be created with a <em>story</em> entry. By default, a <em>story</em> entry is automatically featured on the site''s initial home page, and provides the ability to post comments.";}}', 'system', 0, 0, 0, 0, 0, 2, 0, 11, 107, 0, 0, 0, 0, 0, 0, 0, 0),
('navigation', 108, 15, 'admin/help/update', 'admin/help/update', 'update', 'a:0:{}', 'system', -1, 0, 0, 0, 0, 3, 0, 2, 15, 108, 0, 0, 0, 0, 0, 0, 0),
('navigation', 109, 105, 'admin/reports/updates/check', 'admin/reports/updates/check', 'Manual update check', 'a:0:{}', 'system', -1, 0, 0, 0, 0, 4, 0, 2, 16, 105, 109, 0, 0, 0, 0, 0, 0),
('navigation', 110, 10, 'admin/content/node-type/page', 'admin/content/node-type/page', 'Page', 'a:0:{}', 'system', -1, 0, 0, 0, 0, 3, 0, 2, 10, 110, 0, 0, 0, 0, 0, 0, 0),
('navigation', 111, 10, 'admin/content/node-type/story', 'admin/content/node-type/story', 'Story', 'a:0:{}', 'system', -1, 0, 0, 0, 0, 3, 0, 2, 10, 111, 0, 0, 0, 0, 0, 0, 0),
('navigation', 112, 0, 'admin/content/node-type/page/delete', 'admin/content/node-type/page/delete', 'Delete', 'a:0:{}', 'system', -1, 0, 0, 0, 0, 1, 0, 112, 0, 0, 0, 0, 0, 0, 0, 0, 0),
('navigation', 113, 0, 'admin/content/node-type/story/delete', 'admin/content/node-type/story/delete', 'Delete', 'a:0:{}', 'system', -1, 0, 0, 0, 0, 1, 0, 113, 0, 0, 0, 0, 0, 0, 0, 0, 0),
('navigation', 114, 0, 'search', 'search', 'Search', 'a:0:{}', 'system', 1, 0, 0, 0, 0, 1, 0, 114, 0, 0, 0, 0, 0, 0, 0, 0, 0),
('navigation', 115, 0, 'upload/js', 'upload/js', '', 'a:0:{}', 'system', -1, 0, 0, 0, 0, 1, 0, 115, 0, 0, 0, 0, 0, 0, 0, 0, 0),
('navigation', 116, 18, 'admin/settings/uploads', 'admin/settings/uploads', 'File uploads', 'a:1:{s:10:"attributes";a:1:{s:5:"title";s:45:"Control how files may be attached to content.";}}', 'system', 0, 0, 0, 0, 0, 3, 0, 2, 18, 116, 0, 0, 0, 0, 0, 0, 0),
('navigation', 117, 18, 'admin/settings/language', 'admin/settings/language', 'Languages', 'a:1:{s:10:"attributes";a:1:{s:5:"title";s:55:"Configure languages for content and the user interface.";}}', 'system', 0, 0, 0, 0, 0, 3, 0, 2, 18, 117, 0, 0, 0, 0, 0, 0, 0),
('navigation', 118, 18, 'admin/settings/search', 'admin/settings/search', 'Search settings', 'a:1:{s:10:"attributes";a:1:{s:5:"title";s:66:"Configure relevance settings for search and other indexing options";}}', 'system', 0, 0, 0, 0, 0, 3, 0, 2, 18, 118, 0, 0, 0, 0, 0, 0, 0),
('navigation', 119, 16, 'admin/reports/search', 'admin/reports/search', 'Top search phrases', 'a:1:{s:10:"attributes";a:1:{s:5:"title";s:33:"View most popular search phrases.";}}', 'system', 0, 0, 0, 0, 0, 3, 0, 2, 16, 119, 0, 0, 0, 0, 0, 0, 0),
('navigation', 120, 17, 'admin/build/translate', 'admin/build/translate', 'Translate interface', 'a:1:{s:10:"attributes";a:1:{s:5:"title";s:59:"Translate the built in interface and optionally other text.";}}', 'system', 0, 0, 0, 0, 0, 3, 0, 2, 17, 120, 0, 0, 0, 0, 0, 0, 0),
('navigation', 121, 17, 'admin/build/path', 'admin/build/path', 'URL aliases', 'a:1:{s:10:"attributes";a:1:{s:5:"title";s:46:"Change your site''s URL paths by aliasing them.";}}', 'system', 0, 0, 0, 0, 0, 3, 0, 2, 17, 121, 0, 0, 0, 0, 0, 0, 0),
('navigation', 122, 15, 'admin/help/locale', 'admin/help/locale', 'locale', 'a:0:{}', 'system', -1, 0, 0, 0, 0, 3, 0, 2, 15, 122, 0, 0, 0, 0, 0, 0, 0),
('navigation', 123, 15, 'admin/help/path', 'admin/help/path', 'path', 'a:0:{}', 'system', -1, 0, 0, 0, 0, 3, 0, 2, 15, 123, 0, 0, 0, 0, 0, 0, 0),
('navigation', 124, 15, 'admin/help/search', 'admin/help/search', 'search', 'a:0:{}', 'system', -1, 0, 0, 0, 0, 3, 0, 2, 15, 124, 0, 0, 0, 0, 0, 0, 0),
('navigation', 125, 15, 'admin/help/translation', 'admin/help/translation', 'translation', 'a:0:{}', 'system', -1, 0, 0, 0, 0, 3, 0, 2, 15, 125, 0, 0, 0, 0, 0, 0, 0),
('navigation', 126, 15, 'admin/help/upload', 'admin/help/upload', 'upload', 'a:0:{}', 'system', -1, 0, 0, 0, 0, 3, 0, 2, 15, 126, 0, 0, 0, 0, 0, 0, 0),
('navigation', 127, 118, 'admin/settings/search/wipe', 'admin/settings/search/wipe', 'Clear index', 'a:0:{}', 'system', -1, 0, 0, 0, 0, 4, 0, 2, 18, 118, 127, 0, 0, 0, 0, 0, 0),
('navigation', 128, 121, 'admin/build/path/delete', 'admin/build/path/delete', 'Delete alias', 'a:0:{}', 'system', -1, 0, 0, 0, 0, 4, 0, 2, 17, 121, 128, 0, 0, 0, 0, 0, 0),
('navigation', 129, 121, 'admin/build/path/edit', 'admin/build/path/edit', 'Edit alias', 'a:0:{}', 'system', -1, 0, 0, 0, 0, 4, 0, 2, 17, 121, 129, 0, 0, 0, 0, 0, 0),
('navigation', 130, 117, 'admin/settings/language/delete/%', 'admin/settings/language/delete/%', 'Confirm', 'a:0:{}', 'system', -1, 0, 0, 0, 0, 4, 0, 2, 18, 117, 130, 0, 0, 0, 0, 0, 0),
('navigation', 131, 120, 'admin/build/translate/delete/%', 'admin/build/translate/delete/%', 'Delete string', 'a:0:{}', 'system', -1, 0, 0, 0, 0, 4, 0, 2, 17, 120, 131, 0, 0, 0, 0, 0, 0),
('navigation', 132, 117, 'admin/settings/language/edit/%', 'admin/settings/language/edit/%', 'Edit language', 'a:0:{}', 'system', -1, 0, 0, 0, 0, 4, 0, 2, 18, 117, 132, 0, 0, 0, 0, 0, 0),
('navigation', 133, 120, 'admin/build/translate/edit/%', 'admin/build/translate/edit/%', 'Edit string', 'a:0:{}', 'system', -1, 0, 0, 0, 0, 4, 0, 2, 17, 120, 133, 0, 0, 0, 0, 0, 0),
('navigation', 152, 15, 'admin/help/i18n', 'admin/help/i18n', 'i18n', 'a:0:{}', 'system', -1, 0, 0, 0, 0, 3, 0, 2, 15, 152, 0, 0, 0, 0, 0, 0, 0),
('navigation', 160, 15, 'admin/help/i18nmenu', 'admin/help/i18nmenu', 'i18nmenu', 'a:0:{}', 'system', -1, 0, 0, 0, 0, 3, 0, 2, 15, 160, 0, 0, 0, 0, 0, 0, 0),
('navigation', 158, 15, 'admin/help/i18nstrings', 'admin/help/i18nstrings', 'i18nstrings', 'a:0:{}', 'system', -1, 0, 0, 0, 0, 3, 0, 2, 15, 158, 0, 0, 0, 0, 0, 0, 0),
('navigation', 159, 15, 'admin/help/i18nblocks', 'admin/help/i18nblocks', 'i18nblocks', 'a:0:{}', 'system', -1, 0, 0, 0, 0, 3, 0, 2, 15, 159, 0, 0, 0, 0, 0, 0, 0),
('primary-links', 153, 0, 'node/1001', 'node/%', 'Inicio', 'a:1:{s:10:"attributes";a:1:{s:5:"title";s:6:"Inicio";}}', 'menu', 0, 0, 0, 0, 0, 1, 0, 153, 0, 0, 0, 0, 0, 0, 0, 0, 0),
('primary-links', 154, 0, 'node/1', 'node/%', 'Home', 'a:1:{s:10:"attributes";a:1:{s:5:"title";s:4:"Home";}}', 'menu', 0, 0, 0, 0, 0, 1, 0, 154, 0, 0, 0, 0, 0, 0, 0, 0, 0),
('primary-links', 155, 0, 'node/1078', 'node/%', 'Proyectos Pasados', 'a:1:{s:10:"attributes";a:1:{s:5:"title";s:17:"Proyectos Pasados";}}', 'menu', 0, 0, 0, 0, 0, 1, 0, 155, 0, 0, 0, 0, 0, 0, 0, 0, 0),
('primary-links', 156, 0, 'node/78', 'node/%', 'Past Projects', 'a:1:{s:10:"attributes";a:1:{s:5:"title";s:13:"Past Projects";}}', 'menu', 0, 0, 0, 0, 0, 1, 0, 156, 0, 0, 0, 0, 0, 0, 0, 0, 0),
('navigation', 157, 0, 'i18nstrings/save', 'i18nstrings/save', 'Save string', 'a:0:{}', 'system', -1, 0, 0, 0, 0, 1, 0, 157, 0, 0, 0, 0, 0, 0, 0, 0, 0);
INSERT INTO node
            (nid,            vid,            type,  language,title,             uid, status, created, changed, comment, promote, moderate, sticky, tnid, translate) VALUES
            (1,     1,     'page','en',    'Home',1,   1,      NOW(),   NOW(), 0,0,0,0,1,0),
            (1001,1001,'page','es',    'Inicio',1,   1,      NOW(),   NOW(), 0,0,0,0,1,0);
INSERT INTO book (mlid, nid, bid) VALUES (10000,1,1),(10001,1001,1001);
INSERT INTO node_revisions
              (nid,       vid,       uid, title,              body,             teaser,          log, timestamp,format) VALUES
              (1,1,1,   'Home', '<p><div style="background-color: #f90; padding: 5px"> </p> <p><a href="http://www.aida-americas.org/email/updates/2008_12.html">AIDA Monthly Update: Thanks for your support! AIDA made great progress in 2008! (December 2008)</a></div></p> ','', '', NOW(), 1),
              (1001,1001,1,'Inicio', '<p> <br></p> <p><table width="100%" border="0" cellpadding="5" cellspacing="0" bgcolor="#FF9900"><tr><td><a href="http://www.aida-americas.org/email/updates/2008_12.html">Boletín de AIDA: ¡Gracias por su apoyo! ¡AIDA logró grandes avances en 2008! (Diciembre de 2008)</a></td></tr></table></p> ', '', '', NOW(), 1);
INSERT INTO url_alias (src, dst, language) VALUES ('node/1','home','en');
INSERT INTO url_alias (src, dst, language) VALUES ('node/1001','home','es');
INSERT INTO node
            (nid,            vid,            type,  language,title,             uid, status, created, changed, comment, promote, moderate, sticky, tnid, translate) VALUES
            (2,     2,     'page','en',    'About AIDA',1,   1,      NOW(),   NOW(), 0,0,0,0,2,0),
            (1002,1002,'page','es',    'Acerca de AIDA',1,   1,      NOW(),   NOW(), 0,0,0,0,2,0);
INSERT INTO book (mlid, nid, bid) VALUES (10002,2,1),(10003,1002,1001);
INSERT INTO node_revisions
              (nid,       vid,       uid, title,              body,             teaser,          log, timestamp,format) VALUES
              (2,2,1,   'About AIDA', '<p> <ul> <li><a href="/?q=principles">Mission & Organizing Principles</a></li> <li><a href="/?q=partorgs">Participating Organizations</a></li> <li><a href="/?q=program_areas">Program Areas</a></li></ul> </p> <p>AIDA was founded in 1996 on the conviction that a coalition of non-profit legal organizations in the Americas would greatly strengthen the capacity of each to respond to the grave environmental threat posed by unrestrained economic activity and natural resource extraction. Now a growing, independent non-profit organization incorporated in California, AIDA combines the expertise of public interest [PAGE partorgs:environmental law organizations from nine countries] of the hemisphere, and provides a forum for these groups to jointly design and apply solutions to [PAGE problems:shared environmental problems]. AIDA\'s mission is to empower citizens to protect human health and the environment by developing and enforcing national and international environmental laws and mechanisms for citizen participation. </p> <p> Working on projects that fall into three general <a href="/?q=program_areas:program">areas</a>, AIDA takes an action-oriented approach. Using international institutions and tribunals to expose flawed policies and initiate reform, AIDA combines legal work with efforts to empower and educate the communities we represent. To insure that all projects are based on sound science, AIDA also works with technical experts, and transfers needed information to NGOs, communities and governments throughout the hemisphere. We provide AIDA\'s services free of charge to organizations and communities battling environmental harm in the western hemisphere. </p> <p><a href="/?q=aidafinances">AIDA Finances</a> </p> <p><a href="/?q=annualreport">View our Annual Report</a></p> ','', '', NOW(), 1),
              (1002,1002,1,'Acerca de AIDA', '<p> <ul> <li><a href="/?q=principles">Los principios que impulsan el trabajo de AIDA</a></li> <li><a href="/?q=partorgs">Organizaciones Participantes</a></li> <li><a href="/?q=program_areas">Áreas de Trabajo</a></li></ul> </p> <p>AIDA fue fundada en 1996 con la convicción que un grupo de organizaciones no gubernamentales de diferentes países de América, fortalecería notablemente la capacidad de todos y cada uno de sus miembros, para enfrentar la grave amenaza ambiental que las actividades económicas y la extracción de recursos naturales desenfrenada representan en la región. AIDA, una organización no gubernamental en crecimiento, independiente y registrada en California, que combina la experiencia de <a href="/?q=partorgs:organizaciones">sin ánimo de lucro de Derecho Ambiental en múltiples países del continente americano</a> para proveer un foro en el cual sus miembros de manera conjunta diseñen y apliquen soluciones a los <a href="/?q=problems:">problemas ambientales comunes</a> que existen. La misión de AIDA es asegurar el ejercicio efectivo de las personas de su derecho a un ambiente sano a través del desarrollo, aplicación y cumplimiento de la legislación ambiental a nivel nacional e internacional. Nuestra organización promueve también los mecanismos de participación ciudadana necesarios para asegurar la efectividad de las normas. </p> <p>En el cumplimiento de su misión, AIDA trabaja activamente en <a href="/?q=program_areas:tres">áreas temáticas</a>, en cuyos casos acude a las instituciones y tribunales internacionales para evidenciar las políticas erróneas y adelantar las reformas requeridas en cada uno. AIDA combina el trabajo legal con actividades dirigidas a fortalecer y educar a las comunidades que representa. Para asegurar que todos los proyectos están científicamente fundamentados, AIDA también cuenta con la colaboración de científicos expertos y comparte la información necesaria con ONG\'s, comunidades y gobiernos a través de todo el continente. Ofrecemos nuestros servicios sin costo alguno a las organizaciones y comunidades que luchan contra el daño ambiental en el continente, con el fin de proteger de manera efectiva sus derechos humanos y el ambiente. </p> <p><a href="/?q=aidafinances">Finanzas de AIDA</a> </p> <p><a href="/?q=annualreport">Vea nuestro Informe Anual en inglés (próximamente en español)</a></p> ', '', '', NOW(), 1);
INSERT INTO url_alias (src, dst, language) VALUES ('node/2','about','en');
INSERT INTO url_alias (src, dst, language) VALUES ('node/1002','about','es');
INSERT INTO node
            (nid,            vid,            type,  language,title,             uid, status, created, changed, comment, promote, moderate, sticky, tnid, translate) VALUES
            (3,     3,     'book','en',    'Program Areas',1,   1,      NOW(),   NOW(), 0,0,0,0,3,0),
            (1003,1003,'book','es',    'Areas de Trabajo',1,   1,      NOW(),   NOW(), 0,0,0,0,3,0);
INSERT INTO book (mlid, nid, bid) VALUES (10004,3,1),(10005,1003,1001);
INSERT INTO node_revisions
              (nid,       vid,       uid, title,              body,             teaser,          log, timestamp,format) VALUES
              (3,3,1,   'Program Areas', '<p><a href="/?q=projects"><b>AIDA\'s docket</b></a> and strategies are as varied as the nations in which we work, but are generally divided among three program areas: <b>\'<a href="#hum">Human Rights and the Environment</a>\', \'<a href="#bio">Biodiversity and Critical Natural Ecosystems</a>\'</b> and <b>\'<a href="#trade">Trade and the Environment</a>\'.</b> </p> <p><table width="100%" border="0" cellspacing="0" cellpadding="0"><tr><a name="hum" /> </p> <p><td colspan="2" height="20" bgcolor="#003366"><font color="#FFFFFF"><strong>&nbsp;Human Rights and the Environment</strong></font></td></tr><tr><td><p align="left"> </p> <p>Basic human rights such as the rights to life, health, physical security, and means of subsistence, depend directly on environmental health. Sadly, the legal and political systems of many nations currently fail to fully protect these most basic rights, above all in the case of minorities and poor communities. AIDA advocates for laws and treaties that protect the <a href="/?q=humanrights"><b>human right to a healthy environment</b></a>. These include efforts to represent communities threatened by forced relocation due to <a href="/?q=laparota_home"><b>mega-dam construction</b></a>, protect communities from toxic contamination emitted by uncontrolled industrial complexes, and battles to prevent large-scale resource extraction projects that threaten the culture or subsistence of traditional communities.</td><td><table width="10" border="1" cellpadding="0" cellspacing="0"><tr><td><img src="templates/aida/uploads/photos/laparotaman260.jpg"> <br><div align="center"><font size="1"><i>La Parota Community Opposes Dam Construction that will displace more than 25,000 inhabitants</i></font></div></td></tr></table></td></tr></table><table width="100%" border="0" cellspacing="0" cellpadding="0"><tr><a name="bio" /> </p> <p><td colspan="2" height="20" bgcolor="#003366"><font color="#FFFFFF"><b>&nbsp;Biodiversity and Critical Natural Ecosystems</b></font></td></tr><tr><td><p align="left"> </p> <p>The unfettered exploitation of nature\'s riches - timber, petroleum, minerals and marine species, among others - is causing the destruction of priceless ecosystems and the many species within them. Many AIDA cases aim to protect important ecosystems and endangered species by preventing wanton natural resource extraction. These include efforts to block petroleum exploration near natural reserves and indigenous lands, to protect imperiled <a href="/?q=fisheries_home"><b>marine resources</b></a>, to prevent <a href="/?q=logging"><b>illegal logging</b></a> of native forests and threatened hardwood species, and to stop mining projects that might irreversibly harm key watersheds.</td><td><table width="10" border="1" cellpadding="0" cellspacing="0"><tr><td><img src="templates/aida/uploads/photos/NMFS_leatherback_closeup_benson-swfsc260.jpg" <br><div align="center"><font size="1"><i>AIDA\'s efforts in Costa Rica to protect nesting sites of the endangered Leatherback marine turtle have been successful! <br>(Photo: NOAA/NMFS)</i></font></div></td></tr></tr></table></td></tr></table><table width="100%" border="0" cellspacing="0" cellpadding="0"><tr><a name="trade" /> </p> <p><td colspan="2" height="20" bgcolor="#003366"><font color="#FFFFFF"><b>&nbsp;Trade and the Environment</b></font></td></tr><tr><td><p align="left"> </p> <p>In a global economy, intense competition for foreign investment can discourage countries from enforcing or strengthening their environmental laws. Limited government accountability exacerbates the risk that long-term environmental health will be sacrificed for policies aimed at attracting investment. Unfortunately, the benefits of such investment are often fleeting while the damage is not. </p> <p><p align="left"> </p> <p>AIDA works on three fronts to mitigate the potential impacts of globalization on environmental quality. First, we seek to hold <a href="/?q=laoroya"><b>multinational companies</b></a> and financial institutions that invest in Latin America accountable to the strictest international environmental standards, regardless of project location. Second, we promote inclusion of provisions for environmental protection and citizen participation within free trade regimes such as the Free Trade Area for the Americas. Lastly, AIDA uses mechanisms established by trade agreements to help enforce environmental laws.</td><td><table width="10" border="1" cellpadding="0" cellspacing="0"><tr><td><img src="templates/aida/uploads/photos/smelterwithmts260.jpg" <br><div align="center"><font size="1"><i>US owned smelter in La Oroya, Peru is causing significant environmental and human rights harms (Photo: Keith Slack)</i></font></div></td></tr></table></td></tr></table></p> ','', '', NOW(), 1),
              (1003,1003,1,'Areas de Trabajo', '<p>Existe una gran variedad de casos en AIDA y en las estrategias que utilizamos, pero generalmente nuestro trabajo se divide en tres categorías: <b>\'<a href="#human_rights">Derechos Humanos y Medio Ambiente</a>\', \'<a href="#biodiversity">Biodiversidad y Ecosistemas Críticos</a>\'</b> and <b>\'<a href="#trade">Comercio y Medio Ambiente</a>\'.</b> </p> <p><table width="100%" border="0" cellspacing="0" cellpadding="0"><tr><a name="human_rights" /> </p> <p><td colspan="2" height="20" bgcolor="#003366"><font color="#FFFFFF"><strong>&nbsp;Derechos Humanos y Medio Ambiente</strong></font></td></tr><tr><td><p align="left"> </p> <p>Los derechos humanos fundamentales como el derecho a la vida, a la salud, a la seguridad física, y a medios de sobre vivencia dependen directamente de la salud ambiental. Lamentablemente, los sistemas legales y políticos de muchas naciones no protegen estos derechos básicos, sobre todo cuando se trata de minorías y comunidades pobres. AIDA aboga a favor de las leyes y acuerdos que protegen el <a href="/?q=humanrights"><b>derecho humano a un ambiente</b></a> saludable. Nuestros esfuerzos van dirigidos a proteger comunidades desalojadas por la <a href="/?q=laparota_home"><b>construcción de mega-represas</b></a>, a prevenir que la contaminación tóxica emitida por complejos industriales afecte a las comunidades cercanas y a luchar en la prevención de proyectos de extracción masiva de recursos naturales, que amenazan la cultura o la supervivencia de las comunidades indígenas.</td><td><table width="10" border="1" cellpadding="0" cellspacing="0"><tr><td><img src="templates/aida/uploads/photos/laparotaman260.jpg"> <br><div align="center"><font size="1"><i>La Comunidad de La Parota se opone a la construcción de la represa que reubicará a más de 25,000 habitantes</i></font></div></td></tr></table></td></tr></table><table width="100%" border="0" cellspacing="0" cellpadding="0"><tr><a name="biodiversity" /> </p> <p><td colspan="2" height="20" bgcolor="#003366"><font color="#FFFFFF"><b>&nbsp;Biodiversidad y Ecosistemas Naturales Críticos</b></font></td></tr><tr><td><p align="left"> </p> <p>La explotación desenfrenada de la naturaleza — árboles maderables, petróleo, minerales y especies marinas, entre otros — está causando la destrucción de ecosistemas valiosos y de las especies que habitan dentro de éstos. Muchos de los proyectos de AIDA tienen como fin la protección de ecosistemas importantes y de especies en peligro de extinción, previniendo que los recursos naturales sean extraídos de forma desenfrenada. Lo dicho incluye nuestros esfuerzos para prevenir la exploración petrolera en zonas cercanas a reservas naturales y a tierras indígenas, la protección de recursos marinos, y la prevención de la tala ilegal de bosques nativos y de especies de árboles en peligro de extinción. También trabajamos para impedir proyectos de minería que podrían dañar irreparablemente a cuencas hídricas de importancia vital.</td><td><table width="10" border="1" cellpadding="0" cellspacing="0"><tr><td><img src="templates/aida/uploads/photos/NMFS_leatherback_closeup_benson-swfsc260.jpg" <br><div align="center"><font size="1"><i>¡El esfuerzo de AIDA por proteger los sitios de anidación de la tortuga baula en Costa Rica ha tenido éxito! <br>(Foto:NOAA/NMFS)</i></font></div></td></tr></tr></table></td></tr></table><table width="100%" border="0" cellspacing="0" cellpadding="0"><tr><a name="trade" /> </p> <p><td colspan="2" height="20" bgcolor="#003366"><font color="#FFFFFF"><b>&nbsp;Comercio y Medio Ambiente</b></font></td></tr><tr><td><p align="left"> </p> <p>En una economía globalizada, los países a menudo sacrifican el cumplimiento y el fortalecimiento de sus normas ambientales a favor de la inversión extranjera. La responsabilidad limitada de parte del gobierno ayuda a que, a largo plazo, la salud ambiental sea ignorada en nombre de políticas diseñadas para atraer la inversión. Desgraciadamente, los beneficios de dicha inversión son pocos comparados con la magnitud del daño causado. </p> <p><p align="left"> </p> <p>AIDA trabaja en tres diferentes campos con el propósito de mitigar los posibles impactos del proceso de globalización en la calidad del medio ambiente. Primero, buscamos que las compañías multinacionales e instituciones financieras que invierten en Latinoamérica, cumplan con los más estrictos estándares internacionales de control en lo referente al medio ambiente, sin importar la ubicación del proyecto. Segundo, promovemos la inclusión de estipulaciones para la protección del medio ambiente y la participación ciudadana dentro de los regímenes de libre comercio, como sería el Area de Libre Comercio de las Américas. Finalmente, AIDA utiliza los mecanismos establecidos por los acuerdos de libre comercio para ayudar a que las leyes ambientales se cumplan.</td><td><table width="10" border="1" cellpadding="0" cellspacing="0"><tr><td><img src="templates/aida/uploads/photos/smelterwithmts260.jpg" <br><div align="center"><font size="1"><i>La compañía metalúrgica estadounidense, Doe Run, está causando significativos daños ambientales y a los derechos humanos en La Oroya, Perú (Foto: Keith Snack)</i></font></div></td></tr></table></td></tr></table></p> ', '', '', NOW(), 1);
INSERT INTO url_alias (src, dst, language) VALUES ('node/3','program_areas','en');
INSERT INTO url_alias (src, dst, language) VALUES ('node/1003','program_areas','es');
INSERT INTO node
            (nid,            vid,            type,  language,title,             uid, status, created, changed, comment, promote, moderate, sticky, tnid, translate) VALUES
            (4,     4,     'book','en',    'Shared Environmental Problems',1,   1,      NOW(),   NOW(), 0,0,0,0,4,0),
            (1004,1004,'book','es',    'Problemas Ambientales Comunes',1,   1,      NOW(),   NOW(), 0,0,0,0,4,0);
INSERT INTO book (mlid, nid, bid) VALUES (10006,4,1),(10007,1004,1001);
INSERT INTO node_revisions
              (nid,       vid,       uid, title,              body,             teaser,          log, timestamp,format) VALUES
              (4,4,1,   'Shared Environmental Problems', '<p>International environmental problems now threaten the integrity of our planet. As the twenty-first century unfolds, citizens and organizations across the globe must unite to address many pressing concerns, including the decline in fresh-water and food resources, the proliferation of toxics, global warming, and the decimation of biological diversity. These problems were not created single-handedly, and cannot be resolved unilaterally. </p> <p></p></p> <p><p></p> <p> Further, in a world with rising population pressures and a global economy, precious natural ecosystems face profound threats from those who seek abundant resources, cheap labor, and weak or poorly enforced environmental standards. Though strict domestic regulations can help protect the environment in industrialized nations, they may also drive some of the most harmful extractive activities to less developed regions. The environmental impacts of this migration can be particularly severe in countries that lack effective regulatory systems or mechanisms for public participation. Unfortunately, many of our hemisphere&#146;s ecological treasures are in such countries.</p> <p></p></p> <p><p></p> <p> To face these and other critical challenges, we must create international mechanisms to hold nations and private parties responsible for their actions. AIDA&#146;s strategies to address international environmental problems are based on four <a href="/?q=principles:">fundamental principles</a>. </p> <p></p></p> ','', '', NOW(), 1),
              (1004,1004,1,'Problemas Ambientales Comunes', '<p>Los problemas ambientales internacionales amenazan ahora la totalidad de nuestro planeta. Conforme va entrando el siglo XXI, los ciudadanos y organizaciones de todo el mundo deben unirse para enfrentar varios problemas acuciantes, incluyendo la disminución de agua dulce y fuentes de alimento, la proliferación de tóxicos, el calentamiento global y la pérdida de la diversidad biológica. Estos problemas no fueron creados por solo una entidad y por lo tanto no pueden ser resueltos unilateralmente.</p> <p> Además, en un mundo en donde la explosión demográfica se ahonda y dentro de una economía globalizada, valiosos ecosistemas naturales enfrentan profundas amenazas por parte de quienes buscan recursos en abundancia, mano de obra barata y estándares ambientales débiles o poco exigibles. Aunque algunas medidas domésticas estrictas pueden ayudar a proteger el ambiente en los países industrializados, éstos mismos pueden también llevar algunas de las actividades de extracción más dañinas a las regiones menos desarrolladas. Los impactos ambientales de esta migraci&oacute;n pueden ser particularmente severos en los pa&iacute;ses que carecen de sistemas regulatorios efectivos o de mecanismos de participación pública. Desafortunadamente, muchos de los tesoros ecológicos de nuestro continente se encuentran en esos países.</p> <p> Para poder enfrentar estos y otros desafíos críticos, debemos crear mecanismos internacionales para que las naciones y los particulares sean responsabilizados por sus acciones. Las estrategias que utiliza AIDA para abordar problemas ambientales internacionales están basadas en cuatro {PAGE5:principios fundamentales}.</p> ', '', '', NOW(), 1);
INSERT INTO url_alias (src, dst, language) VALUES ('node/4','problems','en');
INSERT INTO url_alias (src, dst, language) VALUES ('node/1004','problems','es');
INSERT INTO node
            (nid,            vid,            type,  language,title,             uid, status, created, changed, comment, promote, moderate, sticky, tnid, translate) VALUES
            (5,     5,     'book','en',    'The principles behind AIDA`s work',1,   1,      NOW(),   NOW(), 0,0,0,0,5,0),
            (1005,1005,'book','es',    'Los principios que impulsan el trabajo de AIDA',1,   1,      NOW(),   NOW(), 0,0,0,0,5,0);
INSERT INTO book (mlid, nid, bid) VALUES (10008,5,1),(10009,1005,1001);
INSERT INTO node_revisions
              (nid,       vid,       uid, title,              body,             teaser,          log, timestamp,format) VALUES
              (5,5,1,   'The principles behind AIDA`s work', '



<p>

 AIDA\'s varied strategies &#151; such as applying international environmental treaties, pursuing cases simultaneously in the legal systems of more than once country to address a common problem, or appearing before international tribunals to protect citizens and the environment &#151; are based on four fundamental principles:

</p>

<ol>

      <li>

                <a href="#transnational_collaboration">Transnational Collaboration</a>

      </li>

       <li>

                <a href="#international_environmental_law">International Environmental Law</a>

      </li>

       <li>

                <a href="#environmental_justice">Environmental Justice</a>

  </li>

       <li>

                <a href="#citizen_enforcement">Citizen Enforcement</a>

      </li>

</ol>

<h4><a name="transnational_collaboration">Transnational Collaboration </a></h4>

<p>

    Mining activities in Venezuela threaten Colombian forests, polluted waters flow from Mexico into the United States, the dredging of Bolivian rivers harms precious Brazilian wetlands, and over-consumption in the United States threatens valuable resources throughout the hemisphere. Through international partnerships, AIDA represents communities that otherwise would not have access to the legal and political systems of foreign states, and helps organizations correct and prevent environmental problems at the source &#151; regardless of national boundaries.

</p>

<h4><a name="international_environmental_law">International Environmental Law</a></h4>

<p>

     International treaties for environmental protection have had limited success because they lack incentives and mechanisms for enforcement. In addition, free-trade agreements often directly conflict with environmental laws. AIDA advocates for more effective implementation of international environmental agreements. To this end, AIDA designs international strategies to involve &#151; and, when appropriate, strengthen the role of &#151; the international institutions that have been charged by nations with helping preserve our environment. 

</p>

<h4><a name="environmental_justice">Environmental Justice</a></h4>

<p>

   Governments and corporations should not profit from economic, technical, or legislative disparities between nations at the expense of human health or environmental quality. Today, confronted with stringent environmental standards elsewhere, many parties are choosing to exploit the rich marine, forest, and geologic resources of the south. AIDA holds industries responsible for the environmental effects of their actions and for applying high environmental standards throughout the Americas.

</p>

<h4><a name="citizen_enforcement">Citizen Enforcement</a></h4>

<p>

        Citizen enforcement and public participation in legal and policy decisions have proven highly effective in preventing environmental destruction. AIDA actively engages in citizen enforcement of national and international environmental laws, and promotes the development of mechanisms by which citizens can protect their right to a healthy environment. AIDA also brings to the international environmental law and trade debate a voice for a point of view that has for too long been absent: that of the public interest groups that must try to enforce the laws and treaties when the governments themselves fail.

</p>','', '', NOW(), 1),
              (1005,1005,1,'Los principios que impulsan el trabajo de AIDA', '<p>Las diversas estrategias de AIDA — la aplicación de tratados ambientales internacionales, llevando simultáneamente casos en los sistemas legales de múltiples países para abordar un problema común, o presentándose en tribunales internacionales para defender el derecho de un país a proteger a sus ciudadanos y su medio ambiente — están basadas en cuatro principios fundamentales: </p> <p> </p> <p> <ol> <li><a href="#transnational_collaboration">Colaboración Transfronteriza</a></li> <li><a href="#international_environmental_law">Tratados Internacionales</a></li> <li><a href="#environmental_justice">Justicia Ambiental</a></li> <li><a href="#citizen_enforcement">Aplicación y Cumplimiento de las Leyes Ambientales</a></li></ol> <h4><a name="transnational_collaboration">Colaboración Transfronteriza</a></h4> Las actividades mineras en Venezuela amenazan a los bosques colombianos; las aguas contaminadas fluyen de México a los Estados Unidos; el dragado de los ríos bolivianos daña los valiosos pantanales brasileños, y el sobre-consumo en los Estados Unidos amenaza los valiosos recursos de todo el hemisferio. A través de contrapartes internacionales, AIDA representa a comunidades que de otra manera no tendrían acceso a los sistemas legales y políticos de Estados vecinos, y ayuda a que las organizaciones corrijan y prevengan problemas ambientales en su origen — sin ser detenidas por fronteras nacionales. <h4><a name="international_environmental_law">Tratados Internacionales</a></h4> Los tratados internacionales para la protección ambiental han tenido un éxito limitado porque carecen de los incentivos y mecanismos para su cumplimiento. Además, los acuerdos de libre comercio a menudo entran en conflicto con las leyes ambientales. AIDA aboga por acuerdos ambientales internacionales más efectivos. Con este objetivo en mente, AIDA concibe estrategias internacionales para involucrar y fortalecer el papel de las instituciones internacionales que ayudan a proteger nuestro ambiente. <h4><a name="environmental_justice">Justicia Ambiental</a></h4> Los gobiernos y corporaciones no deberían obtener beneficios de las disparidades económicas, técnicas o legales entre las naciones a costa de la salud humana o la calidad ambiental. Hoy en día, al enfrentar estándares ambientales severos en otros lugares, muchos grupos de interés están optando por la explotación de ricos recursos marinos, forestales y geológicos del sur. AIDA sostiene que los promotores del desarrollo son responsables de los efectos ambientales de sus acciones y de la aplicación de altos estándares ambientales en las Américas. <h4><a name="citizen_enforcement">Aplicación y Cumplimiento de las Leyes Ambientales</a></h4> La participación ciudadana en la aplicación y cumplimiento de leyes ambientales y en la toma de decisiones en este campo, ha demostrado ser más efectiva en la prevención del deterioro ambiental. AIDA está activamente involucrada en el seguimiento ciudadano para promover el cumplimiento de leyes ambientales nacionales e internacionales, y en la promoci&oacute;n de mecanismos para que los ciudadanos puedan proteger su derecho a un ambiente saludable. AIDA también le da voz a un punto de vista que durante mucho tiempo no ha participado en el debate sobre el derecho ambiental internacional y el comercio, que es el de los grupos de interés público que tratan de asegurar el cumplimiento de las leyes y tratados cuando los gobiernos no lo hacen.</p> ', '', '', NOW(), 1);
INSERT INTO url_alias (src, dst, language) VALUES ('node/5','principles','en');
INSERT INTO url_alias (src, dst, language) VALUES ('node/1005','principles','es');
INSERT INTO node
            (nid,            vid,            type,  language,title,             uid, status, created, changed, comment, promote, moderate, sticky, tnid, translate) VALUES
            (13,     13,     'page','en',    'La Oroya',1,   1,      NOW(),   NOW(), 0,0,0,0,13,0),
            (1013,1013,'page','es',    'La Oroya',1,   1,      NOW(),   NOW(), 0,0,0,0,13,0);
INSERT INTO book (mlid, nid, bid) VALUES (10010,13,1),(10011,1013,1001);
INSERT INTO node_revisions
              (nid,       vid,       uid, title,              body,             teaser,          log, timestamp,format) VALUES
              (13,13,1,   'La Oroya', '<p><center><a href="/?q=lo_subscribe"><b> <FONT COLOR="#ff8000"> Sign up now for La Oroya News!</FONT></b></a></center> </p> <p><a href="http://www.doerun.com">Doe Run</a> Peru (DRP) and its renowned parent-corporation in the Missouri lead-belt purchased the La Oroya multi-metal smelting facility in 1997. This complex is a tremendous source of <a href="/?q=laoroya.contaminants">heavy metal and sulfur dioxide emissions</a>, and is to blame for severe public health problems in the poor, Andean city where it is located. Respiratory problems caused by sulfur dioxide contamination and lead poisoning are particularly widespread. In fact, according to <a href="/?q=laoroya.health_statistics">a 1999 study</a> by the Ministry of Health, 99.1% of the children in La Oroya suffered from lead poisoning while nearly 20% needed urgent hospitalization. Unfortunately, little medical care is available, and even if it were, medical treatment would mean little as long the reckless environmental contamination continues. Because lead inhibits neurological development in children, the thousands of children poisoned by the smelter will be impaired for life. </p> <p> </p> <p>Sadly, even after seeing these shocking results in 1999, the Peruvian Ministry of Health took no action to treat the children of La Oroya, limit exposure, or educate the public about the health risks. Numerous subsequent <a href="/?q=laoroya.enviroquality">environmental</a> and <a href="/?q=laoroya.studies">health</a> studies have shown that the situation in La Oroya remains critical. This is not surprising, considering <a href="/?q=laoroya.environmental_conditions">environmental conditions</a> in the city. </p> <p> </p> <p>AIDA has used varied strategies in our efforts to improve environmental conditions and protect public health in La Oroya. Most recently, we submitted a request for <a href="/?q=laoroya.pressreleases">Precautionary Measures</a> to the Interamerican Commission on Human Rights on behalf of citizens in La Oroya. We also helped <a href="http://www.spda.org.pe/">SPDA</a> with a <a href="/?q=laoroya.legalvictory0606">compliance suit</a> against the Peruvian Ministry of Health, to demand that the Ministry implement an emergency plan to protect public health in La Oroya. </p> <p>Since 1998, AIDA has educated local NGOs, government agencies, and the affected community regarding the contamination and health problems the city confronts. In 2002, we published <a href="/?q=la_oroya_cannot_wait">“La Oroya Cannot Wait”</a> which helped kick-start the international campaign to protect health in La Oroya. Throughout our efforts, we work to ensure that government authorities, the company, and civil society all take a constructive and proactive role in finding solutions to address the public health disaster in La Oroya. </p> <p> <br></p> <p><table width="10%" border="0" align="center" cellspacing="2" cellpadding="0"><tr><td><object width="200" height="149" vspace="1" align="top"><param name="movie" value="http://www.youtube.com/v/Kpwu8DOmzoU&hl=en&fs=1"></param><param name="allowFullScreen" value="true"></param><embed src="http://www.youtube.com/v/Kpwu8DOmzoU&hl=en&fs=1" type="application/x-shockwave-flash" allowfullscreen="true" width="220" height="190"></embed></object></td><td><object width="200" height="149"><param name="movie" value="http://www.youtube.com/v/ihIhgV-OFXo&hl=en&fs=1"></param><param name="allowFullScreen" value="true"></param><param name="allowscriptaccess" value="always"></param><embed src="http://www.youtube.com/v/ihIhgV-OFXo&hl=en&fs=1" type="application/x-shockwave-flash" allowscriptaccess="always" allowfullscreen="true" width="220" height="190"></embed></object></td></tr><tr><td height="1%"> </p> <p> <div align="center">Click play to watch <i>House of Lead: A Story of Greed </i></div></td><td height="1%"> </p> <p><div align="center">Click play to watch <a href="http://english.aljazeera.net/programmes/peopleandpower/2008/11/20081126133623256796.html">Al Jazeera\'s <i>Gasping for Air</i></a></div></td></tr></table></p> ','', '', NOW(), 1),
              (1013,1013,1,'La Oroya', '<p><center><a href="/?q=lo_subscribe"><b> <FONT COLOR="#ff8000">¡Inscribase a La Oroya Noticias!</FONT></b></a></center> </p> <p>En 1997, <a href="http://www.doerun.com">Doe Run</a> Perú (DRP) junto con la reconocida socia del cinturón de plomo en Missouri, compraron la planta de fundición de metales múltiples de La Oroya. Este complejo es una enorme {PAGElaoroya.contaminants fuente de metales pesados y de emisiones de dióxido de azufre} y es la culpable de severos problemas de salud pública en la pequeña ciudad Andina en donde la industria esta ubicada. Dos de los efectos en la salud que están particularmente extendidos son el envenenamiento con plomo y los problemas respiratorios crónicos. De hecho y de acuerdo con {PAGElaoroya.health_statistics un estudio realizado por el Ministerio de Salud en 1999}, el 99.1% de los niños en La Oroya sufren de intoxicación por plomo, mientras que el 20% requieren urgentemente de hospitalización. </p> <p>Desgraciadamente hay muy poca atención médica disponible, pero incluso en caso de que hubiera, los tratamientos médicos no brindarán mayor diferencia, mientras que la contaminación ambiental descontrolada continúe. Especialmente preocupante es el hecho que el plomo inhibe el desarrollo neurológico de los niños, por lo cual miles de niños envenenados por la fundición, podrían sufrir daños permanentes. </p> <p>Tristemente, y a pesar de haber visto los resultados impactantes en 1999, el Ministerio de Salud Peruano no ha tomado medidas para tratar a los niños de La Oroya, limitar la exposición o educar al público acerca de los riesgos en la salud. Postreriormente numerosos estudios <a href="/?q=laoroya.enviroquality">ambientales</a> y de <a href="/?q=laoroya.studies">salud</a> han demostrado que la situación en La Oroya continúa siendo crítica. Esto no es sorprendente, considerando las <a href="/?q=laoroya.environmental_conditions">condiciones ambientales</a> de la ciudad. </p> <p> </p> <p>AIDA ha usado varias estrategias para mejorar para mejorar las condiciones ambientales y proteger la salud pública en La Oroya. Recientemente presentamos una <a href="/?q=laoroya.pressreleases">Petición de Medidas Cautelares</a> ante la Comisión Interamericana de Derechos Humanos en representación de los pobladores de La Oroya. También ayudamos a la <a href="http://www.spda.org.pe/">SPDA</a> en el litigio de una <a href="/?q=laoroya.legalvictory0606">acción de cumplimiento</a> en contra del Ministerio de Salud Peruano para exigir la implementación de un plan de emergencia con el fin de proteger la salud pública en La Oroya. </p> <p>Desde 1998 AIDA ha estado educando a ONGs locales, entidades gubernamentales y a la comunidad afectada respecto de los problemas de contaminación y de salud que la ciudad enfrenta. In 2002 publicamos <a href="/?q=la_oroya_cannot_wait">“La Oroya No Espera”</a>, un libro que ayudó a iniciar la campaña internacional para proteger la salud en la ciudad. A través de nuestros esfuerzos, trabajamos para asegurar que tanto las autoridades gubernamentales, como la compañía y la sociedad civil tomen un papel constructivo y proactivo que lleve a encontrar soluciones para abordar el desastre de salud pública en La Oroya. </p> <p> <br></p> <p><table width="10%" border="0" align="center" cellspacing="2" cellpadding="0"><tr><td><object width="200" height="149" vspace="1" align="top"><param name="movie" value="http://www.youtube.com/v/Kpwu8DOmzoU&hl=en&fs=1"></param><param name="allowFullScreen" value="true"></param><embed src="http://www.youtube.com/v/Kpwu8DOmzoU&hl=en&fs=1" type="application/x-shockwave-flash" allowfullscreen="true" width="220" height="190"></embed></object></td><td><object width="200" height="149"><param name="movie" value="http://www.youtube.com/v/ihIhgV-OFXo&hl=en&fs=1"></param><param name="allowFullScreen" value="true"></param><param name="allowscriptaccess" value="always"></param><embed src="http://www.youtube.com/v/ihIhgV-OFXo&hl=en&fs=1" type="application/x-shockwave-flash" allowscriptaccess="always" allowfullscreen="true" width="220" height="190"></embed></object></td></tr><tr><td height="1%"> </p> <p> <div align="center">Presione reproducir para mirar <i>La casa del plomo: una historia de codicia</i></div></td><td height="1%"> </p> <p><div align="center">Presione reproducir para mirar <a href="http://english.aljazeera.net/programmes/peopleandpower/2008/11/20081126133623256796.html">Al Jazeera\'s <i>Respirar con dificultad</i></a></div></td></tr></table></p> ', '', '', NOW(), 1);
INSERT INTO url_alias (src, dst, language) VALUES ('node/13','laoroya','en');
INSERT INTO url_alias (src, dst, language) VALUES ('node/1013','laoroya','es');
INSERT INTO node
            (nid,            vid,            type,  language,title,             uid, status, created, changed, comment, promote, moderate, sticky, tnid, translate) VALUES
            (8,     8,     'page','en',    'Helping',1,   1,      NOW(),   NOW(), 0,0,0,0,8,0),
            (1008,1008,'page','es',    'Colaborando',1,   1,      NOW(),   NOW(), 0,0,0,0,8,0);
INSERT INTO book (mlid, nid, bid) VALUES (10012,8,1),(10013,1008,1001);
INSERT INTO node_revisions
              (nid,       vid,       uid, title,              body,             teaser,          log, timestamp,format) VALUES
              (8,8,1,   'Helping', '<p>As an individual, there are many ways to support AIDA and help fight for environmental protection in the Western Hemisphere: </p> <p> <ul> <li><a href="/?q=subscribe"><b>Sign up now for our monthly updates</b></a> and stay informed! <li><b>Donate</b></li> <ul> <li><a href="http://www.guidestar.org/partners/networkforgood/donate.jsp?ein=94-3292116">Online Donations</a></li> <li>{DOC Donate.pdf By Mail, PDF format}</li></ul> <li><b><a href="/?q=help_volunteer">Volunteer and Internship Opportunities</a></b></li> <li><b><a href="/?q=help_products">Products</a></b></li></ul> </p> <p><b>In-Kind Donations</b> </p> <p>If you can make an <b>in-kind donation</b> of artwork or photos for publications, computer or communications equipment, or other professional skills, please contact the <a href="/?q=partorgs">AIDA participating organization</a> nearest you. </p> <p> </p> <p>Thank you for your support!</p> ','', '', NOW(), 1),
              (1008,1008,1,'Colaborando', '<p>Como persona, hay muchas formas de apoyar a AIDA y ayudar en la lucha por la protección ambiental en el hemisferio occidental. </p> <p> <ul> <li><a href="/?q=subscribe"><b>Suscríbase ahora a nuestras actualizaciones mensuales</b></a> y manténgase informado! <li><b>Donar</b></li> <ul> <li><a href="http://www.guidestar.org/partners/networkforgood/donate.jsp?ein=94-3292116">Donaciones en línea</a></li> <li>{DOC Donar.pdf Por correo (en formato pdf)}</li></ul> <li><b><a href="/?q=help_volunteer">Pasantías y Oportunidades para Voluntar</a></b></li> <li><b><a href="/?q=help_products">Productos</a></b></li></ul> </p> <p><b>Donaciones en Especie</b> </p> <p>Si usted desea realizar una <b>donación en especie</b> de obras de arte o fotografías para publicaciones, equipos de computación o de comunicación, u otros aportes profesionales, por favor contacte a la <a href="/?q=partorgs">oficina de AIDA más cercana</a>. </p> <p>Gracias por su apoyo!</p> ', '', '', NOW(), 1);
INSERT INTO url_alias (src, dst, language) VALUES ('node/8','help','en');
INSERT INTO url_alias (src, dst, language) VALUES ('node/1008','help','es');
INSERT INTO node
            (nid,            vid,            type,  language,title,             uid, status, created, changed, comment, promote, moderate, sticky, tnid, translate) VALUES
            (9,     9,     'book','en',    'Contact',1,   1,      NOW(),   NOW(), 0,0,0,0,9,0),
            (1009,1009,'book','es',    'Contáctenos',1,   1,      NOW(),   NOW(), 0,0,0,0,9,0);
INSERT INTO book (mlid, nid, bid) VALUES (10014,9,1),(10015,1009,1001);
INSERT INTO node_revisions
              (nid,       vid,       uid, title,              body,             teaser,          log, timestamp,format) VALUES
              (9,9,1,   'Contact', '<p><HR WIDTH="75%" COLOR="#0000CD" SIZE="2"> </p> <p><center><font color="#0000CD">Are you interested in hearing about the latest developments in AIDA’s work? </p> <p><a href="/?q=subscribe"><b><font color="#0000CD">Sign up now for our monthly updates</font></b></a> and stay informed!</font></center> </p> <p><HR WIDTH="75%" COLOR="#0000CD" SIZE="2"> </p> <p>You may contact AIDA at the addresses below, or through any of our <a href="/?q=partorgs">participating organizations</a>. </p> <p><html> </p> <p><body> </p> <p><table border="0" width="100%" cellpadding="10"><tr><td width="50%" valign="top"> </p> <p><b>U.S. Address</b> </p> <p>AIDA c/o Earthjustice <br />426 17<sup>th</sup> Street, 6<sup>th</sup> Floor <br />Oakland, CA 94612 <br />USA </p> <p><b>Telephone</b>: (510) 550-6753 </p> <p><b>Fax</b>: (510) 550-6740 </p> <p><b>Email</b>: <h>aida@aida-americas.org</h></td><td width="50%" valign="top"> </p> <p><b>Mexico Address</b> </p> <p>AIDA c/o CEMDA <br />Atlixco 138, Colonia Condesa <br />Mexico, DF 06140 <br />Mexico </p> <p><b>Telephone/Fax</b>: 52-55 52120141 </p> <p><b>Email</b>: <h>aida@aida-americas.org</h></td></tr></table></body> </p> <p></html></p> ','', '', NOW(), 1),
              (1009,1009,1,'Contáctenos', '<p><HR WIDTH="85%" COLOR="#0000CD" SIZE="2"> </p> <p><center><font color="#0000CD">Tiene interés en saber más sobre los más recientes progresos en el trabajo de AIDA? </p> <p><a href="/?q=subscribe"><b><font color="#0000CD">Suscríbase ahora a nuestras actualizaciones mensuales</font></b></a> y manténgase informado! </font></center> </p> <p><HR WIDTH="85%" COLOR="#0000CD" SIZE="2"> </p> <p>Puede comunicarse con AIDA en la siguiente dirección o a través de cualquiera de las <a href="/?q=partorgs">organizaciones participantes</a>. </p> <p><html> </p> <p><body> </p> <p><table border="0" width="100%" cellpadding="10"><tr><td width="50%" valign="top"> </p> <p><b>Dirección en los Estados Unidos</b> </p> <p>AIDA c/o Earthjustice <br />426 17<sup>th</sup> Street, 6<sup>th</sup> Floor <br />Oakland, CA 94612 <br />USA </p> <p><b>Telephone</b>: (510) 550-6753 </p> <p><b>Fax</b>: (510) 550-6740 </p> <p><b>Correo electrónico</b>: <h>aida@aida-americas.org</h></td><td width="50%" valign="top"> </p> <p><b>Dirección de México</b> </p> <p>AIDA c/o CEMDA <br />Atlixco 138, Colonia Condesa <br />Mexico, DF 06140 <br />Mexico </p> <p><b>Telephone/Fax</b>: 52-55 52120141 </p> <p><b>Correo electrónico</b>: <h>aida@aida-americas.org</h></td></tr></table></body> </p> <p></html></p> ', '', '', NOW(), 1);
INSERT INTO url_alias (src, dst, language) VALUES ('node/9','contact','en');
INSERT INTO url_alias (src, dst, language) VALUES ('node/1009','contact','es');
INSERT INTO node
            (nid,            vid,            type,  language,title,             uid, status, created, changed, comment, promote, moderate, sticky, tnid, translate) VALUES
            (10,     10,     'page','en',    'Donate to AIDA',1,   1,      NOW(),   NOW(), 0,0,0,0,10,0),
            (1010,1010,'page','es',    'Apoye a AIDA',1,   1,      NOW(),   NOW(), 0,0,0,0,10,0);
INSERT INTO book (mlid, nid, bid) VALUES (10016,10,1),(10017,1010,1001);
INSERT INTO node_revisions
              (nid,       vid,       uid, title,              body,             teaser,          log, timestamp,format) VALUES
              (10,10,1,   'Donate to AIDA', '<p>AIDA depends on donations from friends and supporters to continue our fight for environmental protection and justice in the hemisphere. You can help by <a href="http://www.guidestar.org/partners/networkforgood/donate.jsp?ein=94-3292116"><b>donating online</b></a>, or by printing out a {DOC Donate.pdf <b>donation form</b>}</a> and mailing your payment. </p> <p><center><font color="#0000CD">Are you interested in hearing about the latest developments in AIDA’s work? <br /><a href="/?q=subscribe"><b><font color="#0000CD">Sign up now for our monthly updates</font></b></a> and stay informed!</font></center> </p> <p><a href="/?q=aidafinances"><b>AIDA Finances</b></a></p> ','', '', NOW(), 1),
              (1010,1010,1,'Apoye a AIDA', '<p>AIDA depende de donaciones de amigos y colaboradores para continuar nuestra lucha por la protección y la justicia ambiental en el hemisferio. Puede ayudar <a href="http://www.guidestar.org/partners/networkforgood/donate.jsp?ein=94-3292116"><b>donando en línea</b></a>, o imprimiendo y enviando por correo nuestro {DOC Donar.pdf <b>formato de donaciones</b>}</a>. </p> <p><center><font color="#0000CD">Tiene interés en saber más sobre los más recientes progresos en el trabajo de AIDA? <br /><a href="/?q=subscribe"><b><font color="#0000CD">Suscríbase ahora a nuestras actualizaciones mensuales</font></b></a> y manténgase informado! </font></center> </p> <p><a href="/?q=aidafinances"><b>Finanzas de AIDA</b></a></p> ', '', '', NOW(), 1);
INSERT INTO url_alias (src, dst, language) VALUES ('node/10','donate','en');
INSERT INTO url_alias (src, dst, language) VALUES ('node/1010','donate','es');
INSERT INTO node
            (nid,            vid,            type,  language,title,             uid, status, created, changed, comment, promote, moderate, sticky, tnid, translate) VALUES
            (11,     11,     'page','en',    'Participating Organizations',1,   1,      NOW(),   NOW(), 0,0,0,0,11,0),
            (1011,1011,'page','es',    'Organizaciones Participantes',1,   1,      NOW(),   NOW(), 0,0,0,0,11,0);
INSERT INTO book (mlid, nid, bid) VALUES (10018,11,1),(10019,1011,1001);
INSERT INTO node_revisions
              (nid,       vid,       uid, title,              body,             teaser,          log, timestamp,format) VALUES
              (11,11,1,   'Participating Organizations', '<p><table cellspacing="3" cellpadding="4" class="orgs"><tr><th class="country" width="30%"> </p> <p><b>Country</b> </p> <p></th> </p> <p><th class="org"> </p> <p><b>Organization(s)</b> </p> <p></th></tr><tr><td class="country"> </p> <p>Argentina</td><td class="org"> </p> <p><a href="http://www.cedha.org.ar/en/"><b>CEDHA</b> (Centro de Derechos Humanos y Ambiente, Center for Human Rights and Environment) </p> <p></a></td></tr><tr><td class="country"> </p> <p>Canada</td><td class="org"> </p> <p><a href="http://www.sierralegal.org/"><b>Ecojustice</b> </p> <p></a></td></tr><tr><td class="country"> </p> <p>Chile</td><td class="org"> </p> <p><a href="http://www.fima.cl"><b>FIMA</b> (Fiscalía del Medio Ambiente) </p> <p></a></td></tr><tr><td class="country" rowspan="2"> </p> <p>Costa Rica</td><td class="org"> </p> <p><a href="http://www.cedarena.org/"><b>CEDARENA</b> (Centro de Derecho Ambiental y de los Recursos Naturales, The Environmental and Natural Resources Law Center) </p> <p></a></td></tr><tr><td class="org"> </p> <p><a href="/?q=jpn"><b>JPN</b> (Justicia para la Naturaleza, Justice for Nature)</a></td></tr><tr><td class="country"> </p> <p>Ecuador</td><td class="org"> </p> <p><a href="http://www.ecolex-ec.org/"><b>ECOLEX</b> (Corporación de Gestión y Derecho Ambiental, Organization for Environmental Law and Management) </p> <p></a></td></tr><tr><td class="country"> </p> <p>Mexico</td><td class="org"> </p> <p><a href="http://www.cemda.org.mx/"><b>CEMDA</b> (Centro Mexicano de Derecho Ambiental, The Mexican Environmental Law Center) </p> <p></a></td></tr><tr><td class="country"> </p> <p>Peru</td><td class="org"> </p> <p><a href="http://www.spda.org.pe/"><b>SPDA</b> (Sociedad Peruana de Derecho Ambiental, The Peruvian Society for Environmental Law) </p> <p></a></td></tr><tr><td class="country"> </p> <p>United States</td><td class="org"> </p> <p><a href="http://www.earthjustice.org/"><b>Earthjustice</b> </p> <p></a></td></tr></table></p> ','', '', NOW(), 1),
              (1011,1011,1,'Organizaciones Participantes', '<p><table cellspacing="3" cellpadding="4" class="orgs"><tr><th class="country" width="30%"> </p> <p><b>País</b> </p> <p></th> </p> <p><th class="org"> </p> <p><b>Organización</b> </p> <p> </th></tr><tr><td class="country"> </p> <p> Argentina</td><td class="org"> </p> <p> <a href="http://www.cedha.org.ar/es/"><b>CEDHA</b> (Centro de Derechos Humanos y Ambiente, Center for Human Rights and Environment)</a></td></tr><tr><td class="country"> </p> <p> Canad&aacute;</td><td class="org"> </p> <p> <a href="http://www.sierralegal.org/"><b>Ecojustice</b></a></td></tr><tr><td class="country"> </p> <p> Chile</td><td class="org"> </p> <p><a href="http://www.fima.cl"><b>FIMA</b> (Fiscalía del Medio Ambiente)</a></tr><tr><td class="country" rowspan="2"> </p> <p> Costa Rica</td><td class="org"> </p> <p> <a href="http://www.cedarena.org/"><b>CEDARENA</b> (Centro de Derecho Ambiental y de los Recursos Naturales, The Environmental and Natural Resources Law Center)</a></td></tr><tr><td class="org"> </p> <p> <a href="partorgs/JPN-CResp.php"><b>JPN</b> (Justicia para la Naturaleza,Justice for Nature)</a></td></tr><tr><td class="country"> </p> <p> Ecuador</td><td class="org"> </p> <p> <a href="http://www.ecolex-ec.org/"><b>ECOLEX</b> (Corporación de Gestión y Derecho Ambiental, Organization for Environmental Law Management)</a></td></tr><tr><td class="country"> </p> <p> México</td><td class="org"> </p> <p> <a href="http://www.cemda.org.mx/"><b>CEMDA</b> (Centro Mexicano de Derecho Ambiental, The Mexican Environmental Law Center)</a></td></tr><tr><td class="country"> </p> <p> Perú</td><td class="org"> </p> <p> <a href="http://www.spda.org.pe/"><b>SPDA</b> (Sociedad Peruana de Derecho Ambiental, The Peruvian Society for Environmental Law)</a></td></tr><tr><td class="country"> </p> <p> Estados Unidos</td><td class="org"> </p> <p> <a href="http://www.earthjustice.org/"><b>Earthjustice</b></a></td></tr></table></p> ', '', '', NOW(), 1);
INSERT INTO url_alias (src, dst, language) VALUES ('node/11','partorgs','en');
INSERT INTO url_alias (src, dst, language) VALUES ('node/1011','partorgs','es');
INSERT INTO node
            (nid,            vid,            type,  language,title,             uid, status, created, changed, comment, promote, moderate, sticky, tnid, translate) VALUES
            (12,     12,     'page','en',    'Projects',1,   1,      NOW(),   NOW(), 0,0,0,0,12,0),
            (1012,1012,'page','es',    'Proyectos',1,   1,      NOW(),   NOW(), 0,0,0,0,12,0);
INSERT INTO book (mlid, nid, bid) VALUES (10020,12,1),(10021,1012,1001);
INSERT INTO node_revisions
              (nid,       vid,       uid, title,              body,             teaser,          log, timestamp,format) VALUES
              (12,12,1,   'Projects', '<p>AIDA\'s docket includes cases to protect biodiversity, indigenous peoples, critical ecosystems, and the human right to a healthy environment. The below are some of the issues we work on: </p> <p><table width="100%" border="0" cellpadding="0" cellspacing="0" bgcolor="#003366"><tr><td>&nbsp;<strong><font color="#FFFFFF">Human Rights Violations and the Environment</font></strong></td></tr></table> <ul></p> <p><a href="/?q=humanrights">General Description of the Human Rights and Environment Program</a> <li><a href="/?q=laoroya">La Oroya Smelting</a>- Lead poisoning and the Doe Run metal smelter in Peru</li> <li><a href="/?q=plancolombia">Plan Colombia</a>- Environmental Impacts and Human Rights Affected by the "War on Drugs" in Colombia</li> <li><a href="/?q=hrs_dams">Large Dams</a>- Environmental Impacts and Human Rights Violations</li> <ul> <li><a href="/?q=laparota_home">Hydroelectric Dam, La Parota</a>, Mexico</li></ul> <ul> <li><a href="/?q=baba">Baba Hydroelectric Project</a></ul> <li><a href="/?q=agenda_taller">Read about our Human Rights and Environment Workshops!</a></ul> </p> <p><table width="100%" border="0" cellpadding="0" cellspacing="0" bgcolor="#003366"><tr><td>&nbsp;<strong><font color="#FFFFFF">Marine Resources</font></strong></td></tr></table> <ul> <li><a href="/?q=fisheries_home">Ravaging the oceans - the impacts of commercial marine fisheries</a></li> <li><a href="/?q=turtles">Marine turtle protection</a></li> <ul> <li><a href="/?q=turtles.leatherback">Protecting the Leatherback Turtles</a></ul> <li><a href="/?q=aquaculture_home">Toward Sustainable Aquaculture</a></li></ul> </p> <p><table width="100%" border="0" cellpadding="0" cellspacing="0" bgcolor="#003366"><tr><td>&nbsp;<strong><font color="#FFFFFF">Preserving Precious Ecosystems</font></strong></td></tr></table> <ul> <li><a href="/?q=colombia_tribalrights">Colombian Constitutional Court upholds Tribal Peoples’ Right to Prior Consultation on Laws that Affect Them</a> <li><a href="/?q=turtles.leatherback">Leatherback National Marine Park</a>, Costa Rica</li> <li><a href="/?q=miramar">Open pit gold mining</a> in Bellavista de Miramar, Costa Rica</li> <li><a href="/?q=crucitas">Crucitas Mining Project</a>, Costa Rica <li><a href="/?q=logging">Illegal logging</a> of endangered mahogany in the Peruvian Amazon</li></ul></p> ','', '', NOW(), 1),
              (1012,1012,1,'Proyectos', '<p>La lista de casos de AIDA incluyen asuntos relacionados con protección al medio ambiente, pueblos indígenas, ecosistemas críticos y la protección del derecho humano a un ambiente sano. Muchos de nuestros casos están encaminados a controlar los impactos del libre comercio y de la inversión extranjera en industrias extractivas y dañinas al medio ambiente. Los siguientes son algunos de los temas en los que actualmente estamos trabajando: </p> <p><table width="100%" border="0" cellpadding="0" cellspacing="0" bgcolor="#003366"><tr><td>&nbsp;<strong><font color="#FFFFFF">Violaciones de Derechos Humanos y al Medio Ambiente</font></strong></td></tr></table> <ul></p> <p><a href="/?q=humanrights">Descripción General del Programa de Derechos Humanos y Ambiente</a> <li><a href="/?q=laoroya">La Oroya</a>: Contaminación por plomo por la fundición de metales de Doe Run en Perú</li> <li><a href="/?q=plancolombia">Plan Colombia</a>: Impactos ambientales y en los derechos humanos de la Guerra Contra las Drogas en Colombia</li> <li><a href="/?q=hrs_dams">Grandes Represas</a>: Impactos Ambientales y Violaciones a Derechos Humanos</li> <ul> <li><a href="/?q=laparota_home">Represa Hidroeléctrica La Parota</a></ul> <ul> <li><a href="/?q=185">Proyecto Multipropósito Baba</a></ul> <li><a href="/?q=agenda_taller">Lea acerca de nuestros Talleres de Derechos Humanos y Ambiente!</a> </p> <p></ul> </p> <p><table width="100%" border="0" cellpadding="0" cellspacing="0" bgcolor="#003366"><tr><td>&nbsp;<strong><font color="#FFFFFF">Recursos Marinos</font></strong></td></tr></table> <ul> <li><a href="/?q=fisheries_home">Arrasando con los océanos - los impactos de las pesquerías marinas industriales</a></li> <li><a href="/?q=turtles">Protección de Tortugas Marinas</a></li> <ul> <li><a href="/?q=turtles.leatherback">Protegiendo la Tortuga Baula</a></li></ul> <li><a href="/?q=aquaculture_home">Por una Acuicultura Sostenible</a></li></ul> </p> <p><table width="100%" border="0" cellpadding="0" cellspacing="0" bgcolor="#003366"><tr><td>&nbsp;<strong><font color="#FFFFFF">Conservación de Ecosistemas Valiosos</font></strong></td></tr></table> <ul> <li><a href="/?q=colombia_tribalrights">Corte Constitucional Colombiana Reitera Obligación de Consulta Previa a Pueblos Tribales en Leyes que los Afectan</a> <li><a href="/?q=turtles.leatherback">Parque Nacional Marino las Baulas</a>, Costa Rica</li> <li><a href="/?q=miramar">Minería de oro</a> a cielo abierto en Bellavista de Miramar, Costa Rica</li> <li><a href="/?q=crucitas">Proyecto Minero Crucitas</a>, Costa Rica <li><a href="/?q=logging">Tala ilegal</a> de caoba tropical en la Amazonía peruana</li></ul></p> ', '', '', NOW(), 1);
INSERT INTO url_alias (src, dst, language) VALUES ('node/12','projects','en');
INSERT INTO url_alias (src, dst, language) VALUES ('node/1012','projects','es');
INSERT INTO node
            (nid,            vid,            type,  language,title,             uid, status, created, changed, comment, promote, moderate, sticky, tnid, translate) VALUES
            (14,     14,     'book','en',    'The Struggle of the U`wa',1,   1,      NOW(),   NOW(), 0,0,0,0,14,0),
            (1014,1014,'book','es',    'La tribu U`wa de Colombia',1,   1,      NOW(),   NOW(), 0,0,0,0,14,0);
INSERT INTO book (mlid, nid, bid) VALUES (10022,14,1),(10023,1014,1001);
INSERT INTO node_revisions
              (nid,       vid,       uid, title,              body,             teaser,          log, timestamp,format) VALUES
              (14,14,1,   'The Struggle of the U`wa', '<p>The isolated U\'wa tribe is threatened because their ancestral territories contain petroleum reserves that the California-based Occidental Petroleum Corporation (OXY) and the Colombian government want to develop. Given the history of violence and immense environmental destruction associated with petroleum exploitation in Colombia, such a project could well destroy the U\'wa and the beautiful cloud forest they inhabit and protect. Furthermore, the U\'wa culture and religion -- according to which the U\'wa must protect their Mother Earth and at all cost prevent the taking of her &quot;blood&quot; (petroleum) -- would be devastated by the project. </p> <p> </p> <p> </p> <p> </p> <p> In 1998, the U\'wa brought their case before the Inter-American Commission on Human Rights, and a mediation process coordinated by the Organization of American States (OAS) began. </p> <p> </p> <p> </p> <p> </p> <p> As part of their struggle to protect their territory, the U\'wa have long sought expanded legal recognition of their rights to their traditional territory. In 1999, the government partially granted the U\'wa\'s request, expanding the U\'wa reserve. However, less than two weeks later, Colombia granted OXY a license to drill less than 500 meters from the border of the new reserve, on land within traditional U\'wa territory. </p> <p> </p> <p> </p> <p> </p> <p> Because the U\'wa\'s convictions make them opposed to any drilling on their ancient territories, they have persisted in their struggle, taking all possible legal actions, bringing their case to the international court of public opinion, and engaging in peaceful protests in Colombia. Nevertheless, drilling of the first exploratory well is underway. </p> <p> </p> <p> </p> <p> </p> <p> AIDA has followed and supported the U\'wa struggle since 1998 when lawyers from our participating organization in the United States, </p> <p> <a href="http://www.earthjustice.org"></p> <p> EarthJustice</a>, represented the tribe before at the OAS. The groups continue to provide legal assistance to the U\'wa with regard to international law. AIDA also helped review the Environmental Impact Study for the exploratory well and worked with petroleum experts to provide comments on the shortcomings of this study. </p> <p> </p> <p> </p> <p> </p> <p> For more information about the Struggle of the U\'wa see www.moles.org/ProjectUnderground/index1.html.</p> ','', '', NOW(), 1),
              (1014,1014,1,'La tribu U`wa de Colombia', '<p>La tribu U\'wa de Colombia se encuentra amenazada debido a que sus territorios ancestrales contienen reservas petroleras que la empresa estadounidense Occidental Petroleum Corporation (OXY) y el gobierno colombiano desean explotar. Se ha visto que la explotación de petróleo en Colombia trae consigo la violencia y una destrucción ambiental inmensa. Por lo tanto, el proyecto OXY destruiría a los U\'wa y al bosque vital que ellos habitan y protegen. Además, la cultura y religión U\'wa, cuyas creencias dictan que los U\'wa deben de proteger a la Madre Tierra y a todo costo prevenir su desangre (la "sangre" es el petróleo), serÌa impactada por el proyecto. </p> <p> </p> <p>En 1998 los U\'wa presentaron su caso ante la Comisión Interamericana de Derechos Humanos, abriendo así un proceso de mediación coordinado por la Organización de Estados Americanos (OEA). </p> <p> </p> <p> Como parte de su lucha para proteger su territorio, los U\'wa han buscado un mayor reconocimiento legal de sus derechos territoriales sobre las tierras ancestrales. En 1999, el gobierno colombiano les concedió en parte dicha petición, ampliando el resguardo territorial de los U\'wa. Sin embargo, apenas dos semanas después Colombia le otorgó a OXY licencias para perforar un pozo exploratorio a una distancia de menos de 500 metros del lÌmite del nuevo resguardo, en tierras ancestrales de los U\'wa. </p> <p> </p> <p> Las creencias de los U\'wa hacen que ellos se opongan a cualquier tipo de perforación en sus tierras ancestrales, y por lo tanto han perseverado en su lucha al tomar toda acción legal posible, presentando su caso ante la corte internacional de opinión pública y participando en protestas pacÌficas en Colombia. Aún así, el primer pozo exploratorio ya está siendo perforado. </p> <p> </p> <p> AIDA ha apoyado la lucha de los U\'wa desde 1998 cuando algunos abogados de nuestra organización participante en los Estados Unidos, EarthJustice, representaron a la tribu ante la OEA. Los grupos continÙan dando asistencia legal a los Uíwa en materia de derecho internacional. AIDA también presté su ayuda al revisar el Estudio de Impacto Ambiental que se realizó del pozo exploratorio, y trabajamos con expertos en petrÛleo para proveer comentarios en cuanto a los fallos de dicho estudio. </p> <p> </p> <p> Para mas información sobre La tribu U\'wa de Colombia, www.moles.org.</p> ', '', '', NOW(), 1);
INSERT INTO url_alias (src, dst, language) VALUES ('node/14','uwa','en');
INSERT INTO url_alias (src, dst, language) VALUES ('node/1014','uwa','es');
INSERT INTO node
            (nid,            vid,            type,  language,title,             uid, status, created, changed, comment, promote, moderate, sticky, tnid, translate) VALUES
            (17,     17,     'page','en',    'Marine Turtles',1,   1,      NOW(),   NOW(), 0,0,0,0,17,0),
            (1017,1017,'page','es',    'Tortugas Marinas',1,   1,      NOW(),   NOW(), 0,0,0,0,17,0);
INSERT INTO book (mlid, nid, bid) VALUES (10024,17,1),(10025,1017,1001);
INSERT INTO node_revisions
              (nid,       vid,       uid, title,              body,             teaser,          log, timestamp,format) VALUES
              (17,17,1,   'Marine Turtles', '<p>Sea turtles have been a focal point of conservation efforts for decades, and yet their numbers continue to drop at an alarming rate. All seven species of this ancient reptile are now endangered or threatened. </p> <p> </p> <p> </p> <p>Fortunately, six of these species still navigate the waters of the western hemisphere, the females returning to their natal beaches every few years to nest. Because of the highly migratory nature of sea turtles, international cooperation is necessary to confront the problems of pollution, legal and illegal consumption, habitat loss, and fishing bycatch that harm turtles. The degree of success of sea turtle conservation will not only determine the fate of the turtles, but also will influence the human communities and other species dependent on them. Successful revival of sea turtle populations also could clear the path for future international cooperation in the environmental arena. AIDA has been involved in legal actions that tackle many of the dangers now facing sea turtles. </p> <p>For more information about ocean biodiversity threats, read about our <a href="/?q=fisheries_home">fisheries project</a>.</p> ','', '', NOW(), 1),
              (1017,1017,1,'Tortugas Marinas', '<p>Por décadas las tortugas marinas han sido un objetivo esencial en la lucha conservacionista, a pesar de ello, su población sigue decreciendo a un ritmo alarmante. Actualmente las siete especies de este antiguo reptil se encuentran amenazadas o en peligro de extinción. </p> <p>Afortunadamente, seis de estas siete especies todavía se encuentran en aguas del hemisferio occidental. Los individuos en esta zona son las hembras que después de varios años, regresan a anidar a sus playas natales. La gran naturaleza migratoria de las tortugas marinas requiere de la cooperación internacional para contrarrestar las amenazas que enfrentan, como la contaminación, el consumo legal e ilegal, la pérdida de hábitat y la pesca incidental. El éxito de la conservación de las tortugas marinas no sólo va a determinar la suerte de esta especie, sino también va a beneficiar a las comunidades de seres humanos y a otras especies que dependen de ellas. La recuperación exitosa de las poblaciones de tortugas también puede despejar el camino para el futuro de la cooperación internacional en el campo ambiental. AIDA ha estado involucrada en acciones legales que abordan los peligros que las tortugas marinas enfrentan en la actualidad.</p> <p>Para más información, vea el {PAGE fisheries_home proyecto de pesquería} de AIDA.</p> ', '', '', NOW(), 1);
INSERT INTO url_alias (src, dst, language) VALUES ('node/17','turtles','en');
INSERT INTO url_alias (src, dst, language) VALUES ('node/1017','turtles','es');
INSERT INTO node
            (nid,            vid,            type,  language,title,             uid, status, created, changed, comment, promote, moderate, sticky, tnid, translate) VALUES
            (18,     18,     'page','en',    'Oil-free Costa Rica',1,   1,      NOW(),   NOW(), 0,0,0,0,18,0),
            (1018,1018,'page','es',    'Costa Rica Libre de Petróleo',1,   1,      NOW(),   NOW(), 0,0,0,0,18,0);
INSERT INTO book (mlid, nid, bid) VALUES (10026,18,1),(10027,1018,1001);
INSERT INTO node_revisions
              (nid,       vid,       uid, title,              body,             teaser,          log, timestamp,format) VALUES
              (18,18,1,   'Oil-free Costa Rica', '<p>The Caribbean coast of Costa Rica supports a dazzling array of critical ecosystems, including coral reefs, tropical rainforest, sea turtle nesting beaches, mangroves, and wetlands. Within these protected areas, endangered and threatened animals such as dolphins, sea turtles, manatees, spider monkeys, and birds of prey find valuable refuge. The region’s cultural diversity is also notable, encompassing lands of the indigenous Bribri and Cabecar groups in the South, numerous fishing and farming communities populated by Afro-Caribbean villagers, an urban black population in Limón, and abundant Tico and international visitors. The economy of the coast depends primarily on fisheries and a thriving eco-tourism industry. </p> <p>Oil and gas drilling can bring disastrous consequences for biodiverse ecosystems such as those of the Caribbean. In 1998, two US oil companies proposed to drill for oil very close to the Costa Rican coast, thus threatening the area’s rich marine biodiversity. However, thanks to three years of hard work by NGOs, the affected communities, and a great number of individuals committed to protecting the region, the Caribbean Coast of Costa Rica remains free from oil exploitation for the time being. Together with ADELA, a Costa Rican local organization, AIDA played a very important role in this struggle by petitioning the Ramsar Convention Secretariat to intervene in the proposed oil project. The petition was based on the fact that the proposed drilling threatened key coastal wetlands protected under the international treaty. AIDA’s action delayed the government’s approval of the project and created important opportunities for public participation and feedback. In the end, due to the civil society intervention, the Costa Rican government refused to grant permission for Harken Energy and MKJ Xplorations to proceed with the drilling. </p> <p><a href="/?q=press_release">THE PRESIDENT OF COSTA RICA PROMISES TO PROTECT COSTA RICA´S COASTAL ECOSYSTEMS FROM OIL DRILLING!</a> </p> <p>{DOC PETICION_RAMSAR_TALAMANCA.pdf AIDA´S PETITION TO THE RAMSAR CONVENTION}</p> ','', '', NOW(), 1),
              (1018,1018,1,'Costa Rica Libre de Petróleo', '<p>La costa del Caribe de Costa Rica resguarda un sinnúmero de diferentes ecosistemas, tales como los arrecifes de corales, los bosques tropicales, playas que albergan tortugas marinas, mangles o bosques tropicales, así como importantes humedales. Dentro de estas áreas protegidas diversos animales como delfines, tortugas de mar, manatíes, monos y aves de presa, encuentran un preciado refugio. Vale la pena mencionar la gran diversidad cultural de esta área, la cual abarca a grupos indígenas de Bribri y de Cabecar en el Sur, numerosos pescadores y agricultores de comunidades afro-caribeñas, poblaciones de habitantes negros en la zona urbana de Limón, así como también un gran número de costarricenses y visitantes internacionales. La economía costera se basa principalmente en la pesca y una próspera industria de eco-turismo. </p> <p>Las perforaciones petroleras traen consigo consecuencias desastrosas para el medio ambiente. En el año 1998 dos compañías petroleras estadounidenses se propusieron realizar perforaciones en busca de petróleo en el Caribe costarricense, muy cerca de la costa cuya riqueza en biodiversidad se hubiera visto afectada por los planes propuestos. Gracias al gran esfuerzo desplegado por numerosas organizaciones, la comunidad afectada, y un gran número de personas comprometidas con el medio ambiente quienes trabajaron arduamente durante los años 1999 a 2002, la Costa Caribeña de Costa Rica permanecerá libre de petróleo, al menos por el momento. AIDA junto a ADELA, una organización costarricense, jugaron un papel muy importante en esta lucha, al solicitar al Secretariado de la Convención de Ramsar intervenir en el proyecto propuesto. La fundamentación de la solicitud se basó en las posibles afectaciones a los humedales protegidos bajo el Tratado, los cuales se verían afectados por el proyecto. Esta acción de AIDA retrasó la decisión del gobierno y creó oportunidades para la participación pública y retroalimentación. Dando como resultado la decisión tomada por el Gobierno de Costa Rica de rechazar las perforaciones propuestas por Harken Energy y MKJ Xplorations. </p> <p><a href="/?q=press_release">EL PRESIDENTE DE COSTA RICA SE COMPROMETIÓ A PROTEGER LOS ECOSISTEMAS COSTEROS DE PERFORACIONES PETROLERAS!</a> </p> <p>{DOC PETICION_RAMSAR_TALAMANCA.pdf PETICIÓN A LA CONVENCIÓN DE RAMSAR}</p> ', '', '', NOW(), 1);
INSERT INTO url_alias (src, dst, language) VALUES ('node/18','talamanca','en');
INSERT INTO url_alias (src, dst, language) VALUES ('node/1018','talamanca','es');
INSERT INTO node
            (nid,            vid,            type,  language,title,             uid, status, created, changed, comment, promote, moderate, sticky, tnid, translate) VALUES
            (19,     19,     'page','en',    'Peruvian Logging',1,   1,      NOW(),   NOW(), 0,0,0,0,19,0),
            (1019,1019,'page','es',    'Caoba Tropical',1,   1,      NOW(),   NOW(), 0,0,0,0,19,0);
INSERT INTO book (mlid, nid, bid) VALUES (10028,19,1),(10029,1019,1001);
INSERT INTO node_revisions
              (nid,       vid,       uid, title,              body,             teaser,          log, timestamp,format) VALUES
              (19,19,1,   'Peruvian Logging', '<p>The use of mahogany timber in the United States is causing an influx of loggers to the remote Madre de Dios region of the Peruvian Amazon. Spurred by an illegal sawmill owned and operated by the Mississippi Newman Lumber Company, logging in the region threatens indigenous peoples and endangered tropical mahogany. <a href="http://www.worldwildlife.org/forests/attachments/mahogany.pdf" target="_top">For WWF report click here</a>. </p> <p> </p> <p> </p> <p>Madre de Dios is one of the most biodiverse areas in the world, and one of few places where uncontacted indigenous groups live in voluntary isolation. Many contacted native peoples that maintain their cultures also inhabit the region. Though indigenous territorial rights are not yet fully recognized in Peru, laws to control logging and protect biodiversity provide some safeguard for these groups. </p> <p> </p> <p> </p> <p>Newman Lumber, the largest US importer of mahogany, violated several such laws when a joint venture company in which it has a controlling interest illegally obtained logging concessions and constructed a road into the heart of the forest. Upon discovering these violations, the Peruvian authorities shut down the mill and seized the mahogany found there and along the road. The company wants to reopen the mill and has sought help from the Peruvian courts, the US embassy and Mississippi Senator Trent Lott to achieve this goal. </p> <p> </p> <p> </p> <p>AIDA is working with our Peruvian participating organization <a href="http://www.spda.org.pe" target="_top">SPDA</a> to defend the action taken by the government of Peru as legitimate and necessary to protect the indigenous populations and biodiversity of Madre de Dios. We are implementing various legal strategies to hold Newman Lumber and their associates responsible for the damage they have caused.</p> ','', '', NOW(), 1),
              (1019,1019,1,'Caoba Tropical', '<p>El uso de caoba en los Estados Unidos está causando la llegada de una gran cantidad de madereros a la remota región de Madre de Dios, en la amazonía peruana. La tala de bosques de caoba, estimulada por un aserradero ilegal perteneciente a la compañía Newman Lumber del estado de Mississippi, EE.UU., es una amenaza a los pueblos indígenas de la región y a la subsistencia misma de la especie de caoba tropical. <a href="http://www.worldwildlife.org/forests/attachments/mahogany.pdf" target="_top">Haga clic aquí para obtener el informe de la WWF (en inglés)</a>. </p> <p> </p> <p>La región de Madre de Dios es una de las más biodiversas en el mundo, en donde aún subsisten grupos indígenas no contactados y aislados por su propia voluntad, así como varios pueblos indígenas en contacto con el mundo occidental, que mantienen su cultura. Aunque en el Perú los derechos territoriales de los indígenas aún no han sido completamente reconocidos, las normas reglamentarias de la tala de bosques y conservación de biodiversidad brindan cierta protección a estas comunidades. </p> <p>Newman Lumber, la compañía importadora de caoba más grande en Estados Unidos, violó diversas normas jurídicas peruanas cuando a través de un consorcio controlado por ésta, ilegalmente obtuvo concesiones para la tala de un bosque y la construcción de una carretera en la mitad del mismo. Al descubrir esto, las autoridades peruanas cerraron el aserradero y decomisaron la caoba encontrada en ese sitio y al lado de la carretera. La compañía desea abrir el aserradero nuevamente para lo cual ha acudido a las cortes peruanas, la embajada estadounidense y al senador estadounidense Trent Lott. </p> <p>AIDA está trabajando con la organización participante peruana <a href="http://www.spda.org.pe" target="_top">SPDA</a>, respaldando la acción tomada por el gobierno peruano como una acción legítima y necesaria para proteger los pueblos indígenas y la biodiversidad de la región de Madre de Dios. Estamos poniendo en práctica diversas estrategias jurídicas para responsabilizar a Newman Lumber y a sus asociados por el daño causado en la región.</p> ', '', '', NOW(), 1);
INSERT INTO url_alias (src, dst, language) VALUES ('node/19','logging','en');
INSERT INTO url_alias (src, dst, language) VALUES ('node/1019','logging','es');
INSERT INTO node
            (nid,            vid,            type,  language,title,             uid, status, created, changed, comment, promote, moderate, sticky, tnid, translate) VALUES
            (21,     21,     'page','en',    'Miramar',1,   1,      NOW(),   NOW(), 0,0,0,0,21,0),
            (1021,1021,'page','es',    'Miramar',1,   1,      NOW(),   NOW(), 0,0,0,0,21,0);
INSERT INTO book (mlid, nid, bid) VALUES (10030,21,1),(10031,1021,1001);
INSERT INTO node_revisions
              (nid,       vid,       uid, title,              body,             teaser,          log, timestamp,format) VALUES
              (21,21,1,   'Miramar', '<p><table width="10%" border="0" align="right" cellspacing="2" cellpadding="0"><tr><td height="1%"> </p> <p> <div align="center">Watch video of the environmental damages caused by the Miramar mine</div></td></tr><tr><td><object width="425" height="373" vspace="1" align="top"> </p> <p> <param name="movie" value="http://www.youtube.com/v/7aj0ncDB8jA&rel=0&color1=0x234900&color2=0x4e9e00&border=1"></param><param name="wmode" value="transparent"></param><embed src="http://www.youtube.com/v/7aj0ncDB8jA&rel=0&color1=0x234900&color2=0x4e9e00&border=1" width="425" height="373" align="right" type="application/x-shockwave-flash" wmode="transparent"></embed></object></td></tr></table>Miramar, a picturesque town named for the view of the nearby Gulf of Nicoya, is typical of the Costa Rican countryside with lush vegetation, steep hills, abundant biodiversity, and clear rivers that flow to the coast. However, this idyllic place and popular weekend retreat is threatened by the quest for gold. </p> <p>In 2005, the Canadian mining company, Glencairn Gold Corporation, began extracting gold from an open-pit mine near Miramar de Puntarenas, using a method known as “cyanide heap-leaching” in which huge piles of crushed ore are saturated with cyanide to extract gold. In July 2007, the company closed the mine stating concerns about ground movements caused in part by heavy rains. <a href="http://www.aida-americas.org/templates/aida/uploads/docs/earthworks-aida-mwc-lett28sep.pdf">AIDA and other environmental groups have requested</a> detailed information regarding the incident because they suspect that the earth movements may have ruptured the liner underneath the piles of ore and waste rock, allowing highly toxic substances to contaminate the soil and water below. </p> <p>Mining experts from AIDA and other groups had warned the Costa Rican government since 2001 of the dangers of locating an open-pit gold mine in a seismically unstable, mountainous region, prone to landslides and torrential rainfall. Nevertheless, in 2005 the government granted the company the permit to operate. The decision was influenced in part by threats that Glencairn would initiate a complaint against Costa Rica, based on the free trade agreement between Canada and Costa Rica, if the permit was not granted quickly. <a href="http://www.aida-americas.org/templates/aida/uploads/docs/Mine_disaster.pdf">Unfortunately, having ignored the experts’ warnings early on, Costa Rican authorities must now deal with the problems that are occurring and the risk of significant environmental damage.</a> </p> <p>Together with other organizations, AIDA is advocating that the Costa Rican government require Glencairn to fully monitor environmental impacts, remediate any environmental damages, and comply with all applicable environmental laws and regulations.</p> ','', '', NOW(), 1),
              (1021,1021,1,'Miramar', '<p><table width="10%" border="0" align="right" cellspacing="2" cellpadding="0"><tr><td height="1%"> </p> <p> <div align="center">Vea un video de los daños ambientales causados por <br>la mina Miramar</div></td></tr><tr><td><object width="425" height="373" vspace="1" align="top"> </p> <p> <param name="movie" value="http://www.youtube.com/v/7aj0ncDB8jA&rel=0&color1=0x234900&color2=0x4e9e00&border=1"></param><param name="wmode" value="transparent"></param><embed src="http://www.youtube.com/v/7aj0ncDB8jA&rel=0&color1=0x234900&color2=0x4e9e00&border=1" width="425" height="373" align="right" type="application/x-shockwave-flash" wmode="transparent"></embed></object></td></tr></table>Miramar, un pintoresco pueblo que debe su nombre a la vista que tiene hacia Golfo de Nicoya, es un área rural típica costarricense, con vegetación exuberante, de laderas pronunciadas, abundante biodiversidad y ríos cristalinos que fluyen hacia la costa. Tristemente, este lugar idílico y popular, refugio de fin de semana, se encuentra amenazado por la búsqueda de oro. </p> <p>Desde el 2005 Glencairn Gold Corporation, una compañía minera canadiense, ha estado extrayendo oro a cielo abierto cerca de Miramar de Puntarenas, usando el método de lixiviación con cianuro, por medio del cual grandes cantidades de minerales triturados son sumergidos en una solución con cianuro para extraer el oro. En julio de 2007, la compañía cerró la mina expresando su preocupación sobre movimientos de tierra causado en parte por las fuertes lluvias. AIDA y otros grupos ambientalistas <a href="http://www.aida-americas.org/templates/aida/uploads/docs/earthworks-aida-mwc-lett28sep.pdf">han solicitado explicaciones y datos de monitoreo</a> a la compañía porque sospechan que los movimientos de tierra posiblemente han roto la geomembrana debajo de las pilas de mineral y roca descartada. Estas pilas contienen sustancias muy tóxicas que podrían contaminar el suelo y agua si la membrana protectora ha sido dañada. </p> <p>A pesar que expertos en minería, de AIDA y otros grupos, desde el año 2001, señalaron lo peligroso de colocar una mina a cielo abierto en una región montañosa, con alta actividad sísmica y propensa a deslizamientos de tierra y lluvias tropicales; el gobierno concedió el permiso ambiental en el 2005. La decisión, en parte, fue influenciada por la presión que la compañía ejerció sobre las autoridades costarricenses de comercio, al amenazar con iniciar una demanda internacional contra Costa Rica, con base en el Tratado de Libre Comercio entre Canadá y Costa Rica, si los permisos no eran otorgados sin demoras. <a href="http://www.aida-americas.org/templates/aida/uploads/docs/Desastre_Miramar.pdf">Desafortunadamente, el hacer caso omiso de las predicciones de expertos en ese momento, ahora está causando problemas actualmente así como serios riesgos de daños mucho mayores.</a></p> <p>AIDA junto a otras organizaciones está abogando para que el gobierno exija a Glencairn que monitoree todos los impactos ambientales de la mina, remedie cualquier daño, y cumpla con las leyes y regulaciones aplicables.</p> ', '', '', NOW(), 1);
INSERT INTO url_alias (src, dst, language) VALUES ('node/21','miramar','en');
INSERT INTO url_alias (src, dst, language) VALUES ('node/1021','miramar','es');
INSERT INTO node
            (nid,            vid,            type,  language,title,             uid, status, created, changed, comment, promote, moderate, sticky, tnid, translate) VALUES
            (22,     22,     'book','en',    'CEDHA',1,   1,      NOW(),   NOW(), 0,0,0,0,22,0),
            (1022,1022,'book','es',    'CEDHA',1,   1,      NOW(),   NOW(), 0,0,0,0,22,0);
INSERT INTO book (mlid, nid, bid) VALUES (10032,22,1),(10033,1022,1001);
INSERT INTO node_revisions
              (nid,       vid,       uid, title,              body,             teaser,          log, timestamp,format) VALUES
              (22,22,1,   'CEDHA', '','', '', NOW(), 1),
              (1022,1022,1,'CEDHA', '', '', '', NOW(), 1);
INSERT INTO url_alias (src, dst, language) VALUES ('node/22','cedha','en');
INSERT INTO url_alias (src, dst, language) VALUES ('node/1022','cedha','es');
INSERT INTO node
            (nid,            vid,            type,  language,title,             uid, status, created, changed, comment, promote, moderate, sticky, tnid, translate) VALUES
            (23,     23,     'book','en',    'Sierra Legal Defense Fund',1,   1,      NOW(),   NOW(), 0,0,0,0,23,0),
            (1023,1023,'book','es',    'Sierra Legal Defense Fund',1,   1,      NOW(),   NOW(), 0,0,0,0,23,0);
INSERT INTO book (mlid, nid, bid) VALUES (10034,23,1),(10035,1023,1001);
INSERT INTO node_revisions
              (nid,       vid,       uid, title,              body,             teaser,          log, timestamp,format) VALUES
              (23,23,1,   'Sierra Legal Defense Fund', '','', '', NOW(), 1),
              (1023,1023,1,'Sierra Legal Defense Fund', '', '', '', NOW(), 1);
INSERT INTO url_alias (src, dst, language) VALUES ('node/23','sierralega','en');
INSERT INTO url_alias (src, dst, language) VALUES ('node/1023','sierralega','es');
INSERT INTO node
            (nid,            vid,            type,  language,title,             uid, status, created, changed, comment, promote, moderate, sticky, tnid, translate) VALUES
            (24,     24,     'book','en',    'Fiscalía de Medio Ambiente',1,   1,      NOW(),   NOW(), 0,0,0,0,24,0),
            (1024,1024,'book','es',    'Fiscalía del Medio Ambiente',1,   1,      NOW(),   NOW(), 0,0,0,0,24,0);
INSERT INTO book (mlid, nid, bid) VALUES (10036,24,1),(10037,1024,1001);
INSERT INTO node_revisions
              (nid,       vid,       uid, title,              body,             teaser,          log, timestamp,format) VALUES
              (24,24,1,   'Fiscalía de Medio Ambiente', '<p>FIMA was founded&nbsp; in June 1998 for the purpose of expanding and defining Chilean environmental policy.&nbsp; It is the only public interest environmental law organization working specifically to protect Chile\'s natural environment.&nbsp; FIMA\'s goal is to reduce or eliminate environmental degradation such as the loss of biodiversity, deforestation, air pollution, and contamination of water supplies. </p> <p> </p> <p> </p> <p> FIMA represents and is directly accountable to the citizens of Chile, providing them with litigation assistance to resolve legal problems in conjunction with the promotion of sustainable development and conservation efforts. </p> <p> </p> <p> </p> <p> <b>FIMA\'s most prominent projects include:</b> </p> <p> </p> <p> <ul> <li>Protecting several million hectares of native forest and coastal ecosystems in southern Chile: </p> <p> Alumysa is an aluminum smelting project proposed by the Canadian mining company Noranda. Noranda wants to utilize the water resources of the Patagonia region to generate electricity for the energy-intensive aluminum smelting process.&nbsp; FIMA has developed and is implementing legal strategies to uphold Chilean environmental law in both national and international fora, as a means to defeat the Alumysa project. </p> <p> &nbsp;</li> <li>Protecting public health: </p> <p> FIMA represents citizens who have been poisoned by the negligent disposal of toxic lead and arsenic wastes in the proximity of Arica.&nbsp; FIMA is leading a lawsuit that seeks compensation for the inhabitants of low income housing near the dump site. </p> <p> &nbsp;</li> <li>Educating Judges: </p> <p> FIMA is implementing a program&nbsp; to educate the Chilean High Court judges about environmental issues.</li></ul> </p> <p>&nbsp; </p> <p> </p> <p> For more information about FIMA, please contact us at: </p> <p> </p> <p><table border="0" cellspacing="2" cellpadding="5" width="300"><tr><th valign="top" align="right"> </p> <p> Email: </p> <p> </th> </p> <p> <td valign="top"> </p> <p> <a href="mailto:fima@entelchile.net">fima@entelchile.net</a></td></tr><tr><th valign="top" align="right"> </p> <p> Telephone: </p> <p> </th> </p> <p> <td valign="top"> </p> <p> (562) 421-7563</td></tr><tr><th valign="top" align="right"> </p> <p> Fax: </p> <p> </th> </p> <p> <td valign="top"> </p> <p> (562) 434-0904</td></tr><tr><th valign="top" align="right"> </p> <p> Address: </p> <p> </th> </p> <p> <td valign="top"> </p> <p> Guardavieja 408, Piso 2 </p> <p> Providencia </p> <p> Santiago, Chile. </p> <p> CP. 6640522</td></tr></table></p> ','', '', NOW(), 1),
              (1024,1024,1,'Fiscalía del Medio Ambiente', '<p>FIMA es una organización sin fines de lucro fundada en junio de 1998, creada para expandir y definir las políticas ambientales chilenas. Fue el primer organización de interés público dedicada al Derecho Ambiental que trabaja para proteger el entorno ambiental de Chile. Su propósito es reducir o eliminar la degradación ambiental que se expresa en formas tales como la pérdida de biodiversidad, la deforestación, la contaminación del aire, la minería y la fundición de metales y los desechos tóxicos. </p> <p>FIMA representa y es directamente responsable frente a los ciudadanos de Chile al proveerlos de asistencia en litigios para resolver problemas legales, en conjunto con la promoción del desarrollo sustentable y los esfuerzos para la conservación. </p> <p>Los casos más importantes de FIMA son: </p> <p>Protección legal del bosque nativo y ecosistemas costeros en la parte sur de Chile (caso Alumysa). Alumysa es un proyecto para construir una fundición de aluminio, propuesto por la compañía Canadiense Noranda, para utilizar los recursos hídricos (lagos) en la Región, con el fin de generar energía para la fundición. FIMA ha desarrollado una completa estrategia legal para que se aplique el Derecho Ambiental chileno tanto en instancias nacionales como internacionales. </p> <p>Defensa legal de ciudadanos que fueron envenenados debido a la disposición negligente de plomo y arsénico (Arica): Hace casi 15 años, la compañía chilena Promel arrojó varias toneladas de desperdicios tóxicos en la proximidad de Arica. Actualmente, los niños de familias de bajo ingreso en el área, presentan niveles peligrosos de plomo y arsénico en la sangre. FIMA dio su apoyo en un juicio ante el sistema judicial chileno con el objetivo de obtener una compensación para los habitantes de bajos ingresos asentados cerca del lugar del desecho. Este procedimiento judicial se halla en la etapa probatoria. </p> <p>Educación en temas ambientales para los jueces de las cortes superiores chilenas. Con este programa, FIMA espera llegar a los funcionarios públicos claves con una visión imparcial de los temas ambientales.</p> ', '', '', NOW(), 1);
INSERT INTO url_alias (src, dst, language) VALUES ('node/24','fima','en');
INSERT INTO url_alias (src, dst, language) VALUES ('node/1024','fima','es');
INSERT INTO node
            (nid,            vid,            type,  language,title,             uid, status, created, changed, comment, promote, moderate, sticky, tnid, translate) VALUES
            (25,     25,     'book','en',    'FUNDEPUBLICO',1,   1,      NOW(),   NOW(), 0,0,0,0,25,0),
            (1025,1025,'book','es',    'FUNDEPUBLICO',1,   1,      NOW(),   NOW(), 0,0,0,0,25,0);
INSERT INTO book (mlid, nid, bid) VALUES (10038,25,1),(10039,1025,1001);
INSERT INTO node_revisions
              (nid,       vid,       uid, title,              body,             teaser,          log, timestamp,format) VALUES
              (25,25,1,   'FUNDEPUBLICO', '<p><img src="templates/aida/images/gifs/fundapublico.jpg" width="145" height="144" align="RIGHT" alt="Fundepublico" border="1"> </p> <p> The Fundación para la Defensa del Interés Público (FUNDEPUBLICO) is the non-profit, public interest law organization that pioneered litigation as a means to protect human health and the environment in Colombia. Since its incorporation in 1988 by a group of private practice lawyers, FUNDEPUBLICO has used citizen suits and constitutional injunctions to defend the environment and fight corruption. FUNDEPUBLICO was awarded the Second National Prize for the Environment because of its contribution to the development of legal mechanisms and statutes, and for its success in promoting citizen participation in environmental issues. </p> <p> </p> <p> <hr align="LEFT"> </p> <p> </p> <p> </p> <p> Fundepublico (Fundacion Para la Defensa del Interés Público) </p> <p> <br></p> <p> Calle 62 No. 3-18 </p> <p> <br></p> <p> Bogotá </p> <p> <br></p> <p> Colombia </p> <p> </p> <p> </p> <p> </p> <p> Fax: (571) 210-4685 </p> <p> </p> <p> </p> <p> </p> <p> Email: fundepublico@cable.net.co </p> <p> </p> <p> </p> <p> </p> <p> </p> <p> </p> <p> <hr align="LEFT"> </p> <p> </p> <p> </p> <p> FUNDEPUBLICO\'s goals are to provide legal defense for public rights and interests, and to represent groups or individuals that are adversely affected by environmental pollution or damages caused by government or private-sector activities. Though it works in cooperation with and provides support to newly established environmental NGOs in Colombia, FUNDEPUBLICO is presently the only environmental group in Colombia that uses litigation to protect the environment. In addition to providing communities and individuals free legal representation in environmental and anticorruption cases, FUNDEPUBLICO has a strong program in legislative development. <h4>Public Legal Assistance</h4> FUNDEPUBLICO provides high quality legal instruction, counseling, and nearly pro-bono representation to communities that are affected or threatened by violations of their rights. Of particular concern are cases involving environmental issues or the breach of environmental laws. </p> <p> </p> <p> </p> <p> </p> <p> FUNDEPUBLICO\'s work has led to a number of landmark rulings by the Colombian judiciary. The first Colombian citizen suit was won in 1991 when FUNDEPUBLICO obtained a court order requiring Bogota\'s municipal waste company to remove a garbage dump from, and pay damages to, the neighborhood in which the facility had been located for 11 years. In 1992, a case brought by FUNDEPUBLICO against a severely polluting asphalt plant set the precedent that the fundamental right to health includes the right to an environment free of pollution that significantly impacts human health. Also in a case brought by FUNDEPUBLICO, the public right to information was established when the court ordered Alcalis, Colombia, a state operated chemical corporation, to disclose information regarding the environmental impact of its activities. </p> <p> </p> <p> </p> <p> </p> <p> The work of FUNDEPUBLICO is leading to improved environmental conditions throughout Colombia. Pacific Coast communities and the world\'s second most biodiverse ecosystem benefited from a ruling that the government agencies in charge must adopt measures to remedy and prevent damages from the flooding, droughts, and erosion caused by the Naranjo Canal. Because of other suits brought by FUNDEPUBLICO, importation of toxic wastes in Santa Marta has ceased and the Madarien timber company will restore 4,000 clear-cut hectares on the Embera indigenous reserve in Choco. Colombian air quality will improve due to recent settlements between FUNDEPUBLICO and Cementos Diamantos, a cement factory, and Molinos Roa, one of South America\'s largest rice producers. FUNDEPUBLICO\'s diverse efforts to protect the environment are continuing with cases pending against international corporations such as Dow Chemical, Occidental Petroleum, and Texas Oil, as well as against numerous national industries. <h4>Anticorruption Program</h4> FUNDEPUBLICO\'s efforts have recently been expanded to include a strong program against government corruption. Because the Colombian Constitution of 1991 provides means for greater public participation in the political process and public oversight of the activities and financial dealings of elected officials, FUNDEPUBLICO has spurred the transition to a more transparent and just Colombian society by demanding the investigation of and publicly exposing politicians found to have dubious ethics, criminal connections, or questionable political supporters. The most renown of these cases is the one being developed against Colombia\'s President, Ernesto Samper Pizano. <h4>Legislative and Constitutional Development</h4> Colombian environmental law would not be what it is today without FUNDEPUBLICO\'s persistent advocacy for stronger environmental protection and citizen participation. The organization\'s founder, Germán Sarmiento, was the first person to draw attention to the citizen suit as a means for protecting public property and the environment in Colombia, and FUNDEPUBLICO successfully advocated for the inclusion of strong environmental provisions in the Colombian Constitution of 1991. As a result of FUNDEPUBLICO\'s work, citizen suits on behalf of collective rights and interests (Acciones Populares), injunctions to protect human health and life (Acciones de Tutela), and enforcement actions to ensure full compliance with environmental laws (Acciones de Cumplimiento) are all Constitutionally guaranteed means for public participation in legal defense of the environment. In addition, citizen participation in substantial environmental decisions, direct liability, environmental planning, and the state\'s duty to protect and restore the environment were all established by the new Constitution. FUNDEPUBLICO also participated actively in the drafting of the law that created the Ministry of the Environment.</p> ','', '', NOW(), 1),
              (1025,1025,1,'FUNDEPUBLICO', '<p><img src="templates/aida/images/gifs/fundapublico.jpg" width="145" height="144" align="RIGHT" alt="Fundepublico" border="1"> </p> <p> La Fundación para la Defensa del Interés Público (FUNDEPUBLICO) es la organización no gubernamental de derecho de interés público pionera en Colombia en acudir al litigio como una estrategia para la protección ambiental y de la salud humana. Desde su fundación en 1988 por un grupo de abogados, FUNDEPUBLICO ha usado las acciones ciudadanas y constitucionales para defender el medio ambiente, luchar contra la corrupción y proteger el interés público en Colombia. FUNDEPUBLICO fue reconocido con el Segundo Premio Nacional Ambiental por su contribución hacia el desarrollo de mecanismos legales y normatividad, así como el éxito en la promoción de la participación ciudadana en asuntos ambientales. </p> <p> </p> <p> <hr align="LEFT"> </p> <p> </p> <p> </p> <p> Fundepublico (Fundacion Para la Defensa del Interés Público) </p> <p> <br></p> <p> Calle 62 No. 3-18 </p> <p> <br></p> <p> Bogotá </p> <p> <br></p> <p> Colombia </p> <p> </p> <p> </p> <p> </p> <p> Fax: (571) 210-4685 </p> <p> </p> <p> </p> <p> </p> <p> Email: fundepublico@cable.net.co </p> <p> </p> <p> </p> <p> </p> <p> </p> <p> </p> <p> <hr align="LEFT"> </p> <p> </p> <p> </p> <p> Los objetivos de FUNDEPUBLICO son defender legalmente los derechos e intereses colectivos y representar grupos o individuos que se ven afectados por la contaminación ambiental o por daños causados por el gobierno o por actividades privadas. Aunque trabaja en conjunto y apoya nuevas ONG\'s ambientales, FUNDEPUBLICO es en la actualidad la única organización que usa acciones legales para la protección ambiental. Además de brindar asistencia legal gratuita a comunidades e individuos y de representarlos en casos ambientales y de corrupción administrativa, FUNDEPUBLICO tiene un fuerte programa de desarrollo legislativo. <h4>Asistencia Pública Legal</h4> FUNDEPUBLICO ofrece capacitación, asesoría y representación legal de alta calidad a comunidades afectadas o amenazadas por la violación de sus derechos. Los casos que involucran la violación de normas ambientales son para FUNDEPUBLICO de particular importancia. </p> <p> </p> <p> </p> <p> </p> <p> El trabajo de FUNDEPUBLICO ha dado como resultado varias sentencias novedosas en el sistema judicial Colombiano. La primera acción ciudadana se ganó en 1991 cuando FUNDEPUBLICO obtuvo una orden de la corte para que la principal empresa de residuos sólidos de Bogotá removiera un botadero de basura y pagara los daños ocasionados al barrio en el cual estaba ubicado dicho basurero durante 11 años. En 1992 un caso interpuesto por FUNDEPUBLICO en contra de una planta de asfalto altamente contaminante, sentó el precedente en virtud del cual el derecho fundamental a la salud incluye el derecho a un ambiente libre de contaminación que afecte significativamente la salud humana. También en un caso de FUNDEPUBLICO, el derecho público al acceso a la información se estableció cuando la corte ordenó a Alcalis de Colombia, una empresa química estatal, la publicación de la información acerca de las actividades que impactan el medio ambiente. </p> <p> </p> <p> </p> <p> </p> <p> El trabajo de FUNDEPUBLICO se dirije al mejoramiento de las condiciones ambientales en Colombia. Las comunidades de la costa Pacífica colombiana y el segundo ecosistema más biodiverso se van a beneficiar de una sentencia que las autoridades del gobierno deben acatar, adoptando las medidas necesarias para remediar y prevenir los daños de las inundaciones, sequías y erosión causados por el Canal Naranjo. Gracias a otras acciones interpuestas por FUNDEPUBLICO, la importación de residuos tóxicos a Santa Marta cesó y la empresa maderera Madarien deberá restaurar 4,000 hectáreas de bosque talado en territorio del resguardo indígena de la comunidad Embera en el Chocó. La calidad del aire en Colombia va a mejorar con el acuerdo entre FUNDEPUBLICO y la empresa cementera Cementos Diamante y con Molinos Roa, uno de los mayores productores de arroz en Sur América. Los esfuerzos de FUNDEPUBLICO para la protección del medio ambiente continúan con los casos pendientes como las demandas en contra de las empresas Dow Chemical, Occidental Petroleum, y Texas Oil así como numerosas acciones en contra de industrias nacionales. <h4>Programa de Anticorrupción</h4> Recientemente FUNDEPUBLICO ha expandido su trabajo para incluir un fuerte programa en contra de la corrupción administrativa. Debido a que la Constitución colombiana contiene medidas para aumentar la participación ciudadana en los procesos políticos y realizar veedurías públicas a las actividadaes y finanzas de los funcionarios públicos, FUNDEPUBLICO ha motivado la transición a una sociedad colombiana más transparente y justa. Por ende, ha intervenido para solicitar la investigación y educación al público de los políticos respecto de los cuales existen faltas de ética, conexiones criminales o apoyos políticos cuestionables. En este programa por ejemplo, se llevó a cabo un proceso en contra del Presidente Ernesto Samper Pizano por las irregularidades en su campaña presidencial. <h4>Desarrollo Legislativo y Constitucional</h4> El derecho ambiental colombiano no podría ser lo que es en la actualidad sin la persistente defensa de FUNDEPUBLICO de una fuerte protección ambiental y la abierta participación ciudadana. Germán Sarmiento, fundador de la organización, fue la primera persona en llamar la atención respecto de las acciones ciudadanas como un mecanismo para la protección de los bienes públicos y del medio ambiente en Colombia. FUNDEPUBLICO defendió exitosamente la inclusión de fuertes normas ambientales en la Constitución Colombiana de 1991. Como resultado del trabajo de FUNDEPUBLICO, se garantizaron importantes instrumentos constitucionales para la participación ciudadana en la defensa legal del medio ambiente como las acciones ciudadanas en defensa de los derechos e intereses colectivos (acciones populares), amparos para la protección de la salud humana y la vida (acciones de tutela) y las acciones de cumplimiento para asegurar la verdadera aplicación de las normas ambientales (acciones de cumplimiento). Adicionalmente, la participación ciudadana en decisiones de importancia ambiental, la responsabilidad objetiva, planeación ambiental y el deber del Estado en la protección y restablecimiento del medio ambeinte fueron herramientas todas incluidas en la Constitución de 1991. FUNDEPUBLICO también participó activamente en la preparación de la ley que creó el Ministerio del Medio Ambiente.</p> ', '', '', NOW(), 1);
INSERT INTO url_alias (src, dst, language) VALUES ('node/25','fundepublico','en');
INSERT INTO url_alias (src, dst, language) VALUES ('node/1025','fundepublico','es');
INSERT INTO node
            (nid,            vid,            type,  language,title,             uid, status, created, changed, comment, promote, moderate, sticky, tnid, translate) VALUES
            (26,     26,     'book','en',    'cedarena',1,   1,      NOW(),   NOW(), 0,0,0,0,26,0),
            (1026,1026,'book','es',    'cedarena',1,   1,      NOW(),   NOW(), 0,0,0,0,26,0);
INSERT INTO book (mlid, nid, bid) VALUES (10040,26,1),(10041,1026,1001);
INSERT INTO node_revisions
              (nid,       vid,       uid, title,              body,             teaser,          log, timestamp,format) VALUES
              (26,26,1,   'cedarena', '','', '', NOW(), 1),
              (1026,1026,1,'cedarena', '', '', '', NOW(), 1);
INSERT INTO url_alias (src, dst, language) VALUES ('node/26','cedarena','en');
INSERT INTO url_alias (src, dst, language) VALUES ('node/1026','cedarena','es');
INSERT INTO node
            (nid,            vid,            type,  language,title,             uid, status, created, changed, comment, promote, moderate, sticky, tnid, translate) VALUES
            (27,     27,     'book','en',    'Justicia Para la Naturaleza',1,   1,      NOW(),   NOW(), 0,0,0,0,27,0),
            (1027,1027,'book','es',    'Justicia Para la Naturaleza',1,   1,      NOW(),   NOW(), 0,0,0,0,27,0);
INSERT INTO book (mlid, nid, bid) VALUES (10042,27,1),(10043,1027,1001);
INSERT INTO node_revisions
              (nid,       vid,       uid, title,              body,             teaser,          log, timestamp,format) VALUES
              (27,27,1,   'Justicia Para la Naturaleza', '<p>Justicia para la Naturaleza (Justice for Nature) is a non profit organization in San Jos&eacute;, Costa Rica that promotes environmental protection through legal action.&nbsp; It is the foremost NGO in the Central American region focusing on environmental litigation.&nbsp; As such, JPN provides free legal representation to organizations and communities that need legal assistance in their efforts to protect biodiversity, forests, wetlands and other natural resources. </p> <p> </p> <p> </p> <p> JPN\'s mission is to contribute to the development of environmental justice in Costa Rica and the region, guaranteeing the right of the population to a sound and healthy environment.&nbsp; JPN contributes to the development of the region\'s ability to deal with environmental conflicts by providing litigation services in crucial cases, sharing knowledge and information, and providing others with the support necessary to prosecute and solve conflicts.&nbsp; JPN helps poor, indigenous, rural and other vulnerable communities through various legal actions. </p> <p> </p> <p> </p> <p> The government also benefits from JPN\'s activities, primarily through the sharing of knowledge.&nbsp; This enables public officials to better understand the legal environmental background and to work within the existing legal framework in order to guarantee the collective rights of the citizens. </p> <p> </p> <p> </p> <p>The main objectives of JPN are: </p> <p> </p> <p> <ol> <li>To provide legal representation to communities, including indigenous and rural communities, non-governmental organizations, or other groups of citizens affected by ecological harm, and in so doing, find an effective solution to environmental conflicts.</li> <li>To assist with the development of environmental law, the implementation of regional environmental law agreements, and the submission of important cases to diverse forums for national and international discussion.</li> <li>To sponsor educational seminars on environmental law and to be a resource for interested citizens, communities, other organizations, public institutions and professional guilds.</li> <li>To collaborate with national, regional and international associations with similar goals, with the aim to guarantee environmental justice.</li></ol> </p> <p> </p> <p> </p> <p> </p> <p> For additional information, please contact JPN at: </p> <p> </p> <p><table border="0" cellspacing="2" cellpadding="5" width="300"><tr><th valign="top" align="right"> </p> <p> Email: </p> <p> </th> </p> <p> <td valign="top"> </p> <p> <a href="mailto:naturjpn@ice.co.cr">naturjpn@ice.co.cr</a></td></tr><tr><th valign="top" align="right"> </p> <p> Telephone: </p> <p> </th> </p> <p> <td valign="top"> </p> <p> (506) 286-5341</td></tr><tr><th valign="top" align="right"> </p> <p> Fax: </p> <p> </th> </p> <p> <td valign="top"> </p> <p> (506) 226-0479</td></tr><tr><th valign="top" align="right"> </p> <p> Address: </p> <p> </th> </p> <p> <td valign="top"> </p> <p> Apartado Postal 1637-2050 <br />San Pedro de Montes de Oca <br />San Jos&eacute;, Costa Rica</td></tr></table></p> ','', '', NOW(), 1),
              (1027,1027,1,'Justicia Para la Naturaleza', '<p>JUSTICIA PARA LA NATURALEZA es una organización sin fines de lucro, localizada en San José Costa Rica, que promueve la protección ambiental a través de la acción legal. Es la ONG pionera en la región de América Central en dedicarse al litigio ambiental. En tal virtud, JPN provee representación legal sin costo a organizaciones y comunidades que necesitan asistencia legal en sus esfuerzos para proteger la biodiversidad, los bosques, los humedales y otros recursos naturales. </p> <p>La misión de JPN es contribuir al desarrollo de la justicia ambiental en Costa Rica y la región, garantizando el derecho de la población a vivir en un ambiente sano y saludable. JPN contribuye al desarrollo de la capacidad de la región para solucionar los conflictos ambientales a través de medios como proveer de servicios de litigación en casos cruciales; compartir el conocimiento adquirido; y brindar a otros el soporte necesario para proseguir y resolver conflictos. Nuestro objetivo es ayudar a comunidades pobres, indígenas y otros grupos vulnerables a través de diversas acciones legales. </p> <p>El Estado también se beneficia de nuestras actividades, en primer lugar a través de compartir el conocimiento. Esto faculta a los funcionarios públicos a entender mejor el entorno jurídico ambiental y a trabajar dentro del marco jurídico existente para garantizar los derechos colectivos de los ciudadanos. </p> <p>Los principales objetivos de JPN son: </p> <p>Proveer representación legal a comunidades, incluídas las indígenas y rurales, a organizaciones gubernamentales u otros grupos de ciudadanos afectados por daños ecológicos y al hacerlo de esta forma, encontrar una solución efectiva a los conflictos ambientales. </p> <p>Estar involucrada en el desarrollo de las leyes ambientales, el cumplimiento de acuerdos regionales de derecho ambiental y la presentación de casos importantes ante diversos foros para discusión tanto nacional como internacional. </p> <p>Apoyar la realización de seminarios educativos sobre Derecho Ambiental y servir como una fuente de consulta para ciudadanos interesados, comunidades, otras organizaciones, instituciones públicas y gremios profesionales. </p> <p>Colaborar con otras asociaciones nacionales, regionales e internacionales que tengan metas similares con el propósito de obtener justicia ambiental. </p> <p>Nuestros programas toman en cuenta la naturaleza global de nuestro medio ambiente, y reflejan cuatro objetivos que, creemos, son centrales para nuestra misión: </p> <p>Incrementar el conocimiento acerca del Derecho Ambiental. </p> <p>Objetivo: Compartir el conocimiento acerca de las técnicas existentes y las aproximaciones para resolver conflictos ambientales. </p> <p>Promover la defensa de las leyes ambientales. </p> <p>Objetivo: Mejorar la protección y la defensa del ambiente. </p> <p>Coordinar esfuerzos ambientales interinstitucionales y regionales. </p> <p>Objetivo: Fortificar la coordinación interinstitucional en materias ambientales. </p> <p>Crear un Centro de Documentación para litigantes en materia ambiental en América Central. </p> <p>Objetivo: Ser un recurso para la gente y las comunidades comprometidas con la defensa del ambiente en América Central. </p> <p>Para mayor información, por favor contactarnos: </p> <p><table border="0" cellspacing="2" cellpadding="5" width="350"><tr><th valign="top" align="right"> </p> <p> Correo Electrónico: </p> <p> </th> </p> <p> <td valign="top"> </p> <p> <a href="mailto:naturjpn@ice.co.cr">naturjpn@ice.co.cr</a></td></tr><tr><th valign="top" align="right"> </p> <p> Número de Teléfono: </p> <p> </th> </p> <p> <td valign="top"> </p> <p> (506) 286-5341</td></tr><tr><th valign="top" align="right"> </p> <p> Número de Fax: </p> <p> </th> </p> <p> <td valign="top"> </p> <p> (506) 226-0479</td></tr><tr><th valign="top" align="right"> </p> <p> Dirección: </p> <p> </th> </p> <p> <td valign="top"> </p> <p> Apartado Postal 1637-2050 <br />San Pedro de Montes de Oca <br />San Jos&eacute;, Costa Rica</td></tr></table></p> ', '', '', NOW(), 1);
INSERT INTO url_alias (src, dst, language) VALUES ('node/27','jpn','en');
INSERT INTO url_alias (src, dst, language) VALUES ('node/1027','jpn','es');
INSERT INTO node
            (nid,            vid,            type,  language,title,             uid, status, created, changed, comment, promote, moderate, sticky, tnid, translate) VALUES
            (28,     28,     'book','en',    'CEMDA',1,   1,      NOW(),   NOW(), 0,0,0,0,28,0),
            (1028,1028,'book','es',    'CEMDA',1,   1,      NOW(),   NOW(), 0,0,0,0,28,0);
INSERT INTO book (mlid, nid, bid) VALUES (10044,28,1),(10045,1028,1001);
INSERT INTO node_revisions
              (nid,       vid,       uid, title,              body,             teaser,          log, timestamp,format) VALUES
              (28,28,1,   'CEMDA', '','', '', NOW(), 1),
              (1028,1028,1,'CEMDA', '', '', '', NOW(), 1);
INSERT INTO url_alias (src, dst, language) VALUES ('node/28','cemda','en');
INSERT INTO url_alias (src, dst, language) VALUES ('node/1028','cemda','es');
INSERT INTO node
            (nid,            vid,            type,  language,title,             uid, status, created, changed, comment, promote, moderate, sticky, tnid, translate) VALUES
            (29,     29,     'book','en',    'Sociedad Peruana de Derecho Ambiental',1,   1,      NOW(),   NOW(), 0,0,0,0,29,0),
            (1029,1029,'book','es',    'Sociedad Peruana de Derecho Ambiental',1,   1,      NOW(),   NOW(), 0,0,0,0,29,0);
INSERT INTO book (mlid, nid, bid) VALUES (10046,29,1),(10047,1029,1001);
INSERT INTO node_revisions
              (nid,       vid,       uid, title,              body,             teaser,          log, timestamp,format) VALUES
              (29,29,1,   'Sociedad Peruana de Derecho Ambiental', '','', '', NOW(), 1),
              (1029,1029,1,'Sociedad Peruana de Derecho Ambiental', '', '', '', NOW(), 1);
INSERT INTO url_alias (src, dst, language) VALUES ('node/29','spda','en');
INSERT INTO url_alias (src, dst, language) VALUES ('node/1029','spda','es');
INSERT INTO node
            (nid,            vid,            type,  language,title,             uid, status, created, changed, comment, promote, moderate, sticky, tnid, translate) VALUES
            (31,     31,     'page','en',    'Credits',1,   1,      NOW(),   NOW(), 0,0,0,0,31,0),
            (1031,1031,'page','es',    'Créditos',1,   1,      NOW(),   NOW(), 0,0,0,0,31,0);
INSERT INTO book (mlid, nid, bid) VALUES (10048,31,1),(10049,1031,1001);
INSERT INTO node_revisions
              (nid,       vid,       uid, title,              body,             teaser,          log, timestamp,format) VALUES
              (31,31,1,   'Credits', '<p>Copyright (c) 1997-2003 by AIDA. All Rights Reserved. Use by permission only.  <h3>People</h3> The site is designed and created by <a href="http://ndpsoftware.com">NDP Software</a>. </p> <p> </p> <p> </p> <p> </p> <p> The text was originally written by <a href="mailto:anna@aida2.org">Anna Cederstav</a>, with help from many of the AIDA partners and friends. Jeannette MacMillan wrote much of the Turtle and Oil-free Costa Rica information during the summer of 2001. </p> <p> </p> <p> </p> <p> </p> <p> Spanish translations and original content by Hernan Calisto, Paola Ramos, and many of the AIDA partners. </p> <p> </p> <p> </p> <p> </p> <p> Photos Copyright (c) 1998-2002 Anna Cederstav and Andrew J. Peterson, except where noted. </p> <p> </p> <p> </p> <p> </p> <p> Thanks to Jeff Williams for scanning pictures early on (and continuous technical support and guidance).  <h3>Client</h3> This site is designed to load very quickly for those with slow connections. It is designed to look great with modern browsers, but also works well on older browsers. It takes advantage of style sheets, if available, but if they are not, it is still quite readable. The navigation is done without downloading graphics to facilitate usage on slow connections and text-only browsers. (The NavBars are generated via a PHP script and customized to the browser environment, and yes there are bugs in some Netscape versions.) If you experience readability problems, please let us know.  <h3>Technology</h3> It currently is maintained on a G3 PowerBook, using BBEdit 6.5 on MacOS X 10.1, using organic, hand-coded HTML. It relies upon PHP to reduce the bulk and generate the menu table(s). The HTML is cleaned and formatted with BBEdit, Tidy, and the <a href="http://validator.w3.org/check">w3c.org validation tools</a>. Some of the text is initially prepared with Microsoft Word, before it is exported and cleaned thoroughly with BBEdit. It is backed-up in a CVS repository, using the <a href="http://maccvs.org" target="_blank">MacCVS Pro</a> front-end. </p> <p> </p> <p> </p> <p> </p> <p> All graphics were created or processed in Adobe Photoshop LE and Macromedia FireWorks. Most come from scanned analog photographs. </p> <p> </p> <p> </p> <p> </p> <p> This site was originally (years ago) composed in Adobe PageMill on an Apple Macintosh G3. </p> <p> </p> <p> </p> <p> </p> <p> To reach the author, email him at <a href="mailto:ndp@mac.com">ndp@mac.com</a>. </p> <p> </p> <p> </p> <p> </p> <p><!--BEGIN VALIDATED--> </p> <p> <table cellspacing="6" cellpadding="8"><tr><td><a href="http://validator.w3.org/check/referer" target="_top"><img border="0" src="http://www.w3.org/Icons/valid-html401" alt="Valid HTML 4.01!" height="31" width="88"></a></td><td><a href="http://jigsaw.w3.org/css-validator/check/referer"><img style="border:0;width:88px;height:31px" src="http://jigsaw.w3.org/css-validator/images/vcss" alt="Valid CSS!"></a></td></tr></table><!--END VALIDATED--></p> ','', '', NOW(), 1),
              (1031,1031,1,'Créditos', '<p>Copyrights (c) 1997-2003 de AIDA. Todos los Derechos Reservados. El uso del material sólo es posible con permiso de la organización.  <h3>Personas</h3> El sitio fue diseñado y creado por <a href="http://ndpsoftware.com">NDP Software</a>. </p> <p> </p> <p> </p> <p> </p> <p> Texto originalmente escrito por <a href="mailto:anna@aida2.org">Anna Cederstav</a>, con la ayuda de muchos participantes y colaboradores de AIDA. Jeannette MacMillan escribió mucho del material de las Tortugas Marinas y de Costa Rica Libre de Petróleo durante el verano del 2001. </p> <p> </p> <p> </p> <p> </p> <p> Las traducciones al español y el contenido orginal fueron hechas por Hernan Calisto, Paola Ramos y muchos de los colaboradores de AIDA. </p> <p> </p> <p> </p> <p> </p> <p> Copyright de Fotografías (c) 1998-2002 Anna Cederstav y Andrew J. Peterson, excepto cuando se afirme lo contrario. </p> <p> </p> <p> </p> <p> </p> <p> Agradecimientos a Jeff Williams por escanear las primeras fotos y por su contínuo apoyo y asesoría técnica.  <h3>Cliente</h3> Este sitio esta diseñado para cargarse muy rápido para quienes tengan conexiones lentas. También esta diseñado para que se vea bien en navegadores modernos, pero también en aquellos que no lo sean tanto. Toma ventaja de las páginas de estilo cuando están disponibles, pero en caso de que no lo estén, puede seguirse viendo bien. La navegación en esta página es posible sin bajar gráficas para facilitar el uso con conexiones lentas y navegadores de sólo texto. (Los NavBars se generan vía un libreto de PHP y se adaptan al ambiente del navegador, y existen algunos gusanos en algunas versiones de Netscape.) Si experimenta problemas para ver la página, por favor comuníquese con nosotros.  <h3>Tecnología</h3> Actualmente se mantiene en un G3 PowerBook, usando BBEdit 6.5 en MacOS X 10.1, usando codificación orgánica manual de HTML. Se sostiene en PHP para reducir el tráfico y generar la tabla de opciones. El HTML está limpiada y formateada con BBEdit, Tidy y <a href="http://validator.w3.org/check">w3c.org validation tools</a>. Algunos de los textos fueron incialmente preparados con Microsoft Word, antes de ser exportados y limpiados totalmente con BBEdit. Esta almacenado en un dispositivo CVS, usando <a href="http://maccvs.org" target="_blank">MacCVS Pro</a> front-end. </p> <p> </p> <p> </p> <p> </p> <p> Todas las gráficas fueron creadas en Adobe Photoshop LE y Macromedia FireWorks. Muchas de las cuales fueron escaneadas de fotografías análogas. </p> <p> </p> <p> </p> <p> </p> <p> Este sitio fue originalmente (hace años) compuesteo en Adobe PageMill en un Apple Macintosh G3. </p> <p> </p> <p> </p> <p> </p> <p>Para comunicarse con el autor (en inglés) escríbale a: <a href="mailto:ndp@mac.com">ndp@mac.com</a>. </p> <p> </p> <p> </p> <p> </p> <p><!--BEGIN VALIDATED--> </p> <p> <table cellspacing="6" cellpadding="8"><tr><td><a href="http://validator.w3.org/check/referer" target="_top"><img border="0" src="http://www.w3.org/Icons/valid-html401" alt="Valid HTML 4.01!" height="31" width="88"></a></td><td><a href="http://jigsaw.w3.org/css-validator/check/referer"><img style="border:0;width:88px;height:31px" src="http://jigsaw.w3.org/css-validator/images/vcss" alt="Valid CSS!"></a></td></tr></table><!--END VALIDATED--></p> ', '', '', NOW(), 1);
INSERT INTO url_alias (src, dst, language) VALUES ('node/31','credits','en');
INSERT INTO url_alias (src, dst, language) VALUES ('node/1031','credits','es');
INSERT INTO node
            (nid,            vid,            type,  language,title,             uid, status, created, changed, comment, promote, moderate, sticky, tnid, translate) VALUES
            (47,     47,     'book','en',    'Costa Rica Bans Open-Pit Mining',1,   1,      NOW(),   NOW(), 0,0,0,0,47,0),
            (1047,1047,'book','es',    'Costa Rica Prohibe la Minería de Cielo Abierto',1,   1,      NOW(),   NOW(), 0,0,0,0,47,0);
INSERT INTO book (mlid, nid, bid) VALUES (10050,47,1),(10051,1047,1001);
INSERT INTO node_revisions
              (nid,       vid,       uid, title,              body,             teaser,          log, timestamp,format) VALUES
              (47,47,1,   'Costa Rica Bans Open-Pit Mining', '<p>Contact Information: <br />June 7, 2002 <br />Anna Cederstav, Staff Scientist, AIDA and Earthjustice (USA) 510-550-6748 <br />Rafael Gonzalez, Justicia para la Naturaleza (Costa Rica) 506-207-4227 </p> <p>Oakland, CA/San Jose, Costa Rica --The government of Costa Rica has taken a major step in protecting its natural environment by placing a ban on new open pit mining. President Abel Pacheco signed the measure last week as part of the World Environment Day celebrations. According to Minister of Environment Carlos Manuel Rodriguez, Costa Ricans simply are not interested in opening their country for mineral exploitation at the cost of the environment. </p> <p>The executive decree places a complete moratorium on new open pit mining projects and calls for cancellation of the three contracts already in place. This signifies an uncertain future for one operational and two planned mines in Costa Rica. Referring to the decree, President Pacheco stated that "if the price for protecting the environment" is paying damages, Costa Rica will do so. "We have many reasons for rescinding these contracts, and if they sue us for compensation it will be cheaper than paying for the loss of the country and its environment." </p> <p>Large-scale open pit mining is environmentally destructive for several reasons. In addition to digging a vast crater in the earth, thereby stripping it of vital forests and ecosystems, toxic chemicals such as cyanide are often used to leach metals from the rock. This process can pollute the surrounding soil and water, and harms not only animals and aquatic life but humans as well. Montana voters outlawed cyanide mining in 1998, and efforts to ban the practice in several other US states are underway. Costa Rica has now joined these US states in declaring its opposition to this dangerous practice. </p> <p>Open pit mining often results in acid drainage. Rock formations rich in minerals can have high sulfur content. Sulfuric minerals are less stable when exposed to the atmosphere, and they usually react to form sulfuric acid. Acid drainage contaminates surface and ground waters and is especially problematic in a tropical climate with heavy rainfall, such as Costa Rica\'s. </p> <p>One of the contracts in place in Costa Rica is for an open pit cyanide gold mine in Bellavista, Miramar. The Bellavista project was owned by the Canadian company Wheaton River Minerals (WRM). WRM acquired it in 1997 and received final environmental permit in early 2001 despite the compan\'s lack of tropical mining experience and the possibility for serious adverse environmental impacts. Low gold prices forced WRM to delay construction, and Glencairn Explorations, another Canadian company, recently agreed to purchase the rights to the project. </p> <p>Representatives of WRM and Glencairn have stated that the Costa Rican decree does not affect the Bellavista mining project. While it is true that the moratorium does not apply to projects that have been approved, the decree makes clear Costa Rica\'s commitment to negotiate the terms of termination with existing concessionaries. </p> <p>The Inter-American Association for Environmental Defense (AIDA) has been working with Costa Rican and Canadian environmental groups to address environmental concerns with respect to the proposed Bellavista mine. AIDA has documented the environmental risks of the project, identified the most egregious flaws in the environmental management plan that formed the basis for project approval, and provided technical expertise to the Costa Rican government and NGOs. </p> <p>AIDA congratulates the Costa Rican government on its strong stance against open pit mining, and encourages it to take the steps necessary to cancel the Bellvista project.</p> ','', '', NOW(), 1),
              (1047,1047,1,'Costa Rica Prohibe la Minería de Cielo Abierto', '<p>Junio 7, 2002 <br />Información de contacto: <br />Anna Cederstav, Científica de AIDA y Earthjustice (EEUU) 510-550-6748 <br />Rafael González, Justicia para la Naturaleza (Costa Rica) 506-207-4227 </p> <p>Oakland, CA/San José, Costa Rica --El gobierno de Costa Rica ha dado un paso importante en la protección de su medio ambiente mediante el establecimiento de la prohibición a nuevas explotaciones mineras a cielo abierto. El Presidente Abel Pacheco firmó la medida la semana pasada, como parte de las celebraciones del Día de la Tierra. De acuerdo con el Ministerio de Medio Ambiente Carlos Manuel Rodriguez, los costarricense simplemente no están interesados en abrir su país a la explotación minera a costa del medio ambiente. </p> <p>El Decreto ejecutivo establece una moratoria completa a nuevos proyectos de minería a cielo abierto y solicita la cancelación de tres contratos que ya están en ejecución. </p> <p>Lo anterior implica un futuro incierto para una mina en operación y dos que se encuentran en proceso de planeación en Costa Rica. Refiriéndose al decreto, el Presidente Pacheco estableció que "si el precio para la protección ambiental" es pagar daños, Costa Rica lo va a hacer. "Tenemos muchas razones para rescindir estos contratos y si nos demandan por indemnización será más barato que pagar la pérdida para el país y para el medio ambiente". </p> <p>La minería a cielo abierto de gran escala es ambientalmente destructiva por varias razones. Adicionalmente a la perforación de un amplio cráter en la tierra, despojándola de bosques y ecosistemas vitales, sustancias químicas como el cianuro son usadas generalmente para separar el metal de la roca. Este proceso puede contaminar el suelo y las aguas circundantes, y es una amenaza no sólo para los animales y la vida acuática, sino también a los seres humanos. Los ciudadanos en Montana rechazaron la minería con cianuro en 1998 y los intentos para prohibir esta práctica en otros estados de Estados Unidos están en proceso. Costa Rica se une ahora a estos estados de Estados Unidos en oponerse a esta actividad peligrosa. </p> <p>La minería a cielo abierto generalmente ocasiona drenajes ácidos. Las formaciones de rocas abundantes en minerales pueden almacenar altos contenidos de azufre. Los minerales sulfurosos son menos estables cuando quedan expuestos a la atmósfera y usualmente reaccionan para formar ácido sulfúrico. Los drenajes ácidos contaminan aguas superficiales y subterráneas, un problema particularmente grave en un clima tropical de lluvias constantes como el de Costa Rica. </p> <p>Uno de los contratos vigentes en Costa Rica es para la mina de oro a cielo abierto con cianuro en Bellavista, Miramar. El Proyecto de Bellavista era de propiedad de la empresa canadiense Wheaton River Minerals (WRM). Esta empresa adquirió la mina en 1997 y recibió el permiso ambiental definitivo a comienzos de 2001 a pesar de la falta de experiencia en minería tropical y la posibilidad de serios impactos ambientales negativos. </p> <p>Los bajos precios del oro hicieron que WRM demorara la construcción. Otra compañía canadiense, Glencairn Explorations, recientemente aceptó comprar los derechos del proyecto. </p> <p> </p> <p>Los representantes de WRM y Glencairn han dicho que el decreto costarricense no afecta el proyecto de minería en Bellavista. Si bien es cierto que la moratoria no se aplica a proyectos aprobados, el decreto deja en claro el compromiso de Costa Rica para negociar los términos de la finalización de las concesiones existentes. </p> <p>La Asociación Interamericana para la Defensa del Ambiente (AIDA) ha estado trabajando con grupos ambientalistas en Costa Rica y Canadá para abordar las cuestiones ambientales con respecto a la mina de Bellavista. AIDA ha documentadolos riesgos ambientales del proyecto, identificado los defectos mas evidentes en el plan de manejo ambiental que conforma la base para la aprobación del proyecto, y brindó su experiencia técnica al gobierno y las ONG\'s en Costa Rica. </p> <p>AIDA felicita al gobierno costarricense por el importante paso dado en contra de la minería a cielo abierto y lo insta para que tome los pasos necesarios con el fin de cancelar el proyecto de Bellavista.</p> ', '', '', NOW(), 1);
INSERT INTO url_alias (src, dst, language) VALUES ('node/47','miramar.press2002_07','en');
INSERT INTO url_alias (src, dst, language) VALUES ('node/1047','miramar.press2002_07','es');
INSERT INTO node
            (nid,            vid,            type,  language,title,             uid, status, created, changed, comment, promote, moderate, sticky, tnid, translate) VALUES
            (34,     34,     'book','en',    'Contaminants',1,   1,      NOW(),   NOW(), 0,0,0,0,34,0),
            (1034,1034,'book','es',    'Contaminantes',1,   1,      NOW(),   NOW(), 0,0,0,0,34,0);
INSERT INTO book (mlid, nid, bid) VALUES (10052,34,1),(10053,1034,1001);
INSERT INTO node_revisions
              (nid,       vid,       uid, title,              body,             teaser,          log, timestamp,format) VALUES
              (34,34,1,   'Contaminants', '<p>Though many more may be emitted, monitoring data exists for four toxic contaminants in La Oroya: </p> <p><a href="#SO2"></p> <p>Sulfur Dioxide</a>, </p> <p><a href="#As"></p> <p>Arsenic</a>, </p> <p><a href="#Cd"></p> <p>Cadmium</a>, and </p> <p><a href="#Pb"></p> <p>Lead</a>. </p> <p>Each of these is emitted at astonishing rates by the lead smelter and is associated with severe health impacts. </p> <p> </p> <p><a name="Pb" />  <h3>Lead</h3> Lead is a very toxic element that harms health in numerous ways, even at low doses. Lead can be inhaled, ingested, or absorbed through the skin. Brain damage, kidney damage, and gastrointestinal distress are caused by acute (short-term) exposure to high levels of lead. Chronic (long-term) exposure affects the blood, central nervous system (CNS), blood pressure, kidneys, and Vitamin D metabolism. Effects on the reproductive functions, such as reduced sperm counts in men and spontaneous abortions in women, have also been associated with lead exposure. The developing fetus is at particular risk from maternal lead exposure, with low birth weight and slowed postnatal neurobehavioral development noted. </p> <p>Human studies evaluating the relationship between lead exposure and cancer are not yet complete, but animal studies have shown increased frequency of various forms of cancer as a result of lead ingestion. The EPA classifies lead and all lead-containing compounds as probable human carcinogens. </p> <p>Children are more sensitive than adults to the adverse effects of lead. Development of thought processes and physical coordination can be delayed even from low doses, and sufficiently high doses can lead to death. Children are particularly sensitive to the chronic effects of lead, with lower IQs, reduced growth, and other effects reported. </p> <p> </p> <p> </p> <p> </p> <p>More information on the health effects of lead at </p> <p><a href="http://www.atsdr.cdc.gov/toxprofiles/tp13.html"></p> <p>http://www.atsdr.cdc.gov/toxprofiles/tp13.html </p> <p></a> </p> <p> </p> <p> <a name="As" />  <h3>Arsenic</h3> Arsenic exposure is associated with lung cancer. In addition, acute human exposure to arsenic from inhalation can cause gastrointestinal effects such as nausea, diarrhea, vomiting, and abdominal pain, and central and peripheral nervous system disorders such as migraines, weakness, delirium, and loss of feeling in the palms or the soles of the feet. Arsenic can lead to skin problems including non-cancerous skin lesions, increased pigmentation, wart-like lesions on the palms or soles of the feet, and white lines on the fingers. Finally, oral exposure to low levels of inorganic arsenic has caused problems in the gastrointestinal tract (nausea and vomiting), the central nervous system, the cardiovascular system (hypertension and anemia), the liver, and the kidneys. </p> <p> </p> <p> </p> <p>More information on the health effects of arsenic at </p> <p> <a href="http://www.atsdr.cdc.gov/toxprofiles/tp2.html"></p> <p> http://www.atsdr.cdc.gov/toxprofiles/tp2.html </p> <p></a> </p> <p> </p> <p> <a name="Cd" />  <h3>Cadmium</h3> Cadmium exposure mainly occurs through inhalation and accidental ingestion. Once it enters the body, cadmium accumulates in smooth tissues and can lead to lung damage, kidney damage, bladder problems, skeletal weakness, emphysema, chronic bronchitis, heart disease, and anemia. It is also a probable carcinogen. </p> <p> </p> <p> </p> <p> </p> <p>More information on the health effects of cadmium at </p> <p> <a href="http://www.atsdr.cdc.gov/toxprofiles/tp5.html"></p> <p> http://www.atsdr.cdc.gov/toxprofiles/tp5.html </p> <p></a> </p> <p> </p> <p> <a name="SO2" />  <h3>Sulfur Dioxide</h3> Sulfur dioxide presents a serious health hazard. High concentrations of the substance correlate with premature death, chronic respiratory illness, greater hospital admissions, aggravation of asthmatic symptoms, more days of restricted activity, and acute respiratory symptoms. Clinical studies have also revealed reduced pulmonary function and a reduction in bronchial clearance rates from exposure to sulfur dioxide. </p> <p> </p> <p> </p> <p>Children, the elderly, and asthmatics are most vulnerable to the effects of sulfur dioxide. The main exposure route is through inhalation. </p> <p> </p> <p> </p> <p>More information on the health effects of sulfur dioxide at </p> <p> <a href="http://www.atsdr.cdc.gov/toxprofiles/tp116.html"></p> <p> http://www.atsdr.cdc.gov/toxprofiles/tp116.html </p> <p></a></p> ','', '', NOW(), 1),
              (1034,1034,1,'Contaminantes', '<p>En la Oroya existen datos de monitoreo para cuatro contaminantes, a pesar de que pueden estarse emitiendo muchos más. Los contaminantes bajo monitoreo son: </p> <p> <a href="#SO2"></p> <p> Dióxido de Azufre</a>, </p> <p> <a href="#As"></p> <p> Arsénico</a>, </p> <p> <a href="#Cd"></p> <p> Cadmio</a>, y </p> <p> <a href="#Pb"></p> <p> Plomo</a>. </p> <p>Cada uno de estos es emitido a tasas impresionantes debido a la fundición de plomo y están asociados a severos impactos en la salud.</p> <p><a name="Pb" />  <h3>Plomo</h3> El plomo es un elemento muy tóxico que, incluso en dosis muy bajas, daña la salud de diversas maneras, pudiendo ser inhalado, ingerido o absorbido a través de la piel. Exposiciones agudas (corto plazo) a altos niveles de plomo causan daño cerebral, gastrointestinal y en los riñones. Las exposiciones crónicas (largo plazo) afectan la sangre, el sistema nervioso central, la presión sanguínea, los riñones y el metabolismo de Vitamina D. También han sido asociados con la exposición a este elemento algunos efectos en las funciones reproductivas, como la reducción en la contabilización de espermatozoides en los hombres y abortos espontáneos en las mujeres. El desarrollo del feto es un riesgo particular de la exposición de la madre al plomo, con registros de bajo peso al nacer y retardos en el desarrollo neuro-cognitivo. </p> <p>Los estudios en humanos que evalúen la relación entre la exposición al plomo y el cáncer no se han finalizado; pero existen estudios en animales que han demostrado un aumento en la frecuencia de varias formas de cáncer como resultado de la ingestión de plomo. La EPA de EEUU clasifica el plomo y los compuestos de plomo como un probable cancerígeno para los humanos. </p> <p>Los niños son mas sensibles que los adultos a los efectos adversos del plomo. El desarrollo de procesos de pensamiento y coordinación física pueden sufrir retrasos incluso con dosis pequeñas, mientras que dosis suficientemente grandes pueden llevar a la muerte. Los niños son particularmente sensibles a sufrir efectos crónicos ocasionados por el plomo, con bajos índices de coeficiente intelectual, crecimiento reducido y otros efectos reportados. </p> <p>Más información acerca de los efectos del plomo en la salud http://www.atsdr.cdc.gov/toxprofiles/tp13.html</p> <p></a></p> <p><a name="As" />  <h3>Arsénico</h3> La exposición a arsénico esta asociada con cáncer de pulmón. Adicionalmente la exposición humana aguda a la inhalación de arsénico puede tener efectos gastrointestinales como náuseas, diarrea, vómito y dolor abdominal, y desórdenes en el sistema nervioso central y periférico como migrañas, debilidad, delirio y pérdida de sensibilidad en las plantas o empeine de los pies. El arsénico puede desencadenar problemas en la piel, incluyendo lesiones no cancerosas, aumento de pigmentación, lesiones de tipo verrugoso en las plantas o empeine de los pies y líneas blancas en los dedos. Finalmente, la exposición oral a pequeños niveles de arsénico inorgánico ha causado problemas en el tracto gastrointestinal (náusea y vómito), sistema nervioso central, sistema cardiovascular (hipertensión y anemia), hígado y riñones. </p> <p>Más información acerca de los efectos del arsénico en la salud http://www.atsdr.cdc.gov/toxprofiles/tp2.html</p> <p></a></p> <p><a name="Cd" />  <h3>Cadmio</h3> Los niños más pequeños son especialmente vulnerables a ingerir accidentalmente los contaminantes, a través del contacto de las manos a la boca. </p> <p> </p> <p> </p> <p>La exposición al cadmio ocurre principalmente a través de la inhalación e ingestión accidental. Una vez que entra al cuerpo, el cadmio se acumula en los tejidos blandos y puede resultar en daño pulmonar, daño en los riñones, problemas de vesícula, debilidad ósea, enfisema, bronquitis crónica, enfermedades cardiacas y anemia. También es un probable carcinógeno. </p> <p>Más información acerca de los efectos del cadmio en la salud http://www.atsdr.cdc.gov/toxprofiles/tp5.html</p> <p></a></p> <p><a name="SO2" />  <h3>Dióxido de Azufre</h3> El dióxido de azufre es una seria amenaza para la salud. Altas concentraciones de esta substancia están correlacionadas con muertes prematuras, enfermedades respiratorias crónicas, mayores entradas al hospital, agravación de síntomas asmáticos, mayores días de actividad restringida y síntomas respiratorios agudos. Estudios clínicos también han revelado una reducción en la función pulmonar así como la reducción en las tasas de limpieza bronquial debido a la exposición con dióxido de azufre. </p> <p>Los niños, ancianos y asmáticos son los más vulnerables a sufrir los efectos del dióxido de azufre, cuya principal ruta de exposición es a través de la inhalación. </p> <p>Más información acerca de los efectos en la salud por el dióxido de azufre http://www.atsdr.cdc.gov/toxprofiles/tp116.html </p> <p></a></p> ', '', '', NOW(), 1);
INSERT INTO url_alias (src, dst, language) VALUES ('node/34','laoroya.contaminants','en');
INSERT INTO url_alias (src, dst, language) VALUES ('node/1034','laoroya.contaminants','es');
INSERT INTO node
            (nid,            vid,            type,  language,title,             uid, status, created, changed, comment, promote, moderate, sticky, tnid, translate) VALUES
            (35,     35,     'book','en',    'Health Statistics',1,   1,      NOW(),   NOW(), 0,0,0,0,35,0),
            (1035,1035,'book','es',    'Estudios de Salud Pública',1,   1,      NOW(),   NOW(), 0,0,0,0,35,0);
INSERT INTO book (mlid, nid, bid) VALUES (10054,35,1),(10055,1035,1001);
INSERT INTO node_revisions
              (nid,       vid,       uid, title,              body,             teaser,          log, timestamp,format) VALUES
              (35,35,1,   'Health Statistics', '<p>Data from the 1999 DIGESA report demonstrates that more than 99% of children in La Oroya have elevated blood-lead levels. The below table shows the medical action recommended by the Centers for Disease Control (CDC) according to the degree of lead poisoning. More than 18% of the 346 randomly selected children studied in La Oroya should have been hospitalized for immediate medical treatment. To our knowledge, none of the children have been appropriately treated to date. While a level of 10 ug/dL of lead in the blood is considered acceptable, recent studies have shown that the effects of lead poisoning, such as weaker academic and cognitive skills, can occur at even lower levels. </p> <p> </p> <p><table class="statistics"><tr><th>Blood Lead Levels (ug/dL)</th> </p> <p> <th>Percentage with levels within this range </th> </p> <p> <th>Number of children (total of 346 children)</th> </p> <p> <th>Recommended medical attention</th></tr><tr><td>0 &#x2013; 10</td><td class="right">0.9%</td><td class="right"> 3</td><td>None</td></tr><tr><td>10.1 &#x2013; 20</td><td class="right">13.3%</td><td class="right"> 45</td><td>Refer for case management</td></tr><tr><td>20.1 &#x2013; 44</td><td class="right">67.0%</td><td class="right"> 234</td><td>Refer for medical evaluation and follow up. Identify and eliminate sources of lead..</td></tr><tr><td>44.1 &#x2013; 70</td><td class="right">18.3%</td><td class="right"> 62</td><td>Refer for urgent medical attention (within 48 hours)</td></tr><tr><td>> 70</td><td class="right">0.6%</td><td class="right"> 2</td><td>Immediately admit for chelation therapy.</td></tr></table><table class="statistics"><tr><th>District</th> </p> <p> <th>Children tested</td><th>Age</th> </p> <p> <th>Min. (ug/dL)</th> </p> <p> <th>Max. (ug/dL)</th> </p> <p> <th>Mean. (ug/dL)</th> </p> <p> <th>Average (ug/dL)</th> </p> <p> <th>Standard (ug/dL)</th></tr><tr><td>La Oroya Antigua</td><td class="right">139</td><td class="right">3 - 10</td><td class="right">14.7</td><td class="right">79.9</td><td class="right">42.8</td><td class="right">43.5</td><td class="right">10</td></tr><tr><td>La Oroya Nueva</td><td class="right">162</td><td class="right">4 - 9</td><td class="right">14.6</td><td class="right">67</td><td class="right">26.1</td><td class="right">26.6</td><td class="right">10</td></tr><tr><td>Sta. Rosa de Sacco</td><td class="right">45</td><td class="right">3 - 9</td><td class="right">6.9</td><td class="right">52.5</td><td class="right">28.5</td><td class="right">28.7</td><td class="right">10</td></tr><tr><td>Total</td><td class="right">346</td><td class="right">3 - 10</td><td class="right">6.9</td><td class="right">79.9</td><td class="right">32.8</td><td class="right">33.6</td><td class="right">10</td></tr></table><table class="statistics"><tr><th>Age group</th> </p> <p> <th>Children tested</th> </p> <p> <th>Percentage%</th> </p> <p> <th>Min. (ug/dL)</th> </p> <p> <th>Max (ug/dL)</th> </p> <p> <th>Standard (ug/dL)</th> </p> <p> <th>Average (ug/dL)</th> </p> <p> <th>Standard Deviation(ug/dL)</th></tr><tr><td>2 a 4</td><td class="right">8</td><td class="right">2.3</td><td class="right">21.7</td><td class="right">67.7</td><td class="right">10</td><td class="right">38.6</td><td class="right">11.2</td></tr><tr><td>4.1 a 6</td><td class="right">84</td><td class="right">24</td><td class="right">6.9</td><td class="right">79.9</td><td class="right">10</td><td class="right">34.1</td><td class="right">14.7</td></tr><tr><td>6.1 a 8</td><td class="right">134</td><td class="right">38.7</td><td class="right">10.6</td><td class="right">68.2</td><td class="right">10</td><td class="right">36.3</td><td class="right">12.1</td></tr><tr><td>8.1 a 10</td><td class="right">120</td><td class="right">34.7</td><td class="right">9.0</td><td class="right">58.7</td><td class="right">10</td><td class="right">30.6</td><td class="right">11.3</td></tr><tr><td>Total</td><td class="right">346</td><td class="right">100.0</td><td class="right">6.9</td><td class="right">79.9</td><td class="right">10</td><td class="right">33.6</td><td class="right">12.3</td></tr></table>A July 2002 indpendent blood-lead sampling study conducted by the NGO "Uniendo Manos Contra la Pobreza" shows that the situation in La Oroya remains critical. Of 78 individuals tested for blood-lead in this more recent study, none had blood-lead levels less than 10ug/dL, and 33 individuals had levels greater than 40 ug/dL. </p> <p> </p> <p> </p> <p>The high levels of other harmful contaminants in the air further exacerbate the health crisis. The levels of <a href="/?q=laoroya.contaminants">sulfur dioxide</a>, toxic metals such as <a href="/?q=laoroya.contaminants">cadmium</a> and <a href="/?q=laoroya.contaminants">arsenic</a>, and particulate matter in La Oroya also greatly exceed safety standards endorsed by the EPA and the World Health Organization. </p> <p> </p> <p> </p> <p> </p> <p> Study of La Oroya blood lead levels by Ministry of Health: <br></p> <p> {DOC DIGESA_blood_Pb_Exec.pdf Executive Summary (in Spanish) [PDF, 184k]} <br></p> <p> {DOC DIGESA_blood_Pb_Main.pdf Main (in Spanish) [PDF, 996k]} <br></p> <p> {DOC DIGESA_blood_Pb_Fotos.pdf Photographs (includes Spanish text)[PDF, 284k]} <br></p> <p> {DOC DIGESA_blood_Pb_Graphs.pdf Graphs (in Spanish) [PDF, 916k]} <br></p> ','', '', NOW(), 1),
              (1035,1035,1,'Estudios de Salud Pública', '<p>A partir de los resultados de monitoreo de plomo en sangre llevado a cabo por la Dirección General de Salud Ambiental – DIGESA – del Ministerio de Salud en noviembre de 1999, se ha podido determinar que existe una situación crítica en la salud de la población infantil de La Oroya por intoxicación por plomo. El cuadro muestra los niveles de plomo en sangre reportados por DIGESA y las acciones médicas recomendadas respectivamente por la CDC en los EEUU. Mas que 18% de los niños analizados debieron ser remitidos urgentemente a un hospital para atención médica. Se considera que el nivel de 10 ug/dL de plomo en la sangre es un nivel aceptable, pero estudios recientes han demostrado que los efectos de intoxicación se producen aún a niveles menores, </p> <p> </p> <p><table class="statistics"><tr><th>Rango de plomo en sangre (ug/dL)</th> </p> <p> <th>Porcentaje de niños con este rango</th> </p> <p> <th>Número de niños (de un total de 346 niños) </th> </p> <p> <th>Atención médica que se recomienda</th></tr><tr><td>0 &#x2013; 10</td><td class="right">0.9%</td><td class="right"> 3</td><td>Ninguna</td></tr><tr><td>10.1 &#x2013; 20</td><td class="right">13.3%</td><td class="right"> 45</td><td>Referir para manejo de caso</td></tr><tr><td>20.1 &#x2013; 44</td><td class="right">67.0%</td><td class="right"> 234</td><td>Referir para evaluación médica y seguimiento. Identificar y eliminar las fuentes de plomo.</td></tr><tr><td>44.1 &#x2013; 70</td><td class="right">18.3%</td><td class="right"> 62</td><td>Referir para atención médica urgente y seguimiento ambiental (dentro de las siguientes 48 horas)</td></tr><tr><td>> 70</td><td class="right">0.6%</td><td class="right"> 2</td><td>Admitir para terapia de quelación inmediata.</td></tr></table><table class="statistics"><tr><th>Localidad</th> </p> <p> <th>No niños</td><th>Edad (Años)</th> </p> <p> <th>Mínimo (ug/dL)</th> </p> <p> <th>Máximo (ug/dL)</th> </p> <p> <th>M. Geom. (ug/dL)</th> </p> <p> <th>Promedio (ug/dL)</th> </p> <p> <th>Límite Permisible (ug/dL)</th></tr><tr><td>La Oroya Antigua</td><td class="right">139</td><td class="right">3 - 10</td><td class="right">14.7</td><td class="right">79.9</td><td class="right">42.8</td><td class="right">43.5</td><td class="right">10</td></tr><tr><td>La Oroya Nueva</td><td class="right">162</td><td class="right">4 - 9</td><td class="right">14.6</td><td class="right">67</td><td class="right">26.1</td><td class="right">26.6</td><td class="right">10</td></tr><tr><td>Sta. Rosa de Sacco</td><td class="right">45</td><td class="right">3 - 9</td><td class="right">6.9</td><td class="right">52.5</td><td class="right">28.5</td><td class="right">28.7</td><td class="right">10</td></tr><tr><td>Total</td><td class="right">346</td><td class="right">3 - 10</td><td class="right">6.9</td><td class="right">79.9</td><td class="right">32.8</td><td class="right">33.6</td><td class="right">10</td></tr></table><table class="statistics"><tr><th>Grupos de Edad</th> </p> <p> <th>No niños</th> </p> <p> <th>Porcentaje%</th> </p> <p> <th>Mínimo(ug/dL)</th> </p> <p> <th>Máximo(ug/dL)</th> </p> <p> <th>Límite Permisible (ug/dL)</th> </p> <p> <th>Promedio (ug/dL)</th> </p> <p> <th>Desviación Estándar(ug/dL)</th></tr><tr><td>2 a 4</td><td class="right">8</td><td class="right">2.3</td><td class="right">21.7</td><td class="right">67.7</td><td class="right">10</td><td class="right">38.6</td><td class="right">11.2</td></tr><tr><td>4.1 a 6</td><td class="right">84</td><td class="right">24</td><td class="right">6.9</td><td class="right">79.9</td><td class="right">10</td><td class="right">34.1</td><td class="right">14.7</td></tr><tr><td>6.1 a 8</td><td class="right">134</td><td class="right">38.7</td><td class="right">10.6</td><td class="right">68.2</td><td class="right">10</td><td class="right">36.3</td><td class="right">12.1</td></tr><tr><td>8.1 a 10</td><td class="right">120</td><td class="right">34.7</td><td class="right">9.0</td><td class="right">58.7</td><td class="right">10</td><td class="right">30.6</td><td class="right">11.3</td></tr><tr><td>Total</td><td class="right">346</td><td class="right">100.0</td><td class="right">6.9</td><td class="right">79.9</td><td class="right">10</td><td class="right">33.6</td><td class="right">12.3</td></tr></table>Datos de 2002, de un estudio independiente llevado a cabo por el ONG "Uniendo Manos Contra la Pobreza" mostró que la situación en La Oroya sigue siendo crítica. De los 78 individuos que proporcionaron muestreos de sangre, ninguno tenía niveles de plomo menor que 10ug/dL, y 33 personas tenían niveles mayores que 40 ug/dL. </p> <p> </p> <p> </p> <p>Los altos niveles de otros contaminantes tóxicos en el aire hace aun peor el crisis de La Oroya. Los niveles de <a href="/?q=laoroya.contaminants">dióxido de azufre</a>, metales tóxicos como el <a href="/?q=laoroya.contaminants">cadmio</a> y <a href="/?q=laoroya.contaminants">arsénico</a>, y materiales particulados en La Oroya también sobrepasan por mucho los estándares de salud promovidos por la EPA de los EEUU y la Organización Mundial de Salud. </p> <p> </p> <p> </p> <p> Monitoreo de plomo en sangre realizado por DIGESA: <br></p> <p> {DOC DIGESA_blood_Pb_Exec.pdf Resumen ejecutivo[PDF, 184k]} <br></p> <p> {DOC DIGESA_blood_Pb_Main.pdf Documento [PDF, 996k]} <br></p> <p> {DOC DIGESA_blood_Pb_Fotos.pdf Fotos [PDF, 284k]} <br></p> <p> {DOC DIGESA_blood_Pb_Graphs.pdf Gráficos [PDF, 916k]} <br></p> ', '', '', NOW(), 1);
INSERT INTO url_alias (src, dst, language) VALUES ('node/35','laoroya.health_statistics','en');
INSERT INTO url_alias (src, dst, language) VALUES ('node/1035','laoroya.health_statistics','es');
INSERT INTO node
            (nid,            vid,            type,  language,title,             uid, status, created, changed, comment, promote, moderate, sticky, tnid, translate) VALUES
            (37,     37,     'book','en',    'Environmental Conditions',1,   1,      NOW(),   NOW(), 0,0,0,0,37,0),
            (1037,1037,'book','es',    'Condiciones Ambientales',1,   1,      NOW(),   NOW(), 0,0,0,0,37,0);
INSERT INTO book (mlid, nid, bid) VALUES (10056,37,1),(10057,1037,1001);
INSERT INTO node_revisions
              (nid,       vid,       uid, title,              body,             teaser,          log, timestamp,format) VALUES
              (37,37,1,   'Environmental Conditions', '<p>La Oroya is a densely populated city approximately 175 km from Lima in the central Andes of Peru. The city emerged without planning at the side of the metallurgical complex bearing the same name, and a significant population now resides mere meters from the smelter. In this largely unpaved city nestled among mountains that sulfur dioxide emissions have long since stripped of all plant-life, contamination by heavy-metal particulates is severe and poses an unacceptable threat to human health. The problem is aggravated by the lack of human services, shortages in <a href="/?q=laoroya.water">clean water</a>, and substandard nutritional and educational levels. Sulfur dioxide-induced respiratory problems are also widespread. Medical services for the more than 30,000 very poor residents are inadequate. </p> <p> </p> <p> </p> <p>Considering the environmental conditions in La Oroya, the <a href="/?q=laoroya.health_statistics">lead-poisoning epidemic</a> comes as no surprise. What is surprising is that the government and Doe Run are doing so little to address the problem in La Oroya, while <a href="/?q=doerunairemissions">Doe Run is cleaning up similar facilities</a> in the US. In La Oroya, city schools, open-air food markets and play-grounds are all located within a highly contaminated zone. A recent study conducted by ELAW Peru found lead dust levels in paved, public areas more than six times the 800 ug/ft2 guideline for exterior surface dust recommended by the US Department of Housing and Urban Development (HUD). <a href="/?q=laoroya.monitoring_program">Air quality monitoring</a> for 2001 showed similarly extreme contamination levels, with annual average air concentration in La Oroya Antigua far exceeding World Health Organization and US standards. </p> <p> </p> <p><table class="statistics"><tr><th>Air Contaminant</th> </p> <p> <th>La Oroya Antigua * / Year</th> </p> <p> <th>International Standard* </th></tr><tr><td><a href="contaminants.php#Pb">Lead</a></td><td>172 ppb / 2001</td><td>30 ppb ñ NAAQS annual mean</td></tr><tr><td><a href="contaminants.php#As">Arsenic</a></td><td>3.2 ug/m3 / 2001</td><td>No standard available</td></tr><tr><td><a href="contaminants.php#Cd">Cadmium</a></td><td>0.228 ug/m3 / 1999**</td><td>0.005 ug/m3 - WHO</td></tr><tr><td><a href="contaminants.php#SO2">Sulfur Dioxide</a></td><td>2.5 ug/m3 / 2001</td><td>0.5 ug/m3 - WHO</td></tr><tr><td colspan="3">Air quality data for selected contaminants in La Oroya. (*Annual average concentrations) (** Last available data)</td></tr></table>As the air quality data demonstrates, lead is far from the only problem in La Oroya. The health impacts of the cadmium, arsenic, and sulfur dioxide contamination, not to mention the numerous other toxic heavy metals likely emitted by the smelter, may in fact be much more problematic.</p> ','', '', NOW(), 1),
              (1037,1037,1,'Condiciones Ambientales', '<p>La Oroya es una ciudad densamente poblada ubicada a aproximadamente 175 km de Lima, en los Andes centrales del Perú. La ciudad emergió sin planeación, al lado de un complejo metalúrgico que lleva el mismo nombre, con una población significativa que ahora reside a pocos metros de la fundición. En esta ciudad la mayoría sin pavimentar, anidada entre las montañas en la cual las emisiones de dióxido de azufre han limpiado desde hace tiempo toda vida vegetal, la contaminación por partículas de metales pesados es severa, generando una inaceptable amenaza para la salud humana. El problema se agrava por la falta de servicios sanitarios, deficiencia de <a href="/?q=laoroya.water">agua limpia</a> y niveles nutricionales y educacionales por debajo de los estándares. Los problemas respiratorios inducidos por el dióxido de azufre también son comunes, y los servicios médicos para mas de 30,000 residentes muy pobres son inadecuados. </p> <p>Considerando las condiciones ambientales en La Oroya, la <a href="/?q=laoroya.health_statistics">epidemia de envenenamiento con plomo</a> no es una sorpresa. Lo realmente sorprendente es que el gobierno y Doe Run estén haciendo tan poco para enfrentar el problema en La Oroya, a pesar que la compañía esta descontaminando instalaciones industriales similares en los Estados Unidos. En La Oroya hay ubicadas escuelas locales, mercados de comida al aire libre y parques de juegos dentro de la zona que esta altamente contaminada. Un estudio reciente adelantado por ELAW Perú reveló polvo de plomo en áreas públicas pavimentadas, a niveles seis veces superiores a los 800 ug/pie2 que el Departamento de Vivienda y Desarrollo Urbano de los Estados Unidos recomienda para superficies exteriores polvorientas. <a href="/?q=laoroya.monitoring_program">El monitoreo en la calidad del aire</a> para el 2001 mostró unos niveles extremos de contaminación similares al promedio anual de concentración de aire en La Oroya Antigua, sobrepasando ampliamente los estándares de la Organización Mundial de la Salud y de Estados Unidos. </p> <p><table class="statistics"><tr><th>Contaminante de Aire</th> </p> <p><th>La Oroya Antigua* / Año</th> </p> <p><th>Estándar internacional* </th></tr><tr><td><a href="contaminants.php#Pb">Plomo</a></td><td>172 ppb / 2001</td><td>30 ppb ñ NAAQS medio anual</td></tr><tr><td><a href="contaminants.php#As">Arsénico</a></td><td>3.2 ug/m3 / 2001</td><td>Estándar no disponible</td></tr><tr><td><a href="contaminants.php#Cd">Cadmio</a></td><td>0.228 ug/m3 / 1999**</td><td>0.005 ug/m3 - WHO</td></tr><tr><td><a href="contaminants.php#SO2">Dióxido de Azufre</a></td><td>2.5 ug/m3 / 2001</td><td>0.5 ug/m3 - WHO</td></tr><tr><td colspan="3">Datos de calidad del aire para contaminantes seleccionados en La Oroya. (* Promedio de concentraciones anuales) (** Últimos datos disponibles)</td></tr></table>Como lo demuestran los datos de calidad de aire, el plomo es de lejos el único problema evaluado en La Oroya. Los impactos en la salud por la contaminación de cadmio, arsénico y dióxido de azufre, sin mencionar otros numerosos metales pesados tóxicos probablemente emitidos por la fundición que pueden de hecho ser mucho más problemáticos.</p> ', '', '', NOW(), 1);
INSERT INTO url_alias (src, dst, language) VALUES ('node/37','laoroya.environmental_conditions','en');
INSERT INTO url_alias (src, dst, language) VALUES ('node/1037','laoroya.environmental_conditions','es');
INSERT INTO node
            (nid,            vid,            type,  language,title,             uid, status, created, changed, comment, promote, moderate, sticky, tnid, translate) VALUES
            (158,     158,     'book','en',    'Economic Instruments',1,   1,      NOW(),   NOW(), 0,0,0,0,158,0),
            (1158,1158,'book','es',    'Instrumentos Económicos',1,   1,      NOW(),   NOW(), 0,0,0,0,158,0);
INSERT INTO book (mlid, nid, bid) VALUES (10058,158,1),(10059,1158,1001);
INSERT INTO node_revisions
              (nid,       vid,       uid, title,              body,             teaser,          log, timestamp,format) VALUES
              (158,158,1,   'Economic Instruments', '<p>Economic instruments are used to influence the behavior of economic actors by changing the costs and benefits of different alternative actions. When used in combination with regulations, such instruments can be effective tools for the conservation, protection, restoration, or sustainable use of natural resources and the environment. </p> <p>With respect to economic instruments to promote sustainable fisheries, there are classical economic incentives, such as <a href="/?q=fisheries_certeco">eco-labeling and certifications</a>, quotas, subsidies to reduce the fishing effort, <a href="/?q=fisheries_green">green taxes</a>, and loans, among others. Public and private funds are also used to promote or discourage certain activities and to support research. Additionally, there are economic incentives created by regulations that in a strict sense “discourage” activities, to the benefit of the public. These include fines and penalties for violations of the law, along with the <a href="/?q=fisheries_embargo">embargo</a>. </p> <p>Currently, economic incentives and regulatory instruments are used jointly to establish responsible fisheries management practices. Economic incentives have been applied because they generate positive and negative incentives for fish management and consumption and because “command and control” regulations alone have proven insufficient in making fisheries sustainable.</p> ','', '', NOW(), 1),
              (1158,1158,1,'Instrumentos Económicos', '<p>Los instrumentos económicos son herramientas utilizadas por la sociedad y más específicamente por los gobiernos, para influenciar el comportamiento de los agentes económicos, sobre las actividades productivas. Afectan tanto a los costos de producción como a los beneficios que se derivan de las acciones de los agentes económicos. Si se utilizan junto con la regulación, pueden ser efectivos en la preservación, protección, restauración o aprovechamiento sostenible de los recursos naturales y el medio ambiente. </p> <p>En materia de instrumentos económicos para la pesca responsable se encuentran los incentivos económicos clásicos, como <a href="/?q=fisheries_certeco">ecoetiquetados y certificaciones</a>, cuotas, subsidios para reducir el esfuerzo pesquero, <a href="/?q=fisheries_green">impuestos verdes</a> y los préstamos, entre otros. También existen fondos públicos o privados, utilizados para incentivar o desincentivar ciertas actividades y para apoyar investigaciones. Adicionalmente existen incentivos económicos que se traducen en acciones normativas como las multas y las penas por violaciones de la ley, que en sentido estricto “desincentivan” conductas a favor del bienestar público. Otro ejemplo de ello es el <a href="/?q=fisheries_embargo">embargo</a>. </p> <p>Los diferentes tipos de incentivos económicos se combinan en la práctica con los instrumentos regulatórios, para lograr una administración responsable de las pesquerías. Se usan porque generan incentivos positivos o negativos en la gestión y consumo de la pesca, y porque la regulación por si sola no ha sido suficiente para lograr un uso responsable en la pesca.</p> ', '', '', NOW(), 1);
INSERT INTO url_alias (src, dst, language) VALUES ('node/158','fisheries_instruments','en');
INSERT INTO url_alias (src, dst, language) VALUES ('node/1158','fisheries_instruments','es');
INSERT INTO node
            (nid,            vid,            type,  language,title,             uid, status, created, changed, comment, promote, moderate, sticky, tnid, translate) VALUES
            (39,     39,     'book','en',    'Proposed Actions',1,   1,      NOW(),   NOW(), 0,0,0,0,39,0),
            (1039,1039,'book','es',    'Acciones Propuestas',1,   1,      NOW(),   NOW(), 0,0,0,0,39,0);
INSERT INTO book (mlid, nid, bid) VALUES (10060,39,1),(10061,1039,1001);
INSERT INTO node_revisions
              (nid,       vid,       uid, title,              body,             teaser,          log, timestamp,format) VALUES
              (39,39,1,   'Proposed Actions', '<p>Many lead-contaminated sites around the world have been cleaned up successfully. The <a href="http://yosemite.epa.gov/r10/cleanup.nsf/9f3c21896330b4898825687b007a0f33/1a829ac00e6d429e882566290004a644?OpenDocument#clean">Bunker Hill Superfund Site</a> in Northern Idaho and <a href="http://www.epa.gov/oerrpage/superfund/sites/rods/fulltext/r0898096.pdf">remediation of the Anaconda Smelter</a> in Anaconda, Montana are two examples. Tremendous advances have also been made in mitigating lead contamination from the Pe&#xF1;oles smelter in Mexico, and in the Peruvian port of Callao. Given that the technology and knowledge for addressing lead contamination problems already exists, there is no acceptable reason why the residents of La Oroya should be exposed to such extreme and hazardous contamination. </p> <p> </p> <p> </p> <p>However, effective solutions will require collaboration and support from a variety of actors. There is a role for everyone, including government authorities, the Doe Run Company, international and financial institutions, civil society organizations, and the local community. These actors must work together to as soon as possible drastically reduce human exposure to toxic contaminants in both the city of La Oroya and in the neighboring communities.  <h3>Recommendations</h3> La Oroya is experiencing a public health disaster that is possibly unmatched in the Americas today. Urgent measures are needed to protect human health in the short-term, and carefully elaborated solutions to challenging problems are necessary if the smelter is to be sustainable in the long term. Change is needed on many fronts. AIDA recommends the following actions: </p> <p> </p> <p> <ul> <li><a href="/?q=laoroya.public_health_actions">Addressing the public health emergency in La Oroya</a></li> <li><a href="/?q=laoroya.emissions_measures">Reducing emissions from the smelter complex</a></li> <li><a href="/?q=laoroya.city_measures">Reducing dispersal of contamination in the city</a></li> <li><a href="/?q=laoroya.scientific_research">Scientific Research</a></li> <li><a href="/?q=laoroya.alternative_development">Alternative economic and urban development</a></li> <li><a href="/?q=laoroya.improved_regulation">Improving government oversight and regulation of the Doe Run smelter</a></li></ul></p> ','', '', NOW(), 1),
              (1039,1039,1,'Acciones Propuestas', '<p>Muchos sitios contaminados con plomo alrededor del mundo han sido exitosamente limpiados. El sitio de <a href="http://yosemite.epa.gov/r10/cleanup.nsf/9f3c21896330b4898825687b007a0f33/1a829ac00e6d429e882566290004a644?OpenDocument#clean">Bunker Hill del Súper fondo</a> en el Norte de Idaho y <a href="http://www.epa.gov/superfund/programs/recycle/1-pagers/anaconda.htm">la remediación de la fundición de Anaconda</a> en Montana son dos ejemplos de ello. También se han realizado avances significativos en la mitigación de la contaminación con plomo en la fundición de Peñoles en México y en el puerto peruano del Callao. Teniendo en cuenta que la tecnología y el conocimiento para abordar los problemas de contaminación con plomo existen en la actualidad, no hay razón por la cual los residentes de La Oroya deban estar expuestos a tan extremas y peligrosas condiciones. </p> <p>Sin embargo, las soluciones efectivas requieren de la colaboración y el apoyo de diversos actores. Cada uno tiene un rol particular, incluyendo las autoridades gubernamentales, la compañía Doe Run, las instituciones financieras internacionales, las organizaciones de la sociedad civil y la comunidad local. Estos actores deben trabajar conjuntamente para que tan pronto como sea posible, se reduzca drásticamente la exposición humana a los contaminantes tóxicos tanto en la ciudad de La Oroya como en las comunidades aledañas. <h3>Recomendaciones</h3> La Oroya está experimentando un desastre de salud pública, posiblemente sin precedentes en la América actual. Se requieren medidas urgentes para la protección de la salud humana en el corto plazo, así como soluciones cuidadosamente elaboradas para abordar estos problemas para que la fundición sea sostenible en el largo plazo. Los cambios son necesarios en varios frentes. AIDA recomienda las siguientes acciones: </p> <p> <ul> <li><a href="/?q=laoroya.public_health_actions">Enfrentar la emergencia de salud pública en La Oroya</a></li> <li><a href="/?q=laoroya.emissions_measures">Reducir las emisiones del complejo de la fundición</li> <li>laoroya.city_measures Reducir la dispersión de la contaminación en la ciudad</a></li> <li><a href="/?q=laoroya.scientific_research">Investigación científica</a></li> <li><a href="/?q=laoroya.alternative_development">Desarrollo económico y urbano alternativo</a></li> <li><a href="/?q=laoroya.improved_regulation">Mejoramiento de la vigilancia gubernamental y regulación de la fundición de Doe Run</a></li></p> ', '', '', NOW(), 1);
INSERT INTO url_alias (src, dst, language) VALUES ('node/39','laoroya.proposed_actions','en');
INSERT INTO url_alias (src, dst, language) VALUES ('node/1039','laoroya.proposed_actions','es');
INSERT INTO node
            (nid,            vid,            type,  language,title,             uid, status, created, changed, comment, promote, moderate, sticky, tnid, translate) VALUES
            (40,     40,     'book','en',    'Doe Run, U.S.',1,   1,      NOW(),   NOW(), 0,0,0,0,40,0),
            (1040,1040,'book','es',    'Doe Run en EE.UU.',1,   1,      NOW(),   NOW(), 0,0,0,0,40,0);
INSERT INTO book (mlid, nid, bid) VALUES (10062,40,1),(10063,1040,1001);
INSERT INTO node_revisions
              (nid,       vid,       uid, title,              body,             teaser,          log, timestamp,format) VALUES
              (40,40,1,   'Doe Run, U.S.', '<p>  <h3>Environmental recovery at Doe Run\'s smelter in Herculaneum, Missouri</h3> The environmental remediation underway at Doe Run\'s US smelter illustrates how much remains to be done in La Oroya. Ironically, money earned by Doe Run at the expense of health and the environment in La Oroya, may be used to pay for environmental improvements in Herculaneum, even though the need is much greater in La Oroya. The difference is that the US EPA has forced Doe Run to take action in the US while no strong government authority exists to advocate for environmental and health protections in Peru.  <h3>BACKGROUND</h3> In January 2001, the Missouri Department of Health and Senior Services released data from blood lead surveys that showed high levels of lead in children living in Herculaneum. The main source of lead pollution in the area is Doe Run\'s lead smelter, the nation\'s largest smelter. The survey showed that 24% of children aged 6 and younger met the federal standard for lead poisoning, defined as having at least 10 micrograms of lead per deciliter of blood. Considering that the US national average of lead in blood is 2.3 micrograms of lead per deciliter of blood, and that only 4% of US children are diagnosed with lead poisoning, local officials cited "a public health emergency" among Herculaneum children. (Note: by comparison, the <a href="/?q=laoroya.health_statistics">DIGESA study</a> found that in La Oroya, 99% of children have lead poisoning, and much higher average levels of blood lead.)  <h3>RELOCATION</h3> As a result of these findings, the federal government announced an emergency plan to temporarily relocate nearly 100 households, while Doe Run implemented a multimillion-dollar cleanup and reduced emissions from the lead smelter. Families with young children or pregnant women were relocated to hotels so that crews could clean up contaminated homes and yards.  <h3>MITIGATION ACTIONS TAKEN IN HERCULANEUM</h3> Mitigation measures in Herculaneum include: </p> <p> <ul> <li>Residential soil sampling and replacement for residences within a radius of 1.5 miles (2.4 km) of the smelter, at no cost to owner. (More than 900 homes);</li> <li>Comprehensive survey of blood-lead levels in children living within 1.5 miles (2.4 km) of the smelter;</li> <li>Environmental investigations on the homes and yards of all children with lead levels over 10 ug/dL;</li> <li>Recycling 78% of slag produced into the production circuit;</li> <li>Improved slag management and storage;</li> <li>Use of Teflon bags for improved efficiency in bag houses;</li> <li>Upgraded ventilation systems;</li> <li>Emissions reductions from production stream; and</li> <li>Reductions in dust from material handling.</li></ul> </p> <p>While some improvement has occurred, and though Doe Run has spent millions of dollars to reduce the pollution and clean up the contamination in Herculaneum, air quality in the vicinity of the smelter still fails to meet US federal standards.  <h3>SUPERFUND STATUS</h3> On behalf of the Herculaneum residents, House Minority Leader Richard Gephardt, D-St. Louis requested that Herculaneum be designated as a Superfund site in order to receive federal cleanup money. Missouri Governor Bob Holden has appealed to the US EPA for Superfund status and any other action that would benefit the vulnerable populations in Herculaneum. </p> <p> </p> <p>If Herculaneum is listed as a Superfund site, federal buyouts of contaminated homes could occur. Many residents are advocating for permanent buyouts of their properties, either by Doe Run or the government, claiming that the massive cleanup already under way is insufficient. Many of the families interviewed feel that Herculaneum is no longer a safe environment in which to raise their children.  <h3>FUTURE OF HERCULANEUM</h3> State officials and the Doe Run executives are currently at a crossroads; state officials don\'t think the company is making significant progress while Doe Run claims to be taking strong action to end pollution and substantially reduce health risks in Herculaneum. A Doe Run spokeswoman stated that the company has already taken significant measures in the past several months. Doe Run has begun the process of removing people from contaminated areas through a temporary relocation program while they clean the exterior and interior of homes. Additionally, the company is making modifications to the smelter to reduce emissions. However, state officials are unsatisfied with Doe Run\'s efforts to date, and are weighing their options, including buying out residents\' homes and even shutting down the lead smelter.</p> ','', '', NOW(), 1),
              (1040,1040,1,'Doe Run en EE.UU.', '<p>La remediación ambiental que se adelanta en la fundición de Doe Run en los Estados Unidos ilustra lo que falta por hacer en La Oroya. Irónicamente, el dinero que Doe Run gana a expensas de la salud y el medio ambiente en La Oroya, puede usarse para pagar el mejoramiento ambiental en Herculaneum, a pesar de que la necesidad es mayor en La Oroya. La diferencia es que la EPA ha forzado a Doe Run a tomar acciones en los Estados Unidos, mientras que en Perú no existe una autoridad ambiental fuerte que propenda por la protección del medio ambiente y la salud.  <h3>ANTECEDENTES</h3> En enero del 2001 el Departamento de Salud de Missouri y el Servicio de la Tercera Edad revelaron datos de estudios de plomo en la sangre que mostraron altos niveles de plomo en los niños que viven en Herculaneum. La fuente principal de contaminación por plomo del área es la fundición de plomo de Doe Run, la más grande a nivel nacional. El estudio mostró que 24% de los niños menores de 6 años se encontraban dentro de los estándares federales de envenenamiento con plomo, definido como el tener por lo menos 10 microgramos de plomo por decilitro de sangre. Considerando que el promedio nacional de plomo en la sangre en Estados Unidos es de 2.3 microgramos de plomo por decilitro de sangre, y que solamente el 4% de los niños estadounidenses es diagnosticado con envenenamiento de plomo, los funcionarios locales declararon una “emergencia de salud pública” entre los niños de Herculaneum. (Nota en comparación, el estudio DIGESA determinó que en La Oroya, el 99% de los niños tienen envenenamiento con plomo y un porcentaje mucho más alto de plomo en la sangre.)  <h3>REUBICACION</h3> Como consecuencia de estos descubrimientos, el gobierno federal anunció un plan de emergencia de varios millones de dólares para reubicar cerca de 100 residencias, mientras que Doe Run implementaba un plan de limpieza y reducción de emisiones de la fundición de plomo. Las familias con niños pequeños o mujeres embarazadas fueron reubicadas en hoteles para que el personal pudiera limpiar las casas y los patios contaminados.  <h3>ACCIONES DE MITIGACION TOMADAS EN HERCULANEUM</h3> Las medidas de mitigación en Herculaneum incluyen: <ul> <li>Toma de muestras del suelo residencial y reemplazo para las residencias dentro de un radio de 1.5 millas (2.4 Km) de la fundición, sin costo para el propietario. (Más de 900 casas);</li> <li>Estudios comprensibles de niveles de plomo en la sangre a niños residentes dentro de 1.5 millas (2.4 Km) de la fundición;</li> <li>Investigaciones ambientales a las casas y patios de todos los niños con niveles de plomo por encima de 10 ug/dL;</li> <li>Reciclaje del 78% de la escoria generada en el circuito de producción;</li> <li>Mejoramiento del manejo y almacenamiento de la escoria;</li> <li>Uso de bolsas de Teflón para mejorar la eficiencia de las bolsas de las casas;</li> <li>Actualización de sistemas de ventilación;</li> <li>Reducción de emisiones gaseosas de la producción; y</li> <li>Reducción de los polvos resultando del manejo del material.</li></ul> </p> <p>A pesar de haberse producido cierto avance y aunque Doe Run ha gastado millones de dólares para reducir y limpiar la contaminación en Herculaneum, la calidad del aire de la vecindad de la fundición todavía incumple los estándares federales en Estados Unidos.  <h3>ESTADO DEL SUPERFONDO</h3> En nombre de los residentes de Herculaneum, Richard Gephardt, ex-Líder Demócrata Minoritario de la Cámara de Representantes por Saint Louis, solicitó que Herculaneum fuera declarado como sitio del Súper-fondo con el fin de que reciba dinero federal para su descontaminación. Bob Holden, gobernador de Missouri, ha acudido a la EPA para obtener el estatus del Súper-fondo así como acciones adicionales que beneficien a la población vulnerable de Herculaneum. </p> <p>Si Herculaneum es incluida dentro de la lista de sitios del Súper-fondo, la compra federal de las casas contaminadas será posible. Muchos residentes están abogando por la compra permanente de sus propiedades, ya sea por parte de Doe Run o del gobierno, argumentando que la limpieza masiva que se adelanta es insuficiente. Muchas de las familias entrevistadas sienten que Herculaneum ya no es un medio ambiente sano en el cual criar a sus hijos.</p> ', '', '', NOW(), 1);
INSERT INTO url_alias (src, dst, language) VALUES ('node/40','doerun','en');
INSERT INTO url_alias (src, dst, language) VALUES ('node/1040','doerun','es');
INSERT INTO node
            (nid,            vid,            type,  language,title,             uid, status, created, changed, comment, promote, moderate, sticky, tnid, translate) VALUES
            (41,     41,     'book','en',    'AIDA`s Report on Illegal Logging',1,   1,      NOW(),   NOW(), 0,0,0,0,41,0),
            (1041,1041,'book','es',    'Informe de AIDA acerca de la tala ilegal',1,   1,      NOW(),   NOW(), 0,0,0,0,41,0);
INSERT INTO book (mlid, nid, bid) VALUES (10064,41,1),(10065,1041,1001);
INSERT INTO node_revisions
              (nid,       vid,       uid, title,              body,             teaser,          log, timestamp,format) VALUES
              (41,41,1,   'AIDA`s Report on Illegal Logging', '<p>For more information on Newman Lumber\'s questionable operations in Peru, please see {DOC AIDA_Illegal_Mahogany.pdf AIDA\'s report on Illegal Logging in Madre de Dios} (PDF Format, 940kbytes).</p> ','', '', NOW(), 1),
              (1041,1041,1,'Informe de AIDA acerca de la tala ilegal', '<p>Para mayor información acerca de las dudosas operaciones de Newman Lumber en el Perú, por favor vaya a {DOC AIDA_Illegal_Mahogany.pdf AIDA\'s report on Illegal Logging in Madre de Dios} (PDF Format, 940kbytes).</p> ', '', '', NOW(), 1);
INSERT INTO url_alias (src, dst, language) VALUES ('node/41','logs','en');
INSERT INTO url_alias (src, dst, language) VALUES ('node/1041','logs','es');
INSERT INTO node
            (nid,            vid,            type,  language,title,             uid, status, created, changed, comment, promote, moderate, sticky, tnid, translate) VALUES
            (43,     43,     'book','en',    'North American Endangered Species',1,   1,      NOW(),   NOW(), 0,0,0,0,43,0),
            (1043,1043,'book','es',    'Especies Amenazadas de Norte América',1,   1,      NOW(),   NOW(), 0,0,0,0,43,0);
INSERT INTO book (mlid, nid, bid) VALUES (10066,43,1),(10067,1043,1001);
INSERT INTO node_revisions
              (nid,       vid,       uid, title,              body,             teaser,          log, timestamp,format) VALUES
              (43,43,1,   'North American Endangered Species', '<p></p> ','', '', NOW(), 1),
              (1043,1043,1,'Especies Amenazadas de Norte América', '<p></p> ', '', '', NOW(), 1);
INSERT INTO url_alias (src, dst, language) VALUES ('node/43','ndspc','en');
INSERT INTO url_alias (src, dst, language) VALUES ('node/1043','ndspc','es');
INSERT INTO node
            (nid,            vid,            type,  language,title,             uid, status, created, changed, comment, promote, moderate, sticky, tnid, translate) VALUES
            (44,     44,     'book','en',    'Ramsar Convention',1,   1,      NOW(),   NOW(), 0,0,0,0,44,0),
            (1044,1044,'book','es',    'Convención de Ramsar',1,   1,      NOW(),   NOW(), 0,0,0,0,44,0);
INSERT INTO book (mlid, nid, bid) VALUES (10068,44,1),(10069,1044,1001);
INSERT INTO node_revisions
              (nid,       vid,       uid, title,              body,             teaser,          log, timestamp,format) VALUES
              (44,44,1,   'Ramsar Convention', '<p>The <a HREF="http://www.relca.net/" target="_top">Ramsar Convention</a> is an international </p> <p>treaty for the protection of wetlands through which more than 100 signatory </p> <p>nations designate and commit to protect wetlands of &quot;international </p> <p>importance&quot; -- wetlands that are unique or particularly good representative </p> <p>samples for the biogeographical region, or that support a high livel of </p> <p>biodiversity. One such wetland is <a HREF="http://www.relca.net/rl_43_pr.htm" target="_top">Pantanos </p> <p>de Villa</a>, a Peruvian 396 hectare coastal reserve that provides feeding </p> <p>and breeding grounds for thousands of migratory waterfowl on the Pacific </p> <p>flyway. This wetland is also the only natural protected area in </p> <p>the city of Lima, a congested city with more than seven million inhabitants. </p> <p>Recent construction of an industrial complex on the edge of Pantanos </p> <p>de Villa threatens the future survival of this ecosystem. Because the factory </p> <p>was built without obtaining the appropriate permits or conducting a timely </p> <p>assessment of environmental impacts, alternatives were not considered and </p> <p>the proposed environmental measures will not protect the wetland. Citing </p> <p>the many laws violated by the company, the great threat posed, and the special </p> <p>recreational and educational value of this wetland, the City of Lima is </p> <p>fighting the project but is facing stiff opposition from commercial interests </p> <p>and a court system that caters to private property interests. </p> <p>AIDA has joined its participating organization in Peru (the Peruvian </p> <p>Environmental Law Society) and the city of Lima in the battle to protect </p> <p>this wetland. After thoroughly reviewing the environmental impacts of and </p> <p>mitigative measures proposed for the factory, as well as the legal obligations </p> <p>both under Peruvian law and the international treaty, AIDA sent a petition </p> <p>to the Ramsar Convention Bureau and to the environmental authority in Peru </p> <p>urging their intervention for the protection of this wetland. If the law </p> <p>can be upheld, the wetland will be protected; the difficulty lies in ensuring </p> <p>that the desire to attract foreign investment does not force national environmental </p> <p>law and international treaties into the back seat.</p> ','', '', NOW(), 1),
              (1044,1044,1,'Convención de Ramsar', '<p>Invocando la Convención de Humedales Ramsar, para Proteger los Pantanos de Villa en Perú </p> <p>La Convención de Ramsar es un tratado internacional para la protección de humedales a través de la cual más de 100 estados parte signatarios han designado y se han comprometido a proteger humedales de “importancia internacional” – humedales que son únicos o particularmente representativos de una región biogeográfica, o que contienen un algo grado de diversidad biológica. Uno de estos humedales es Pantanos de Villa, una reserva costera de 396 hectáreas que ofrece zonas para alimentación y cría a miles de aves acuáticas migratorias en la ruta del Pacífico. Este humedal es la única área natural protegida de la ciudad de Lima, una ciudad congestionada de más de siete millones de habitantes. </p> <p>La reciente construcción de un complejo industrial al borde de los Pantanos de Villa amenaza la supervivencia futura del ecosistema. Debido a que la fábrica se construyó sin la obtención de los permisos apropiados o la realización de una evaluación de impactos ambientales a tiempo, no se tuvieron en cuenta alternativas y las medidas propuestas para proteger el humedal. Citando las innumerables normas que la empresa desconoció, la gran amenaza que implica y el alto valor recreativo y educativo de este ecosistema, la Ciudad de Lima esta luchando en contra del proyecto, pero enfrenta la oposición de intereses comerciales y del sistema judicial que atiende a los intereses de la propiedad privada. </p> <p>AIDA se unió a su organización participante en Perú, la Sociedad Peruana de Derecho Ambiental (SPDA) y a la ciudad de Lima en esta batalla para proteger el humedal. Después de una concienzuda revisión de los impactos ambientales y de las medidas de mitigación propuestas por la empresa, así como de las obligaciones legales en virtud de las normas peruanas y del tratado internacional, AIDA envió una petición al Secretariado de la Convención de Ramsar y a la autoridad ambiental en Perú, solicitándoles su intervención en la protección de este humedal. Si la ley se cumple, el humedal estará protegido. El problema radica en que por garantizar la atracción de inversión extranjera al Perú, la aplicación de las normas ambientales nacionales e internacionales quedan relegadas a un último lugar.</p> ', '', '', NOW(), 1);
INSERT INTO url_alias (src, dst, language) VALUES ('node/44','pant','en');
INSERT INTO url_alias (src, dst, language) VALUES ('node/1044','pant','es');
INSERT INTO node
            (nid,            vid,            type,  language,title,             uid, status, created, changed, comment, promote, moderate, sticky, tnid, translate) VALUES
            (45,     45,     'book','en',    'Pesticide Management',1,   1,      NOW(),   NOW(), 0,0,0,0,45,0),
            (1045,1045,'book','es',    'Manejo de Pesticidas',1,   1,      NOW(),   NOW(), 0,0,0,0,45,0);
INSERT INTO book (mlid, nid, bid) VALUES (10070,45,1),(10071,1045,1001);
INSERT INTO node_revisions
              (nid,       vid,       uid, title,              body,             teaser,          log, timestamp,format) VALUES
              (45,45,1,   'Pesticide Management', '



<p>

 AIDA\'s varied strategies &#151; such as applying international environmental treaties, pursuing cases simultaneously in the legal systems of more than once country to address a common problem, or appearing before international tribunals to protect citizens and the environment &#151; are based on four fundamental principles:

</p>

<ol>

      <li>

                <a href="#transnational_collaboration">Transnational Collaboration</a>

      </li>

       <li>

                <a href="#international_environmental_law">International Environmental Law</a>

      </li>

       <li>

                <a href="#environmental_justice">Environmental Justice</a>

  </li>

       <li>

                <a href="#citizen_enforcement">Citizen Enforcement</a>

      </li>

</ol>

<h4><a name="transnational_collaboration">Transnational Collaboration </a></h4>

<p>

    Mining activities in Venezuela threaten Colombian forests, polluted waters flow from Mexico into the United States, the dredging of Bolivian rivers harms precious Brazilian wetlands, and over-consumption in the United States threatens valuable resources throughout the hemisphere. Through international partnerships, AIDA represents communities that otherwise would not have access to the legal and political systems of foreign states, and helps organizations correct and prevent environmental problems at the source &#151; regardless of national boundaries.

</p>

<h4><a name="international_environmental_law">International Environmental Law</a></h4>

<p>

     International treaties for environmental protection have had limited success because they lack incentives and mechanisms for enforcement. In addition, free-trade agreements often directly conflict with environmental laws. AIDA advocates for more effective implementation of international environmental agreements. To this end, AIDA designs international strategies to involve &#151; and, when appropriate, strengthen the role of &#151; the international institutions that have been charged by nations with helping preserve our environment. 

</p>

<h4><a name="environmental_justice">Environmental Justice</a></h4>

<p>

   Governments and corporations should not profit from economic, technical, or legislative disparities between nations at the expense of human health or environmental quality. Today, confronted with stringent environmental standards elsewhere, many parties are choosing to exploit the rich marine, forest, and geologic resources of the south. AIDA holds industries responsible for the environmental effects of their actions and for applying high environmental standards throughout the Americas.

</p>

<h4><a name="citizen_enforcement">Citizen Enforcement</a></h4>

<p>

        Citizen enforcement and public participation in legal and policy decisions have proven highly effective in preventing environmental destruction. AIDA actively engages in citizen enforcement of national and international environmental laws, and promotes the development of mechanisms by which citizens can protect their right to a healthy environment. AIDA also brings to the international environmental law and trade debate a voice for a point of view that has for too long been absent: that of the public interest groups that must try to enforce the laws and treaties when the governments themselves fail.

</p>','', '', NOW(), 1),
              (1045,1045,1,'Manejo de Pesticidas', '<p>Las diversas estrategias de AIDA — la aplicación de tratados ambientales internacionales, llevando simultáneamente casos en los sistemas legales de múltiples países para abordar un problema común, o presentándose en tribunales internacionales para defender el derecho de un país a proteger a sus ciudadanos y su medio ambiente — están basadas en cuatro principios fundamentales: </p> <p> </p> <p> <ol> <li><a href="#transnational_collaboration">Colaboración Transfronteriza</a></li> <li><a href="#international_environmental_law">Tratados Internacionales</a></li> <li><a href="#environmental_justice">Justicia Ambiental</a></li> <li><a href="#citizen_enforcement">Aplicación y Cumplimiento de las Leyes Ambientales</a></li></ol> <h4><a name="transnational_collaboration">Colaboración Transfronteriza</a></h4> Las actividades mineras en Venezuela amenazan a los bosques colombianos; las aguas contaminadas fluyen de México a los Estados Unidos; el dragado de los ríos bolivianos daña los valiosos pantanales brasileños, y el sobre-consumo en los Estados Unidos amenaza los valiosos recursos de todo el hemisferio. A través de contrapartes internacionales, AIDA representa a comunidades que de otra manera no tendrían acceso a los sistemas legales y políticos de Estados vecinos, y ayuda a que las organizaciones corrijan y prevengan problemas ambientales en su origen — sin ser detenidas por fronteras nacionales. <h4><a name="international_environmental_law">Tratados Internacionales</a></h4> Los tratados internacionales para la protección ambiental han tenido un éxito limitado porque carecen de los incentivos y mecanismos para su cumplimiento. Además, los acuerdos de libre comercio a menudo entran en conflicto con las leyes ambientales. AIDA aboga por acuerdos ambientales internacionales más efectivos. Con este objetivo en mente, AIDA concibe estrategias internacionales para involucrar y fortalecer el papel de las instituciones internacionales que ayudan a proteger nuestro ambiente. <h4><a name="environmental_justice">Justicia Ambiental</a></h4> Los gobiernos y corporaciones no deberían obtener beneficios de las disparidades económicas, técnicas o legales entre las naciones a costa de la salud humana o la calidad ambiental. Hoy en día, al enfrentar estándares ambientales severos en otros lugares, muchos grupos de interés están optando por la explotación de ricos recursos marinos, forestales y geológicos del sur. AIDA sostiene que los promotores del desarrollo son responsables de los efectos ambientales de sus acciones y de la aplicación de altos estándares ambientales en las Américas. <h4><a name="citizen_enforcement">Aplicación y Cumplimiento de las Leyes Ambientales</a></h4> La participación ciudadana en la aplicación y cumplimiento de leyes ambientales y en la toma de decisiones en este campo, ha demostrado ser más efectiva en la prevención del deterioro ambiental. AIDA está activamente involucrada en el seguimiento ciudadano para promover el cumplimiento de leyes ambientales nacionales e internacionales, y en la promoci&oacute;n de mecanismos para que los ciudadanos puedan proteger su derecho a un ambiente saludable. AIDA también le da voz a un punto de vista que durante mucho tiempo no ha participado en el debate sobre el derecho ambiental internacional y el comercio, que es el de los grupos de interés público que tratan de asegurar el cumplimiento de las leyes y tratados cuando los gobiernos no lo hacen.</p> ', '', '', NOW(), 1);
INSERT INTO url_alias (src, dst, language) VALUES ('node/45','pest','en');
INSERT INTO url_alias (src, dst, language) VALUES ('node/1045','pest','es');
INSERT INTO node
            (nid,            vid,            type,  language,title,             uid, status, created, changed, comment, promote, moderate, sticky, tnid, translate) VALUES
            (48,     48,     'book','en',    'La Oroya City Measures',1,   1,      NOW(),   NOW(), 0,0,0,0,48,0),
            (1048,1048,'book','es',    'La Oroya, medidas en la ciudad',1,   1,      NOW(),   NOW(), 0,0,0,0,48,0);
INSERT INTO book (mlid, nid, bid) VALUES (10072,48,1),(10073,1048,1001);
INSERT INTO node_revisions
              (nid,       vid,       uid, title,              body,             teaser,          log, timestamp,format) VALUES
              (48,48,1,   'La Oroya City Measures', '<p> <h3>Measures to reduce contamination levels in the city</h3> <ol type="1" start="1"> <li>Pave and regularly clean (street sweeping) all non-vegetated public areas, roads, and sidewalks.</li> <li>Provide free regular cleaning services (vacuuming of surface areas by trained personnel) for all residences within the highly contaminated city zone.</li> <li>Limit access to unpaved areas, including non-vegetated areas of the surrounding mountains, within a radius of at least 2 km from all smelter facilities or waste deposits.</li> <li>Mitigate or purchase and remove contaminated structures and buildings.</li> <li>Continue and increase reforestation programs and replace contaminated materials with uncontaminated soils and green areas</li></ol></p> ','', '', NOW(), 1),
              (1048,1048,1,'La Oroya, medidas en la ciudad', '<p>1. Pavimentar y limpiar regularmente (limpieza de calles) todas las áreas sin vegetación, pistas, áreas públicas y veredas. </p> <p>2. Proporcionar servicios gratis de limpieza (aspiración de áreas superficiales a cargo de personal entrenado) para todas las casas dentro del área de la ciudad con mayor contaminación. </p> <p>3. Limitar el acceso a áreas sin pavimentar, incluyendo áreas sin vegetación de los cerros aledaños, dentro de un radio de al menos 2 km de las instalaciones del Complejo Metalúrgico o lugares de depósito de desechos. </p> <p>4. Mitigar o comprar y remover las estructuras e inmuebles contaminados. </p> <p>5. Continuar y aumentar los programas de reforestación y reemplazar los materiales contaminados de los suelos con suelos limpios y creación de áreas verdes.</p> ', '', '', NOW(), 1);
INSERT INTO url_alias (src, dst, language) VALUES ('node/48','laoroya.city_measures','en');
INSERT INTO url_alias (src, dst, language) VALUES ('node/1048','laoroya.city_measures','es');
INSERT INTO node
            (nid,            vid,            type,  language,title,             uid, status, created, changed, comment, promote, moderate, sticky, tnid, translate) VALUES
            (58,     58,     'page','en',    'Photo Gallery',1,   1,      NOW(),   NOW(), 0,0,0,0,58,0),
            (1058,1058,'page','es',    'Fotos',1,   1,      NOW(),   NOW(), 0,0,0,0,58,0);
INSERT INTO book (mlid, nid, bid) VALUES (10074,58,1),(10075,1058,1001);
INSERT INTO node_revisions
              (nid,       vid,       uid, title,              body,             teaser,          log, timestamp,format) VALUES
              (58,58,1,   'Photo Gallery', '<p>Click on the links below to see these and other related photographs. </p> <p>Please feel free to use these photographs, with a photo credit to AIDA (<a href="http://www.aida-americas.org">www.aida-americas.org</a>) </p> <p>You can help the citizens of La Oroya by financially supporting AIDA\'s efforts in Peru. Contributions can be made <a href="http://www.guidestar.org/partners/networkforgood/donate.jsp?ein=94-3292116">online</a> or by printing a <a href="/?q=donatenow">donation form</a></a> and mailing a check to AIDA.</p> ','', '', NOW(), 1),
              (1058,1058,1,'Fotos', '<p>Haga click en los siguientes enlaces para ver esta y otras fotografías relacionadas con La Oroya. </p> <p>Por favor siéntase en la libertad de usar estas fotos, reconociendo el crédito a AIDA (<a href="http://www.aida-americas.org">www.aida-americas.org</a>) </p> <p>Puede ayudar a los habitantes de La Oroya respaldando financieramente el trabajo de AIDA en el Perú. Escoja entre <a href="http://www.guidestar.org/partners/networkforgood/donate.jsp?ein=94-3292116">donar en línea</a>, o imprimir nuestro <a href="/?q=donatenow">formato</a></a> y enviarlo por correo, junto con su contribución.</p> ', '', '', NOW(), 1);
INSERT INTO url_alias (src, dst, language) VALUES ('node/58','laoroya.photos','en');
INSERT INTO url_alias (src, dst, language) VALUES ('node/1058','laoroya.photos','es');
INSERT INTO node
            (nid,            vid,            type,  language,title,             uid, status, created, changed, comment, promote, moderate, sticky, tnid, translate) VALUES
            (49,     49,     'book','en',    'Alternative Development',1,   1,      NOW(),   NOW(), 0,0,0,0,49,0),
            (1049,1049,'book','es',    'Desarrollo Alternativo',1,   1,      NOW(),   NOW(), 0,0,0,0,49,0);
INSERT INTO book (mlid, nid, bid) VALUES (10076,49,1),(10077,1049,1001);
INSERT INTO node_revisions
              (nid,       vid,       uid, title,              body,             teaser,          log, timestamp,format) VALUES
              (49,49,1,   'Alternative Development', '<p>Alternative economic and urban development</p> <p><ol type="1" start="1"> <li>Relocate all educational and recreational facilities to at least 2 km from smelter facilities (providing free transport to and from new locations)</li> <li>Provide emergency housing in a site removed from the smelter for families that must be immediately relocated due to health concerns.</li> <li>Plan and construct an alternative residential and commercial center located along the central highway but at least 5 km from the Doe Run smelter. This development must stem from a participatory design process that involves the local population. It should include full city services (sewage and solid waste treatment, energy and potable water infrastructure, schools and recreational areas, etc.)</li> <li>Provide relocation assistance to encourage residents to permanently leave critically contaminated areas.</li> <li>Reconsider the existing government proposal to reroute the Central Highway to bypass La Oroya, to prevent transport of contaminants by way of through-traffic.</li> <li>Promote development of alternative sources of employment in the region to limit migration to La Oroya.</li></ol></p> ','', '', NOW(), 1),
              (1049,1049,1,'Desarrollo Alternativo', '<p>1. Reubicar todas las instalaciones educativas y recreativas que se encuentren en un radio al menos de 2 km de las instalaciones de la fundición (proporcionar transporte gratis desde y hacia la nueva ubicación de los mismos.) </p> <p>2. Proporcionar vivienda de emergencia a las familias cuya salud esté más afectada por la contaminación de la fundición que requieran reubicación inmediata. </p> <p>3. Planificar y construir un centro alternativo comercial y residencial ubicado en lo largo de la carretera central en un área que por su distancia del complejo y sus condiciones de ser ubicado no menos de 5 km de la fundición de Doe Run ofrezca mejores condiciones. Este desarrollo debe partir de un proceso participativo que involucre a la población y debe contar con todos los recursos sanitarios correspondientes. </p> <p>4. Proporcionar asistencia financiera a los residentes para alentarlos a salir de las áreas con niveles críticos de contaminación. </p> <p>5. Reconsiderar la propuesta gubernamental de un nuevo recorrido de la Carretera Central que evite el paso directamente por La Oroya, para prevenir el transporte de contaminantes por los vehículos de transporte. </p> <p>6. Promover el desarrollo de fuentes alternativas de trabajo en la región para mitigar la migración a La Oroya.</p> ', '', '', NOW(), 1);
INSERT INTO url_alias (src, dst, language) VALUES ('node/49','laoroya.alternative_development','en');
INSERT INTO url_alias (src, dst, language) VALUES ('node/1049','laoroya.alternative_development','es');
INSERT INTO node
            (nid,            vid,            type,  language,title,             uid, status, created, changed, comment, promote, moderate, sticky, tnid, translate) VALUES
            (51,     51,     'book','en',    'Emissions Measures',1,   1,      NOW(),   NOW(), 0,0,0,0,51,0),
            (1051,1051,'book','es',    'Medidas de emisiones',1,   1,      NOW(),   NOW(), 0,0,0,0,51,0);
INSERT INTO book (mlid, nid, bid) VALUES (10078,51,1),(10079,1051,1001);
INSERT INTO node_revisions
              (nid,       vid,       uid, title,              body,             teaser,          log, timestamp,format) VALUES
              (51,51,1,   'Emissions Measures', '<p> <h3>Measures to reduce emissions from the smelter complex</h3> <ol type="1" start="1"> <li>Require production-cuts at the smelter until measures to significantly reduce emissions have been implemented</li> <li>Increase capacity of and modernize the particulate emissions control technology to drastically reduce particulate emissions from all the facilities and processes at the complex.</li> <li>Prioritize installation of the technologies necessary for treatment of sulfur dioxide emissions.</li> <li>Construct negative pressure, ventilated enclosures for concentrate deposits and mineral-containing waste piles.</li> <li>Change the smelter concentrate feed to minimize content of hazardous contaminants.</li> <li>Close the Huanch&aacute;n slag deposit.</li> <li>Pave and regularly clean (street sweeping) all non-vegetated interior grounds of the complex.</li> <li>Mitigate or remove contaminated structures and buildings inside the complex.</li> <li>Control transport of contaminated dusts by washing all vehicles leaving highly contaminated areas and the smelter complex.</li> <li>Determine the extent of impacts of waste deposits on ground water resources and adopt mitigation measures to eliminate any persistent sources of contamination.</li></ol></p> ','', '', NOW(), 1),
              (1051,1051,1,'Medidas de emisiones', '<p>1. Requerir recortes en la producción en la fundición hasta que se hayan implementado medidas significativas para reducir las emisiones. </p> <p>2. Aumentar la capacidad y modernizar la tecnología actualmente empleada para controlar las emisiones de partículas y reducir drásticamente las emisiones de material particulado de todas las instalaciones y procesos del complejo. </p> <p>3. Priorizar la instalación de tecnologías necesarias para tratar las emisiones de SO2. </p> <p>4. Cerrar los depósitos de concentrados en ambientes a presión negativa debidamente ventilados y los depósitos de desechos con contenidos de minerales. </p> <p>5. Cambiar el combustible concentrado de la fundición para minimizar el contenido de contaminantes peligrosos. </p> <p>6. Cerrar el depósito de escorias de Huanchán. </p> <p>7. Pavimentar y limpiar regularmente (limpieza de calles) de todos los suelos sin vegetación dentro del complejo. </p> <p>8. Mitigar o remover estructuras contaminadas y construcciones dentro del complejo. </p> <p>9. Controlar el transporte de polvos contaminados de la fundición mediante el lavado de todos los vehículos que salgan de las áreas contaminadas. </p> <p>10. Determinar el grado del impacto de los depósitos de residuos en las fuentes de agua superficiales.</p> ', '', '', NOW(), 1);
INSERT INTO url_alias (src, dst, language) VALUES ('node/51','laoroya.emissions_measures','en');
INSERT INTO url_alias (src, dst, language) VALUES ('node/1051','laoroya.emissions_measures','es');
INSERT INTO node
            (nid,            vid,            type,  language,title,             uid, status, created, changed, comment, promote, moderate, sticky, tnid, translate) VALUES
            (52,     52,     'book','en',    'Improved Regulation',1,   1,      NOW(),   NOW(), 0,0,0,0,52,0),
            (1052,1052,'book','es',    'Medidas de Supervisión',1,   1,      NOW(),   NOW(), 0,0,0,0,52,0);
INSERT INTO book (mlid, nid, bid) VALUES (10080,52,1),(10081,1052,1001);
INSERT INTO node_revisions
              (nid,       vid,       uid, title,              body,             teaser,          log, timestamp,format) VALUES
              (52,52,1,   'Improved Regulation', '<p>Measures to improve government oversight and regulation of the Doe Run smelter</p> <p><ol type="1" start="1"> <li>Reassess and modify the Environmental Management Plan and authorized emissions levels for the Doe Run smelter, as the current plan and levels were developed based on contamination levels much lower than those known to exist today. This must be done using a transparent procedure that guarantees access to information, public participation, and a thorough evaluation of alternatives.</li> <li>Accelerate the design process, approval, and implementation of the air quality control Action Plan for La Oroya, in compliance with the new Peruvian Air Quality Regulations.</li> <li>Require systematic identification, monitoring, and control of fugitive emissions.</li> <li>Verify and improve the quality of the monitoring mechanisms for the complex</li><ol type="a" start="1"> <li>Reassess the location and number of monitoring stations to determine adequacy of the existing monitoring system.</li> <li>Establish strict protocols for quality control, for all sampling and laboratory analyses. The quality control protocols and monitoring results should be reviewed and verified by independent auditors and by inspectors from the MEM.</li> <li>Require electronic reporting of monitoring data to the environmental and health authorities as well as the Ministry of Energy and Mines, including graphs summarizing trends</li></ol> <li>Implement a monthly program of compliance reporting focused on maximum permissible limits and progress of EMMP implementation.</li></ol></p> ','', '', NOW(), 1),
              (1052,1052,1,'Medidas de Supervisión', '<p>Medidas para mejorar la supervisión del gobierno y normas que afectan a la fundición de Doe Run </p> <p>Reevaluar y modificar el Plan Adecuación y Manejo Ambiental y los niveles autorizados de emisiones de la fundición de Doe Run, por cuanto el plan actual y los niveles de emisión se calcularon en base a niveles de contaminación mucho menores que los actuales. Esto debe hacerse usando un proceso trasparente que garantice el acceso a la información, participación pública y una cuidadosa evaluación de alternativas. </p> <p> </p> <p>1. Acelerar los procesos de diseño, aprobación e implementación de un Plan de Acción para la Calidad del Aire de La Oroya, de acuerdo a las recientemente adoptadas normas de calidad de aire. </p> <p>2. Requerir una sistemática identificación, monitoreo y control de emisiones fugitivas. </p> <p>3. Verificar y mejorar los mecanismos de monitoreo de calidad del ambiente y de emisiones dentro del complejo: </p> <p>Re-evaluar la ubicación y cantidad de estaciones de monitoreo para determinar la efectividad del sistema de monitoreo existente. </p> <p>Establecer estrictos protocolos de control de calidad, para todos los muestreos y análisis de laboratorio. Los protocolos de calidad de aire y monitoreo resultantes deben revisarse por auditores independientes y por inspectores del MEM. </p> <p>4. Solicitar reportes electrónicos de los datos de monitoreo a las autoridades ambientales y de salud, así como a las del Ministerio de Energía y Minas, incluyendo gráficos resumen y tendencias. </p> <p>5. Implementar un sistema de información mensual centrado en los límites máximos permisibles y progresos de ejecución del PAMA.</p> ', '', '', NOW(), 1);
INSERT INTO url_alias (src, dst, language) VALUES ('node/52','laoroya.improved_regulation','en');
INSERT INTO url_alias (src, dst, language) VALUES ('node/1052','laoroya.improved_regulation','es');
INSERT INTO node
            (nid,            vid,            type,  language,title,             uid, status, created, changed, comment, promote, moderate, sticky, tnid, translate) VALUES
            (53,     53,     'book','en',    'La Oroya Water',1,   1,      NOW(),   NOW(), 0,0,0,0,53,0),
            (1053,1053,'book','es',    'Agua de La Oroya',1,   1,      NOW(),   NOW(), 0,0,0,0,53,0);
INSERT INTO book (mlid, nid, bid) VALUES (10082,53,1),(10083,1053,1001);
INSERT INTO node_revisions
              (nid,       vid,       uid, title,              body,             teaser,          log, timestamp,format) VALUES
              (53,53,1,   'La Oroya Water', '<p><p></p> <p>Wastes from the metallurgical complex also contaminate the surface waters. Liquid effluents containing toxic substances such as <a href="/?q=laoroya.contaminants">lead</a>, copper, zinc, iron, <a href="/?q=laoroya.contaminants">arsenic</a>, and suspended solids have been discharged directly into the rivers without treatment. Piles of exposed solid waste such as lead slags and metal concentrates could also pollute both the surface and groundwater. While drinking water for La Oroya is piped in over the mountains, downstream communities use the contaminated river water.</p> <p></p></p> ','', '', NOW(), 1),
              (1053,1053,1,'Agua de La Oroya', '<p>Los residuos del complejo metalúrgico también contaminan las aguas superficiales. Los efluentes líquidos que contienen sustancias tóxicas como <a href="/?q=laoroya.contaminants">plomo</a>, cobre, zinc, hierro, <a href="/?q=laoroya.contaminants">arsénico</a>, y sólidos suspendidos han sido descargados directamente a los ríos sin tratamiento alguno. Pilas de residuos sólidos expuestos, como escoria de plomo y metales concentrados también pueden contaminar tanto las aguas superficiales como subterráneas. El agua potable para La Oroya se transporta por tuberías a través de las montañas, mientras que las comunidades río abajo usan el agua contaminada del río.</p> ', '', '', NOW(), 1);
INSERT INTO url_alias (src, dst, language) VALUES ('node/53','laoroya.water','en');
INSERT INTO url_alias (src, dst, language) VALUES ('node/1053','laoroya.water','es');
INSERT INTO node
            (nid,            vid,            type,  language,title,             uid, status, created, changed, comment, promote, moderate, sticky, tnid, translate) VALUES
            (54,     54,     'book','en',    'Scientific Research',1,   1,      NOW(),   NOW(), 0,0,0,0,54,0),
            (1054,1054,'book','es',    'Investigaciones científicas',1,   1,      NOW(),   NOW(), 0,0,0,0,54,0);
INSERT INTO book (mlid, nid, bid) VALUES (10084,54,1),(10085,1054,1001);
INSERT INTO node_revisions
              (nid,       vid,       uid, title,              body,             teaser,          log, timestamp,format) VALUES
              (54,54,1,   'Scientific Research', '<p><ol type="1" start="1"> <li>Analyze soil and dust contaminant concentrations throughout the city to identify priority areas for mitigation and relocation of residents</li> <li>Evaluate the impacts of other contaminants, such as Arsenic, Cadmium, and Sulfur Dioxide, on public health in La Oroya.</li> <li>Assess groundwater quality in La Oroya and particularly the impact of the slag and arsenic trioxide waste deposits on water resources.</li></ol></p> ','', '', NOW(), 1),
              (1054,1054,1,'Investigaciones científicas', '<p> <ol> <li>Determinar las concentraciones de contaminantes en polvos y tierra de todas partes de la ciudad para identificar áreas de prioridad para la mitigación y la reubicación de habitantes. <li>Evaluar los impactos de otros contaminantes, como el arsénico, cadmio, y dioxido de azufre, en la salud pública en La Oroya. <li>Desarrollar un estudio de calidad de aguas subterráneas, particularmente el impacto de las escorias y los depositos de arsénico sobre los recursos aquiferos.</li></ol></p> ', '', '', NOW(), 1);
INSERT INTO url_alias (src, dst, language) VALUES ('node/54','laoroya.scientific_research','en');
INSERT INTO url_alias (src, dst, language) VALUES ('node/1054','laoroya.scientific_research','es');
INSERT INTO node
            (nid,            vid,            type,  language,title,             uid, status, created, changed, comment, promote, moderate, sticky, tnid, translate) VALUES
            (55,     55,     'book','en',    'Public Health Actions',1,   1,      NOW(),   NOW(), 0,0,0,0,55,0),
            (1055,1055,'book','es',    'Medidas de Salud Pública',1,   1,      NOW(),   NOW(), 0,0,0,0,55,0);
INSERT INTO book (mlid, nid, bid) VALUES (10086,55,1),(10087,1055,1001);
INSERT INTO node_revisions
              (nid,       vid,       uid, title,              body,             teaser,          log, timestamp,format) VALUES
              (55,55,1,   'Public Health Actions', '<p>Measures to address the public health emergency in La Oroya</p> <p><ol type="1" start="1"> <li>Establish and reinforce local medical clinics, and train clinic staff, to guarantee the capacity to diagnose, treat, and counsel the local population regarding the public health impacts of the contamination.</li> <li>Test and monitor the blood-lead levels and health of all La Oroya residents, giving priority to children and women of child-bearing age.</li> <li>Provide medical treatment for lead poisoning, including chelation therapy, in accordance with CDC guidelines</li> <li>Implement environmental and public health education programs to inform the local population about the characteristics of the contamination in La Oroya, the potential effects and symptoms of exposure to contaminants, routes of exposure, testing methods, and treatments, including means to prevent and reduce both exposure and adverse health impacts.</li> <li>Institute programs for nutritional support and hygiene assistance to all children suffering from lead poisoning</li> <li>Install free shower facilities for the local population and increase access to clean water.</li></ol></p> ','', '', NOW(), 1),
              (1055,1055,1,'Medidas de Salud Pública', '<p>Medidas para enfrentar la emergencia de salud pública </p> <p> <ol> <li>Establecer y fortalecer los servicios de salud y personal médico, entrenar personal de salud y garantizar la capacidad para el diagnóstico, tratamiento y asesoría de la población local sobre los impactos en la salud de la contaminación. <li>Analizar y monitorear los niveles de plomo en sangre de la población y estado de salud de todos los residentes de La Oroya, prioritariamente en niños y mujeres en edad fértil. <li>Proporcionar tratamiento médico para el envenenamiento con plomo, incluyendo terapia de quelación, de acuerdo a las directrices de los Centros de Control de Enfermedades de los EE.UU. (CDC) <li>Implementar programas de educación ambiental y salud pública para informar a la población local sobre las características de la contaminación en La Oroya, los efectos potenciales y síntomas de exposición a los contaminantes, rutas de exposición, métodos de diagnóstico y tratamiento, incluyendo los medios de prevención y reducción tanto de la exposición como de los impactos negativos en la salud. <li>Aplicar programas de apoyo nutricional y asistencia sanitaria e higiene para los niños que sufren del envenenamiento por plomo. <li>Construir instalaciones de duchas gratis para la población local y aumentar el acceso al agua limpia.</li></ol></p> ', '', '', NOW(), 1);
INSERT INTO url_alias (src, dst, language) VALUES ('node/55','laoroya.public_health_actions','en');
INSERT INTO url_alias (src, dst, language) VALUES ('node/1055','laoroya.public_health_actions','es');
INSERT INTO node
            (nid,            vid,            type,  language,title,             uid, status, created, changed, comment, promote, moderate, sticky, tnid, translate) VALUES
            (56,     56,     'book','en',    'La Oroya Cannot Wait',1,   1,      NOW(),   NOW(), 0,0,0,0,56,0),
            (1056,1056,'book','es',    'La Oroya No Espera',1,   1,      NOW(),   NOW(), 0,0,0,0,56,0);
INSERT INTO book (mlid, nid, bid) VALUES (10088,56,1),(10089,1056,1001);
INSERT INTO node_revisions
              (nid,       vid,       uid, title,              body,             teaser,          log, timestamp,format) VALUES
              (56,56,1,   'La Oroya Cannot Wait', '<p>In 2002 AIDA released "La Oroya Cannot Wait," a report chronicling the contamination and health problems in La Oroya.  <h3>Downloading</h3> You can download the file here. </p> <p>{DOC La_Oroya_Cannot_Wait.pdf English version, PDF format.} </p> <p>{DOC La_Oroya_No_Espera.pdf Spanish version, PDF format.}</p> ','', '', NOW(), 1),
              (1056,1056,1,'La Oroya No Espera', '<p>“La Oroya No Espera”, publicado por AIDA, es un informe sobre la contaminación y los problemas de salud en La Oroya.  <h3>Bajar el documento</h3> Puede bajar el informe aquí: </p> <p>{DOC La_Oroya_Cannot_Wait.pdf}&mdash; Versión inglés, PDF. </p> <p>{DOC La_Oroya_No_Espera.pdf}&mdash; Versión español, PDF.</p> ', '', '', NOW(), 1);
INSERT INTO url_alias (src, dst, language) VALUES ('node/56','la_oroya_cannot_wait','en');
INSERT INTO url_alias (src, dst, language) VALUES ('node/1056','la_oroya_cannot_wait','es');
INSERT INTO node
            (nid,            vid,            type,  language,title,             uid, status, created, changed, comment, promote, moderate, sticky, tnid, translate) VALUES
            (57,     57,     'book','en',    'Monitoring Program',1,   1,      NOW(),   NOW(), 0,0,0,0,57,0),
            (1057,1057,'book','es',    'Programa de Monitoreo',1,   1,      NOW(),   NOW(), 0,0,0,0,57,0);
INSERT INTO book (mlid, nid, bid) VALUES (10090,57,1),(10091,1057,1001);
INSERT INTO node_revisions
              (nid,       vid,       uid, title,              body,             teaser,          log, timestamp,format) VALUES
              (57,57,1,   'Monitoring Program', '<p><p></p> <p>The existing monitoring program for measuring air quality in and around La Oroya has many weaknesses. While five monitoring stations record air quality in La Oroya, there is no information available as to whether the equipment is properly calibrated or maintained. Therefore, the data represent only an estimate &mdash; possibly lower than the actual pollution levels &mdash; of actual air quality. Even so, the data proves that dangerous levels of air contamination are common in La Oroya.</p> <p></p></p> <p><p></p> <p>In Peru, there is little effective oversight or enforcement of mining and metallurgical industries by either the Ministry of Energy and Mining or the Ministry of Health. The fact that there is no established program to ensure and verify the quality of the data is an example of this. There are also very limited fines in place to deter violations. Many potentially significant sources of emissions from facilities like the La Oroya smelter are not monitored at all. </p> <p></p></p> ','', '', NOW(), 1),
              (1057,1057,1,'Programa de Monitoreo', '<p>El programa de monitoreo existente para la medición de calidad de aire en y alrededor de La Oroya tiene muchas debilidades. Cinco estaciones de monitoreo graban la calidad de aire en está ciudad, sin que exista información que determine si el equipo esta calibrado y mantenido adecuadamente. Por ello, los datos sólo representan una estimación posiblemente menor que los niveles actuales de contaminación- de la calidad de aire en este momento. Incluso los datos existentes demuestran que en La Oroya los niveles peligrosos de contaminación del aire son comunes. </p> <p>En Perú la veeduría y el cumplimiento de las normas por parte de las industrias mineras y metalúrgicas son de débil aplicación por parte del Ministerio de Energía y Minería o del Ministerio de Salud. El hecho de que no exista un programa para garantizar y verificar la calidad de los datos es un ejemplo de ello. Las multas establecidas para ciertas violaciones son también muy limitadas. Muchas fuentes potenciales significativas de emisiones de plantas como la fundición de La Oroya ni siquiera son mencionadas en ninguna parte.</p> ', '', '', NOW(), 1);
INSERT INTO url_alias (src, dst, language) VALUES ('node/57','laoroya.monitoring_program','en');
INSERT INTO url_alias (src, dst, language) VALUES ('node/1057','laoroya.monitoring_program','es');
INSERT INTO node
            (nid,            vid,            type,  language,title,             uid, status, created, changed, comment, promote, moderate, sticky, tnid, translate) VALUES
            (59,     59,     'book','en',    'City of La Oroya, Peru',1,   1,      NOW(),   NOW(), 0,0,0,0,59,0),
            (1059,1059,'book','es',    'La Ciudad de La Oroya',1,   1,      NOW(),   NOW(), 0,0,0,0,59,0);
INSERT INTO book (mlid, nid, bid) VALUES (10092,59,1),(10093,1059,1001);
INSERT INTO node_revisions
              (nid,       vid,       uid, title,              body,             teaser,          log, timestamp,format) VALUES
              (59,59,1,   'City of La Oroya, Peru', '<p></p> ','', '', NOW(), 1),
              (1059,1059,1,'La Ciudad de La Oroya', '<p></p> ', '', '', NOW(), 1);
INSERT INTO url_alias (src, dst, language) VALUES ('node/59','laoroya.photos.city','en');
INSERT INTO url_alias (src, dst, language) VALUES ('node/1059','laoroya.photos.city','es');
INSERT INTO node
            (nid,            vid,            type,  language,title,             uid, status, created, changed, comment, promote, moderate, sticky, tnid, translate) VALUES
            (60,     60,     'book','en',    'Metallurgical Complex Facilities',1,   1,      NOW(),   NOW(), 0,0,0,0,60,0),
            (1060,1060,'book','es',    'Planta del Complejo Metalúrgico',1,   1,      NOW(),   NOW(), 0,0,0,0,60,0);
INSERT INTO book (mlid, nid, bid) VALUES (10094,60,1),(10095,1060,1001);
INSERT INTO node_revisions
              (nid,       vid,       uid, title,              body,             teaser,          log, timestamp,format) VALUES
              (60,60,1,   'Metallurgical Complex Facilities', '<p></p> ','', '', NOW(), 1),
              (1060,1060,1,'Planta del Complejo Metalúrgico', '<p></p> ', '', '', NOW(), 1);
INSERT INTO url_alias (src, dst, language) VALUES ('node/60','laoroya.photos.facilities','en');
INSERT INTO url_alias (src, dst, language) VALUES ('node/1060','laoroya.photos.facilities','es');
INSERT INTO node
            (nid,            vid,            type,  language,title,             uid, status, created, changed, comment, promote, moderate, sticky, tnid, translate) VALUES
            (61,     61,     'book','en',    'Children in La Oroya',1,   1,      NOW(),   NOW(), 0,0,0,0,61,0),
            (1061,1061,'book','es',    'Niños de La Oroya',1,   1,      NOW(),   NOW(), 0,0,0,0,61,0);
INSERT INTO book (mlid, nid, bid) VALUES (10096,61,1),(10097,1061,1001);
INSERT INTO node_revisions
              (nid,       vid,       uid, title,              body,             teaser,          log, timestamp,format) VALUES
              (61,61,1,   'Children in La Oroya', '<p></p> ','', '', NOW(), 1),
              (1061,1061,1,'Niños de La Oroya', '<p></p> ', '', '', NOW(), 1);
INSERT INTO url_alias (src, dst, language) VALUES ('node/61','laoroya.photos.children','en');
INSERT INTO url_alias (src, dst, language) VALUES ('node/1061','laoroya.photos.children','es');
INSERT INTO node
            (nid,            vid,            type,  language,title,             uid, status, created, changed, comment, promote, moderate, sticky, tnid, translate) VALUES
            (62,     62,     'book','en',    'Solid Wastes Generated at the Smelter',1,   1,      NOW(),   NOW(), 0,0,0,0,62,0),
            (1062,1062,'book','es',    'Residuos Sólidos Generados en la Fundición',1,   1,      NOW(),   NOW(), 0,0,0,0,62,0);
INSERT INTO book (mlid, nid, bid) VALUES (10098,62,1),(10099,1062,1001);
INSERT INTO node_revisions
              (nid,       vid,       uid, title,              body,             teaser,          log, timestamp,format) VALUES
              (62,62,1,   'Solid Wastes Generated at the Smelter', '<p></p> ','', '', NOW(), 1),
              (1062,1062,1,'Residuos Sólidos Generados en la Fundición', '<p></p> ', '', '', NOW(), 1);
INSERT INTO url_alias (src, dst, language) VALUES ('node/62','laoroya.photos.solidwaste','en');
INSERT INTO url_alias (src, dst, language) VALUES ('node/1062','laoroya.photos.solidwaste','es');
INSERT INTO node
            (nid,            vid,            type,  language,title,             uid, status, created, changed, comment, promote, moderate, sticky, tnid, translate) VALUES
            (63,     63,     'book','en',    'River Contamination',1,   1,      NOW(),   NOW(), 0,0,0,0,63,0),
            (1063,1063,'book','es',    'Contaminación del Río',1,   1,      NOW(),   NOW(), 0,0,0,0,63,0);
INSERT INTO book (mlid, nid, bid) VALUES (10100,63,1),(10101,1063,1001);
INSERT INTO node_revisions
              (nid,       vid,       uid, title,              body,             teaser,          log, timestamp,format) VALUES
              (63,63,1,   'River Contamination', '<p></p> ','', '', NOW(), 1),
              (1063,1063,1,'Contaminación del Río', '<p></p> ', '', '', NOW(), 1);
INSERT INTO url_alias (src, dst, language) VALUES ('node/63','laoroya.photos.river','en');
INSERT INTO url_alias (src, dst, language) VALUES ('node/1063','laoroya.photos.river','es');
INSERT INTO node
            (nid,            vid,            type,  language,title,             uid, status, created, changed, comment, promote, moderate, sticky, tnid, translate) VALUES
            (64,     64,     'book','en',    'Interconnections: Ecological Importance of Sea Turtles',1,   1,      NOW(),   NOW(), 0,0,0,0,64,0),
            (1064,1064,'book','es',    'Interconexiones: Importancia Ecológica de las tortugas marinas',1,   1,      NOW(),   NOW(), 0,0,0,0,64,0);
INSERT INTO book (mlid, nid, bid) VALUES (10102,64,1),(10103,1064,1001);
INSERT INTO node_revisions
              (nid,       vid,       uid, title,              body,             teaser,          log, timestamp,format) VALUES
              (64,64,1,   'Interconnections: Ecological Importance of Sea Turtles', '<p>Humans have a well-established reputation of misunderstanding, and sometimes destroying, the intricate frameworks that comprise complex marine and coastal ecosystems. It is critical that we learn from past events, such as the devastating collapses of the New England and Canadian cod fisheries, and recall that we often underestimate the impact of human actions on the ocean&#8217;s creatures. We simply do not know the ramifications that sea turtle extinction would have for marine life, but experience suggests that such a loss could be highly damaging. Thus, sea turtle conservation efforts are directed not only at helping turtles, but also at preserving entire natural regions. </p> <p> </p> <p> </p> <p> Though many of the ecological interconnections involving sea turtles remain unclear, scientists know that sea turtles occupy a unique position within the food web. Turtles consume an unusual assortment of prey, including jellyfish, crustaceans, sponges, tunicates, sea grasses, and algae. In the sea, turtles are eaten by predators ranging from crabs to sharks, while on land, turtle eggs and hatchlings are a nutritious source of food for creatures such as raccoons and birds. When turtles were abundant, many human populations also depended on turtles for eggs and meat. </p> <p> </p> <p> </p> <p> The unusual turtle lifecycle plays well into coastal ecosystems: by coming onshore to nest, they transport nutrients from highly productive marine habitats such as sea-grass beds to energy-poor habitats like sandy beaches. This helps reverse the usual flow of nutrients from land to sea. No doubt further ecological functions are performed by each species of sea turtle, but scientists will only be able to study and understand these interconnections as long as healthy turtle populations roam the ocean.</p> ','', '', NOW(), 1),
              (1064,1064,1,'Interconexiones: Importancia Ecológica de las tortugas marinas', '<p>Los seres humanos cuentan con la bien ganada reputación de no entender y muchas veces destruir las intrincadas redes que comprometen los ecosistemas marinos y costeros. Es vital que aprendamos de los acontecimientos pasados, como el colapso devastador de las pesquerías de bacalao en Nueva Inglaterra y Canadá. Además, que recordemos que generalmente subestimamos el impacto de las acciones humanas en las criaturas del océano. Sencillamente no conocemos las ramificaciones que la extinción de las tortugas marinas puede tener para la vida marina, pero la experiencia sugiere que dicha pérdida puede ser altamente dañina. Por lo tanto, los esfuerzos para la conservación están dirigidos no sólo a ayudar a las tortugas, sino también a preservar regiones naturales enteras. </p> <p> </p> <p> </p> <p> Aunque existe incertidumbre respecto de muchas de las interconexiones ecológicas que tienen que ver con las tortugas marinas, los científicos saben que las tortugas marinas tienen un único lugar en la cadena alimenticia. Las tortugas consumen inusuales cantidades variadas de presas, incluyendo medusas, crustáceos, esponjas, tunicates, pasto marino y algas. En el mar, las tortugas son consumidas por predadores que van desde cangrejos hasta tiburones, mientras que en la tierra, los huevos de tortuga y los bebés son una fuente de nutrición para animales como mapaches y aves. Cuando las tortugas son abundantes, muchas poblaciones humanas también dependen de ellas como fuente de carne y huevos. </p> <p> </p> <p> </p> <p> El ciclo inusual de las tortugas juega un papel esencial en los ecosistemas costeros: viniendo a la costa para anidar, las tortugas transportan nutrientes de sitios marinos altamente productivos como camas de pasto marino hacia sitios con deficiencia de energía como playas arenosas. Esto ayuda a activar el flujo normal de nutrientes entre la tierra y el mar. No hay duda que existen otras funciones ecológicas llevadas a cabo por cada una de las especies de tortugas marinas, pero los científicos sólo podrán estudiar y entender estas interconexiones en la medida en que poblaciones sanas de tortugas continúen ciculando en el océano.</p> ', '', '', NOW(), 1);
INSERT INTO url_alias (src, dst, language) VALUES ('node/64','turtles.interconnections','en');
INSERT INTO url_alias (src, dst, language) VALUES ('node/1064','turtles.interconnections','es');
INSERT INTO node
            (nid,            vid,            type,  language,title,             uid, status, created, changed, comment, promote, moderate, sticky, tnid, translate) VALUES
            (65,     65,     'book','en',    'International Agreements',1,   1,      NOW(),   NOW(), 0,0,0,0,65,0),
            (1065,1065,'book','es',    'Acuerdos Internacionales',1,   1,      NOW(),   NOW(), 0,0,0,0,65,0);
INSERT INTO book (mlid, nid, bid) VALUES (10104,65,1),(10105,1065,1001);
INSERT INTO node_revisions
              (nid,       vid,       uid, title,              body,             teaser,          log, timestamp,format) VALUES
              (65,65,1,   'International Agreements', '<p>AIDA lawyers have done research to determine which international conventions and trade agreements contain provisions relevant to sea turtle protection. The abundance of such agreements is promising for the future of sea turtle conservation, but enforcement of international law requires consistent citizen vigilance. Click on the title of the convention to go to its website for detailed information, such as the official text and lists of signatory parties.</p> <p></p> <h5><a href="http://www.wcmc.org.uk/cms/" target="_top">Convention on Migratory Species</a></h5> <h5><a href="http://www.biodiv.org" target="_top">Convention on Biological Diversity</a></h5> <h5><a href="http://www.ramsar.org" target="_top">Convention on Wetlands of International Importance especially of Wildfowl Habitat (Ramsar)</a></h5> <h5><a href="http://www.cites.org" target="_top">Convention on International Trade of Endangered Species</a></h5> <h5><a href="http://www.un.org/Depts/los/index.htm" target="_top">United Nations Convention on the Law of the Sea</a></h5> <h5><a href="http://www.fao.org/fi/agreem/codecond/codecon.asp" target="_top">Food and Agriculture Organization Committee on Fisheries Code of Conduct</a></h5> <h5><a href="http://sedac.ciesin.org/entri/register/reg-003.rrr.html" target="_top">Convention on Nature Protection and Wild Life Preservation in the Western Hemisphere</a></h5> <h5><a href="http://www.cec.org/pubs_info_resources/law_treat_agree/naaec/index.cfm?varlan=english" target="_top">North American Agreement on Environmental Cooperation</a></h5> <h5><a href="http://can-chil.gc.ca/English/Default.cfm" target="_top">Canada-Chile Agreement on Environmental Cooperation</a></h5> <h5><a href="http://www.cep.unep.org/law/cartnut.html" target="_top">Convention for the Protection and Development of the Marine Environment of the Wider Caribbean Region (Cartagena Convention)</a></h5> <h5><a href="http://www.seaturtle.org/iac" target="_top">Inter-American Convention for the Protection and Conservation of Sea Turtles</a></h5> </p> ','', '', NOW(), 1),
              (1065,1065,1,'Acuerdos Internacionales', '<p>Los abogados de AIDA han realizado investigaciones para determinar las convenciones y acuerdos internacionales que contienen normas relevantes para la conservación de las tortugas marinas. La abundancia de dichos instrumentos internacionales es prometedora para la futura protección de las tortugas marinas, pero el cumplimiento de estas normas requiere de la constante vigilancia ciudadana. Presione en cada uno de los títulos de las convenciones para ir al sitio oficial y obtener información detallada, incluyendo el texto oficial y la lista de partes signatarias. <h5><a href="http://www.wcmc.org.uk/cms/" target="_top">Convención sobre la conservación de Especies Migratorias de Animales Silvestres</a></h5> <h5><a href="http://www.biodiv.org" target="_top">Convención de Diversidad Biológica</a></h5> <h5><a href="http://www.ramsar.org" target="_top">Convención Relativa a los Humedales de Importancia Internacional Especialmente como Hábitat de Aves Acuáticas (Ramsar)</a></h5> <h5><a href="http://www.cites.org/esp/index.shtml" target="_top">Convención sobre el Comercio Internacional de Especies Amenazadas (CITES)</a></h5> <h5><a href="http://www.un.org/Depts/los/index.htm" target="_top">Convención de las Naciones Unidas sobre Derecho del Mar</a></h5> <h5><a href="http://www.fao.org/fi/agreem/codecond/codecons.asp" target="_top">Código de Conducta para la Pesca Responsable de la Organización para la Alimentación y la Agricultura (FAO)</a></h5> <h5><a href="http://sedac.ciesin.org/entri/register/reg-003.rrr.html" target="_top">Convention on Nature Protection and Wild Life Preservation in the Western Hemisphere</a></h5> <h5><a href="http://www.cec.org/pubs_info_resources/law_treat_agree/naaec/index.cfm?varlan=espanol" target="_top">Comisión para la Cooperación Ambiental de América del Norte</a></h5> <h5><a href="http://www.conama.cl/chile-canada/" target="_top">Acuerdo de Cooperación Ambiental Chile-Canadá</a></h5> <h5><a href="http://www.cep.unep.org/search/spanish.htm" target="_top">Convenio para la Protección y el Desarrollo del medio marino en el Gran Caribe (Convenio de Cartagena)</a></h5> <h5><a href="http://www.seaturtle.org/iac" target="_top">Inter-American Convention for the Protection and Conservation of Sea Turtles</a></h5> </p> ', '', '', NOW(), 1);
INSERT INTO url_alias (src, dst, language) VALUES ('node/65','turtles.intlagree','en');
INSERT INTO url_alias (src, dst, language) VALUES ('node/1065','turtles.intlagree','es');
INSERT INTO node
            (nid,            vid,            type,  language,title,             uid, status, created, changed, comment, promote, moderate, sticky, tnid, translate) VALUES
            (66,     66,     'book','en',    'Science',1,   1,      NOW(),   NOW(), 0,0,0,0,66,0),
            (1066,1066,'book','es',    'Ciencia',1,   1,      NOW(),   NOW(), 0,0,0,0,66,0);
INSERT INTO book (mlid, nid, bid) VALUES (10106,66,1),(10107,1066,1001);
INSERT INTO node_revisions
              (nid,       vid,       uid, title,              body,             teaser,          log, timestamp,format) VALUES
              (66,66,1,   'Science', '<p>A great deal of progress has been made in recent decades by scientists studying sea turtles. Still, many questions remain about these solitary, ancient reptiles, on topics ranging from migration to open ocean behavior. The links below will help you understand what is known, and what remains mysterious, about sea turtles. </p> <p>Most of these links will take you to pages of the website of the <a href="http://www.cccturtle.org">Caribbean Conservation Corporation</a> (CCC), which has been a leader in sea turtle conservation since 1959. Many thanks to the CCC for providing this valuable scientific information. </p> <p>Additional information can be found at many of the sites listed on our <a href="/?q=turtles.links">Turtle Links</a> page. <h3><a href="http://www.cccturtle.org/overview.htm">Overview of Sea Turtle Biology</a></h3> <h3>Species Ranges and Basic Information</h3> <ul> <li><a href="http://www.cccturtle.org/logger.htm" target="_top">Loggerhead</a></li> <li><a href="http://www.cccturtle.org/green.htm" target="_top">Green</a></li> <li><a href="http://www.cccturtle.org/hawksbill.htm" target="_top">Hawksbill</a></li> <li><a href="http://www.cccturtle.org/kemps.htm" target="_top">Kempís Ridley</a></li> <li><a href="http://www.cccturtle.org/olive.htm" target="_top">Olive Ridley</a></li> <li><a href="http://www.cccturtle.org/leather.htm" target="_top">Leatherback</a></li> <li><a href="http://www.cccturtle.org/flatback.htm" target="_top">Flatback</a></li></ul> <h3>Migratory Paths of Sea Turtles</h3> <ul> <li><a href="http://www.cccturtle.org/sat1.htm" target="_top">General</a></li> <li><a href="http://www.tamar.org.br/satelite.htm" target="_top">Brazil</a></li> <li><a href="http://www.cccturtle.org/sat_tort_all.htm" target="_top">Costa Rica</a></li> <li><a href="http://www.kachhapa.org/telemetry" target="_top">India</a></li> <li><a href="http://www.oneocean.org/ambassadors" target="_top">Philippines</a></li></ul> <h3><a href="http://www.cccturtle.org/behav.htm" target="_top">Sea Turtle Lifecycle and Behavior</a></h3> <h3>Sea Turtles within the Ecological Web</h3> </p> ','', '', NOW(), 1),
              (1066,1066,1,'Ciencia', '<p>Durante las últimas décadas, científicos estudiosos de las tortugas marinas han obtenido avances significativos. A pesar de ello, aún quedan muchas preguntas por resolver acerca de éstos solitarios reptiles milenarios en temas que van desde los parámetros de migración, hasta su comportamiento en el mar. Los siguientes enlaces le ayudarán a entender lo que en la actualidad se conoce acerca de las tortugas marinas y los misterios que aún quedan por resolver. </p> <p>Varios de estos enlaces lo/la van a llevar al sitio de internet de <a href="http://www.cccturtle.org">Caribbean Conservation Corporation</a> (CCC), líderes en la conservación de tortugas marinas desde 1959. Agradecemos enormemente a CCC por brindarnos tan valiosa información científica. </p> <p>Puede encontrar información adicional en los enlaces incluidos en nuestra página de <a href="/?q=turtles.links">Enlaces a las Tortugas</a>. </p> <p>Mirada a la  <h3><a href="http://www.cccturtle.org/overview.htm">Biología de las Tortugas Marinas</a></h3>   <h3>Rangos de Especies e información Básica</h3>  <ul> <li><a href="http://www.cccturtle.org/logger.htm" target="_top">Tortuga caguama, cabezuda, cahuama</a></li> <li><a href="http://www.cccturtle.org/green.htm" target="_top">Tortuga verde</a></li> <li><a href="http://www.cccturtle.org/hawksbill.htm" target="_top">Tortuga Carey</a></li> <li><a href="http://www.cccturtle.org/kemps.htm" target="_top">Tortuga lora</a></li> <li><a href="http://www.cccturtle.org/olive.htm" target="_top">Tortuga golfina</a></li> <li><a href="http://www.cccturtle.org/leather.htm" target="_top">Tortuga laúd, gigante, de cuero</a></li> <li><a href="http://www.cccturtle.org/flatback.htm" target="_top">Tortuga plana</a></li></ul>  <h3>Rutas Migratorias de las Tortugas Marinas</h3>  <ul> <li><a href="http://www.cccturtle.org/sat1.htm" target="_top">General</a></li> <li><a href="http://www.tamar.org.br/satelite.htm" target="_top">Brasil</a></li> <li><a href="http://www.cccturtle.org/sat_tort_all.htm" target="_top">Costa Rica</a></li> <li><a href="http://www.kachhapa.org/telemetry" target="_top">India</a></li> <li><a href="http://www.oneocean.org/ambassadors" target="_top">Filipinas</a></li></ul>  <h3><a href="http://www.cccturtle.org/behav.htm" target="_top">Ciclo de Vida y Comportamiento de las Tortugas</a></h3> </p> ', '', '', NOW(), 1);
INSERT INTO url_alias (src, dst, language) VALUES ('node/66','turtles.science','en');
INSERT INTO url_alias (src, dst, language) VALUES ('node/1066','turtles.science','es');
INSERT INTO node
            (nid,            vid,            type,  language,title,             uid, status, created, changed, comment, promote, moderate, sticky, tnid, translate) VALUES
            (67,     67,     'page','en',    'Threats to Turtles',1,   1,      NOW(),   NOW(), 0,0,0,0,67,0),
            (1067,1067,'page','es',    'Amenazas a las tortugas',1,   1,      NOW(),   NOW(), 0,0,0,0,67,0);
INSERT INTO book (mlid, nid, bid) VALUES (10108,67,1),(10109,1067,1001);
INSERT INTO node_revisions
              (nid,       vid,       uid, title,              body,             teaser,          log, timestamp,format) VALUES
              (67,67,1,   'Threats to Turtles', '<p>Sea turtles are among the most impressive and intriguing animals on our planet. Relics from a time before the dinosaurs, they have existed for over 150 million years. They live long lives, often not reaching maturity for decades, and regularly travel thousands of miles between feeding and nesting areas. Their journeys are navigated with amazing accuracy. Some scientists theorize that they accomplish this feat by orienting to the earth\'s magnetic fields. </p> <p> </p> <p> </p> <p> The waters of the Americas were once a welcoming home to six of the seven species of sea turtles, but now all seven species are endangered or threatened. The life of a turtle is now beset with human-caused dangers. Direct taking of turtles, still practiced both legally and illegally in many countries, includes the slaughtering of adult turtles for their meat, shells, or skin, as well as the harvesting of sea turtle eggs. <a href="/?q=turtles.habitatloss">Habitat loss</a> occurs when people convert the beaches and waters traditionally used by sea turtles into human-dominated spaces such as tourist developments or oil rigs. Marine pollution can stem from ocean dumping or run-off of land pollution, accelerating turtle decline through disease and accidents. In the course of fishing for other species, many fishing operations kill turtles as <a href="/?q=turtles.bycatch">incidental bycatch</a>, a phenomenon that is only recently getting the attention it requires as a critical danger to turtle populations. And all of these threats to turtles become difficult to address due to a lack of enforcement of existing regulations. </p> <p> </p> <p> </p> <p> The alarming decline of sea turtles is illustrated by a few facts about leatherbacks, the largest living turtle. Leatherback nesting is concentrated in four Pacific rookeries. In 1999 there were about 550 nesting females in Indonesia, 250 in Mexico, 117 in Costa Rica and 2 in Malaysia. This data, combined with knowledge about the typical nesting intervals, indicates that the Pacific Ocean could contain as few as 2300-3400 adult females. Indeed, the Pacific leatherback is now the world\'s most endangered sea turtle. </p> <p> </p> <p> </p> <p> Scientific studies and simulations indicate that sea turtles cannot sustain a chronic reduction in numbers of adults and juveniles. As adult mortality increases, the decline accelerates to a collapse. In the case of leatherbacks, scientists believe no harvesting of populations (intentional or incidental) can be tolerated, and that unless the trend is reversed the leatherback turtle will soon disappear from the Pacific coast of the western hemisphere.</p> ','', '', NOW(), 1),
              (1067,1067,1,'Amenazas a las tortugas', '<p>Las tortugas marinas son uno de los animales más impresionantes e intrigantes de nuestro planeta, incluso existen vestigios anteriores a los tiempos de los dinosaurios que demuestran que las tortugas han existido por mas de 150 millones de años. Estos animales longevos necesitan varias décadas para llegar a la madurez y normalmente viajan miles de kilómetros entre los lugares de alimentación y de anidación. Se sabe que las tortugas marinas siguen las rutas con impresionante precisión, y de acuerdo con algunos científicos, encuentran el sitio de destino orientándose con los campos magnéticos de la tierra. </p> <p>Las aguas del continente americano hospedaron en algún momento a seis de las siete especies de tortugas marinas, pero ahora las siete especies se encuentran amenazadas o en peligro de extinción. La caza directa de tortugas aún practicada de forma legal e ilegal en muchos países, incluye la captura de tortugas adultas en pos de la carne, los caparazones o la piel, así como la recolección de sus huevos. La <a href="/?q=turtles.habitatloss">pérdida de hábitat</a>, causada por la conversión de las playas y aguas usadas tradicionalmente por éstas en espacios dominados por los seres humanos, como lo son proyectos turísticos o campos petroleros, es otro de los factores amenazantes para estas especies. Así mismo, la contaminación marina proveniente de las descargas de residuos al océano o los vertimientos de contaminantes del suelo, aceleran la disminución de tortugas por las enfermedades y accidentes que ocasionan. La <a href="/?q=turtles.bycatch">pesca incidental</a> generada en actividades pesqueras comerciales es un fenómeno que recientemente esta recibiendo la atención necesaria, por el peligro inminente que implica para las poblaciones de tortugas, pues en la búsqueda de otras especies, estas operaciones pesqueras matan muchas tortugas. La dificultad para enfrentar estas amenazas se agrava por la falta de cumplimiento de la normatividad vigente. </p> <p>Algunos datos acerca de las tortugas gigantes, las tortugas vivientes más grandes en el mundo, permiten evidenciar la alarmante disminución de esta especie. La anidación de las tortugas gigantes se concentra en cuatro zonas rocosas del Pacífico. In 1999 hubo cerca de 550 hembras anidando en Indonesia, 250 en México, 117 en Costa Rica y 2 en Malasia. Estos datos junto con otros relacionados con intervalos típicos de anidación, indican que el Océano Pacífico puede contener entre 2300-3400 hembras adultas. De hecho la tortuga gigante del Pacífico es en este momento la especie que se encuentra en mayor peligro de extinción en el mundo. </p> <p>Estudios científicos y simulaciones indican que las tortugas marinas no soportan una disminución crónica de los números de adultos y jóvenes. A medida que la mortalidad de los adultos aumenta, disminuye la población de tortugas, acercándose al colapso. Para el caso de las tortugas gigantes, los científicos creen que es posible evitar la recolección de estos individuos (intencional o accidental) y que, a menos que haya un cambio en las tendencias actuales, la tortuga gigante pronto va a desaparecer de la costa Pacífica del hemisferio occidental.</p> ', '', '', NOW(), 1);
INSERT INTO url_alias (src, dst, language) VALUES ('node/67','turtles.threats','en');
INSERT INTO url_alias (src, dst, language) VALUES ('node/1067','turtles.threats','es');
INSERT INTO node
            (nid,            vid,            type,  language,title,             uid, status, created, changed, comment, promote, moderate, sticky, tnid, translate) VALUES
            (68,     68,     'book','en',    'X`cacel',1,   1,      NOW(),   NOW(), 0,0,0,0,68,0),
            (1068,1068,'book','es',    'X`cacel',1,   1,      NOW(),   NOW(), 0,0,0,0,68,0);
INSERT INTO book (mlid, nid, bid) VALUES (10110,68,1),(10111,1068,1001);
INSERT INTO node_revisions
              (nid,       vid,       uid, title,              body,             teaser,          log, timestamp,format) VALUES
              (68,68,1,   'X`cacel', '<p>Victory! The Mexican National Ecology Institute has withdrawn the permits for the mega tourism development in X\'cacel! </p> <p>X\'cacel is an important nesting ground for both loggerhead and green turtles in the state of Quintana Roo, Mexico. One of few remaining natural beaches in the densely-developed Canc&uacute;n-Tulum tourist corridor, X\'cacel shelters a significant portion of the nesting sea turtles in Caribbean waters as well as approximately 40 other species of protected wildlife. Studies have suggested that disappearance of the green and loggerhead turtles of X\'cacel would mean the loss of over 20% of the genetic diversity of both species in the Atlantic. </p> <p> </p> <p> A deal brokered by the now-fugitive ex-governor of Quintana Roo resulted in the sale of this precious refuge to hotel giant Sol Meli&aacute; and four partner companies, with intentions to build a 1,450 room luxury resort on 400 beachfront acres. Thee threat of irreparable damage this would do to sea turtles throughout the Atlantic resulted incaused heavy public and scientific outcry against the project. Nevertheless, the previous Mexican administration approved the Environmental Impact Assessment (EIA) and thus authorized the project shortly before the 2000 transfer of power to Vicente Fox and his administration. </p> <p> </p> <p> </p> <p> AIDA\'s Mexican participating organization, <a href="http://www.cemda.org.mx/">The Mexican Environmental Law Center (CEMDA)</a>, filed several administrative complaints challenging the flaws in the permitting process for this project. AIDA worked with CEMDA and generated letters to the Fox administration through an action alert on the Earthjustice website. </p> <p> </p> <p> </p> <p> Fortunately, in April 2001, the National Ecology Institute bowed to public pressure and responded to the complaints filed by revoking the permit for and temporarily halting development of the resort complex. The government is currently reviewing the EIA and has plans for a public meeting in August. After a careful review of the EIA and further public hearings, the government recently announced that environmentalists are correct in asserting that X\'cacel is too ecologically fragile to sustain such development, and that the project has been cancelled. </p> <p> </p> <p> </p> <p> This is great news for nesting sea turtles, other wildlife, and the majority of Quintana Roo residents opposing the development. But turtle advocates will not be contented until X\'cacel, with its impressive biological diversity and significant educational potential, is permanently protected in its current natural state. AIDA recommends that the Mexican government implement measures to fully and permanently protect X\'cacel, and that local organizations continue to monitor enforcement of existing protections and potential threats to the area.</p> ','', '', NOW(), 1),
              (1068,1068,1,'X`cacel', '<p>Éxito! El Instituto Nacional de Ecología Mexicano retiró el permiso para un mega proyecto turístico en X’cacel! </p> <p>X’cacel es un importante sitio de anidación para tortugas cahuama y tortugas verdes, ubicado en el estado de Quintana Roo, México, por ser una de las escasas playas naturales que quedan en el densamente desarrollado corredor turístico de Cancún-Tulum. De hecho, X’cacel no solo alberga una importante cantidad de tortugas marinas de las aguas del Caribe en anidación, sino también es refugio para cerca de otras 40 especies protegidas. De hecho algunos estudios revelan que la desaparición de las tortugas verdes y cahuama de X’cacel implicaría la pérdida de mas de un 20% de la diversidad genética de ambas especies en el Atlántico. </p> <p>Un acuerdo incumplido por el ahora fugitivo ex-gobernador de Quintana Roo implicó la venta de este precioso refugio al gigante hotelero Sol Meliá y a cuatro compañías asociadas, con la intención de construir un complejo de lujo de 400 acres frente a la playa. La amenaza del daño irreparable que este proyecto causaría alrededor del Atlántico generó airadas protestas del público y de la comunidad científica. A pesar de ello, el anterior gobierno mexicano, poco antes de transferir el poder a Vicente Fox y su administración, aprobó la Evaluación de Impacto Ambiental, autorizando el proyecto. </p> <p>CEMDA, la organización mexicana miembro de AIDA, interpuso varias quejas administrativas denunciando las deficiencias del procedimiento del permiso. AIDA trabajó con CEMDA enviando cartas a la administración de Fox mediante acciones de alerta de la página de Internet de Earthjustice. </p> <p>Afortunadamente, en abril de 2001 el Instituto Nacional de Ecología sucumbió ante la presión pública y respondió las quejas interpuestas revocando el permiso y suspendiendo temporalmente el desarrollo del complejo hotelero. En la actualidad el gobierno esta revisando el EIA y tiene planeado adelantar una audiencia pública en agosto. Después de una cuidadosa revisión del EIA y de varias audiencias públicas, el gobierno anunció recientemente que los ambientalistas tenían razón en el sentido de que X’cacel es demasiado frágil ecológicamente para soportar dicho proyecto, por lo cual el proyecto se cancelaba. </p> <p>La suspensión temporal esta bien. Estas son muy buenas noticias para las tortugas marinas anidando, para otras especies de fauna y para la mayoría de los residentes de Quintana Roo que se opusieron al proyecto. Pero los defensores de las tortugas no van a quedar contentos hasta que X’cacel con su impresionante diversidad biológica y significativo potencial educativo, sea protegido de forma permanente en su estado natural actual. AIDA recomienda que el gobierno mexicano implemente las acciones permanentes requeridas para asegurar que X’cacel sea verdadera y efectivamente protegida y que las organizaciones locales continúen monitoreando su implementación.</p> ', '', '', NOW(), 1);
INSERT INTO url_alias (src, dst, language) VALUES ('node/68','turtles.xcacel','en');
INSERT INTO url_alias (src, dst, language) VALUES ('node/1068','turtles.xcacel','es');
INSERT INTO node
            (nid,            vid,            type,  language,title,             uid, status, created, changed, comment, promote, moderate, sticky, tnid, translate) VALUES
            (69,     69,     'page','en',    'Bycatch',1,   1,      NOW(),   NOW(), 0,0,0,0,69,0),
            (1069,1069,'page','es',    'Pesca accidental',1,   1,      NOW(),   NOW(), 0,0,0,0,69,0);
INSERT INTO book (mlid, nid, bid) VALUES (10112,69,1),(10113,1069,1001);
INSERT INTO node_revisions
              (nid,       vid,       uid, title,              body,             teaser,          log, timestamp,format) VALUES
              (69,69,1,   'Bycatch', '<p>The oceans are a crucial source of high-protein food for people worldwide. It is becoming clear, however, that overfishing and some incredibly wasteful commercial fishing practices are eroding the vitality of our seas. Many consumers may not realize that their seafood is caught using methods that only roughly target the intended species. Bycatch, the incidental capture of species other than those specifically targeted, is becoming a greater problem as commercial fisheries expand. Nets and lines are hauled aboard filled with unwanted creatures, ranging from unacceptably young fish to seabirds, marine mammals, and endangered species such as sea turtles. Most bycatch is considered worthless by industrial fishers, and is discarded overboard, already dead. </p> <p> </p> <p> </p> <p>Estimates pin the annual bycatch caused by industrial fishing methods at one quarter to one third of the approximately 80 million ton total global catch. This &quot;incidental&quot; bycatch has a huge impact on marine ecosystem health. The indiscriminate killing causes food resources within marine ecosystems to dwindle, disrupting the marine food chain and threatening the stability of various predator species, ranging from sea lions to bluefin tuna. Marine diversity is affected because certain species suffer more than others: for example, leatherback turtles, which spend more time in the open ocean than do other sea turtles, are highly susceptible to injury and mortality caused by high seas fishing operations. </p> <p> </p> <p> </p> <p><a href="/?q=turtles.bycatch_shrimp">Shrimp trawling</a> results in more bycatch than other fishing methods, with unwanted animals making up as much as 80 percent of the total catch by weight. Often, sea turtles drown in the large, funnel-shaped nets that sweep up anything in their paths. The turtles can be spared, however, by the installation of a simple, selective Turtle Excluder Device (TED). TEDs are required in the United States and many other countries, and the degree to which they are used largely determines the extent of turtle bycatch in the shrimping industry. </p> <p> </p> <p> </p> <p>Current US law requires that imported shrimp be caught using methods that provide levels of sea turtle protection similar to that found in the domestic industry, which generally means that TEDs must be used. As part of a project to improve enforcement of TEDs use throughout the hemisphere, AIDA is investigating the process by which the United States certifies the shrimp fisheries of other countries. </p> <p> </p> <p> </p> <p><a href="/?q=turtles.bycatch_longline">Longline fishers</a> use fishing lines up to 75 miles long hung with thousands of hooks to catch species such as swordfish. This fishing method also causes extremely high levels of bycatch. Turtles can get caught on the hooks or entangled in the lines, often drowning before being released. Lawyers from AIDA\'s participating organizations are collaborating to investigate legal provisions and mechanisms for controlling bycatch levels in their national fisheries. The information obtained will be used to design and implement collaborative legal strategies to force reductions in bycatch levels by fisheries closures, gear alterations, and improved management.  <h3>Links</h3> A few links about fishing bycatch: </p> <p> </p> <p> </p> <p><a href="/?q=turtles.bycatch_shrimp">Shrimp Trawling Bycatch</a> </p> <p> </p> <p> </p> <p><a href="/?q=turtles.bycatch_longline">Longline Fishing Bycatch</a> </p> <p> </p> <p>Protection of sea lions threatened by industrial fishing: <a href="http://www.earthjustice.org/accomplishments/display.html?ID=78" target="_top"> http://www.earthjustice.org/accomplishments/display.html?ID=78</a> </p> <p> </p> <p> </p> <p>WWF\'s bycatch fact sheet: <a href="http://www.panda.org/news/press/archive/news_177f2.htm" target="_top"> http://www.panda.org/news/press/archive/news_177f2.htm</a> </p> <p> </p> <p> </p> <p>Bycatch information from the Monterey Bay Aquarium: <a href="http://www.mbayaq.org/efc/efc_oc/dngr_trbl_bycatch.asp" target="_top">http://www.mbayaq.org/cr/cr_seafoodwatch/sfw_bycatch.asp</a></p> ','', '', NOW(), 1),
              (1069,1069,1,'Pesca accidental', '<p>Los océanos son una fuente esencial de alimento de alto contenido proteínico para los habitantes del mundo. A pesar de ello, la pesca excesiva y algunas prácticas irracionales de pesca comercial están evidenciando la erosión de la abundancia de los mares. Muchos consumidores seguramente ignoran que su comida de mar se consigue gracias al uso de métodos que muy raramente se dirigen a la especie buscada. La pesca incidental de especies diferentes a las que específicamente se pretende capturar, está volviéndose un problema mayor a medida que esta actividad comercial se extiende. Redes y atarrayas son llevadas a bordo llenas de criaturas indeseadas, que van desde peces jóvenes que no alcanzan los niveles de aceptación, hasta aves y mamíferos marinos, pasando por otras especies amenazadas, como las tortugas marinas. Los pescadores industriales no le dan mucha importancia a la pesca incidental, por lo cual arrojan por la borda los individuos atrapados ya muertos. </p> <p>Las estadísticas señalan que la pesca incidental generada por métodos industriales alcanza de un cuarto a un tercio de las aproximadamente 80 millones de toneladas globales de la pesca. Este tipo de pesca “incidental” tiene un alto impacto en la salud de los ecosistemas marinos debido a que la matanza indiscriminada causa la disminución de recursos alimenticios en los mismos, incluyendo leones marinos y atún de aleta azul. Así mismo, la diversidad marina se afecta por cuanto ciertas especies sufren más que otras. Es el caso de las tortugas laúd, que pasan mayor tiempo en mar abierto que otras tortugas, por lo que son altamente susceptibles de sufrir heridas o morir por causas de operaciones pesqueras en altamar. </p> <p><a href="/?q=turtles.bycatch_shrimp">El arraste de camarón ocasiona mayor pesca incidental que otros métodos de pesca, generando un 80 por ciento en peso de animales indeseados en comparación con la captura total. A menudo las tortugas marinas se ahogan en las amplias redes que arrastran lo que encuentren a su paso. Sin embargo, es posible salvar las tortugas con la instalación de un simple y selectivo Dispositivo Excluyente de Tortugas (TED por sus siglas en inglés). Los TEDs son exigidos en Estados Unidos y en muchos otros países, pudiendo su uso frecuente disminuir en gran medida la cantidad de tortugas de pesca incidental implicadas en la industria camaronera. </p> <p> </p> <p>Las normas actuales requieren que el camarón importado a Estados Unidos se obtenga usando métodos que brinden niveles similares de protección a las tortugas marinas a aquellos usados por la industria nacional, que en general implica el uso de TEDs. Como parte del proyecto para el mejoramiento de la exigencia del uso de TEDs a través del hemisferio, AIDA está investigando el proceso por medio del cual Estados Unidos certifica la pesca de camarón de otros países. </p> <p> </p> <p>turtles.bycatch_longline Industrias pesqueras con palangre</a> usan redes de hasta 75 millas de largo (120 km) de la cual cuelgan miles de anzuelos para atrapar especies como el pez espada. Este método de pesca también causa altos niveles de pesca incidental. Las tortugas pueden quedar atrapadas en los anzuelos o enredadas en las redes, ahogándose antes de que puedan ser liberadas. Abogados/as de las organizaciones participantes de AIDA están colaborando en la investigación de normas y mecanismos para el control de los niveles de pesca incidental en las industrias pesqueras nacionales. La información obtenida va a ser utilizada para diseñar e implementar estrategias legales conjuntas que conlleven a la reducción de los niveles de pesca incidental mediante: presión a la industria pesquera, el cambio de tecnología y el mejoramiento en el manejo de la actividad.</p> ', '', '', NOW(), 1);
INSERT INTO url_alias (src, dst, language) VALUES ('node/69','turtles.bycatch','en');
INSERT INTO url_alias (src, dst, language) VALUES ('node/1069','turtles.bycatch','es');
INSERT INTO node
            (nid,            vid,            type,  language,title,             uid, status, created, changed, comment, promote, moderate, sticky, tnid, translate) VALUES
            (70,     70,     'book','en',    'Costa Rica',1,   1,      NOW(),   NOW(), 0,0,0,0,70,0),
            (1070,1070,'book','es',    'Costa Rica',1,   1,      NOW(),   NOW(), 0,0,0,0,70,0);
INSERT INTO book (mlid, nid, bid) VALUES (10114,70,1),(10115,1070,1001);
INSERT INTO node_revisions
              (nid,       vid,       uid, title,              body,             teaser,          log, timestamp,format) VALUES
              (70,70,1,   'Costa Rica', '<p><p></p> <p> Costa Rica is known for its impressive biological diversity as well as its dedication to conservation. Nevertheless, not too long ago, both of these reputations were tested by a controversial law allowing the killing of green sea turtles. </p> <p></p></p> <p><p></p> <p> The 35-km beach between the Tortuguero and Parismina river mouths is the nesting ground of the largest remaining population of green sea turtles in the Atlantic Ocean. In fact, it is the only major breeding site of green sea turtles left in the Caribbean. </p> <p></p></p> <p><p></p> <p> Until recently, Costa Rican law permitted the annual capture and slaughter of 1,800 green sea turtles. In reality, high volumes of poaching caused the number of green turtles killed each year to be many times higher than this legal limit, putting unacceptable pressure on the already fragile population. Capturing breeding adults is one of the most effective ways to cripple a sea turtle species, since they take decades to mature and females only nest every two to three years. The consequences of a dwindling adult population at such a significant nesting site are felt for generations and across oceans.</p> <p></p></p> <p><p></p> <p> In May of 1998, AIDA filed suit to challenge this law. Brought on behalf of the <a href="http://www.cccturtle.org" target="_top">Caribbean Conservation Corporation</a> and marine biologists by one of AIDA&#146;s Costa Rican participating organizations (<a href="http://www.cedarena.org" target="_top">CEDARENA</a>), the suit argued that the law violated the Costa Rican constitutional guarantee of an environment that is healthy and &quot;in equilibrium.&quot; AIDA presented evidence that the quota was determined arbitrarily, that this level of taking is not sustainable, that lax enforcement led to the death of many more than the permitted of turtles each year, and that much of the take came from beaches of national parks where turtle hunting is strictly forbidden. In February of 1999, the Costa Rican court ruled in favor of AIDA, annulling the law. As a result Costa Rica&#146;s turtle fishery is now officially closed. </p> <p></p></p> ','', '', NOW(), 1),
              (1070,1070,1,'Costa Rica', '<p>Costa Rica es famosa por su impresionante diversidad biológica y por su dedicación a la conservación. A pesar de ello, recientemente estos dos aspectos fueron puestos a prueba por una ley muy controversial que permitía la caza de tortugas marinas verdes. </p> <p>Los 35 kms. de playa entre las desembocaduras de los ríos Tortuguero y Parisimia constituyen el campo de anidación de la mayor población de tortugas verdes del Océano Atlántico. De hecho, es el único gran sitio de cría de tortugas verdes en el Caribe. </p> <p> </p> <p>Hasta hace poco, la ley costarricense permitía la captura y masacre anual de 1,800 tortugas verdes. De hecho, altos volúmenes de escalfados causaron que el número de tortugas verdes capturadas fuera mucho mayor del límite legal autorizado, implicando un riesgo inaceptable a la ya frágil población. La captura de adultos en etapa de reproducción es una de las formas más efectivas de afectar las especies de tortugas marinas, debido a que les toma décadas madurar y las hembras sólo anidan cada dos o tres años. Las consecuencias de la disminución en la población adulta de tan importante lugar de anidación se sienten por generaciones a través de los mares. </p> <p> </p> <p>En Mayo de 1998 AIDA demandó esta ley, acción que fue interpuesta en nombre de la <a href="http://www.cccturtle.org" target="_top">Caribbean Conservation Corporation</a> y de los biólogos marinos de (<a href="http://www.cedarena.org" target="_top">CEDARENA</a>), una de las organizaciones participantes de AIDA en Costa Rica. De acuerdo con la demanda, la ley violaba la garantía constitucional a un medio ambiente sano y equilibrado. Con el fin de sustentar dicho argumento, AIDA presentó evidencia demostrando que las cuotas fueron determinadas de forma arbitraria, que este nivel de explotación no es sostenible, que el cumplimiento de la ley conlleva a la muerte de muchas mas tortugas de las permitidas por la ley y que la mayoría de las capturas provienen de playas de parques naturales en donde la caza de tortuga está estrictamente prohibida. En Febrero de 1999, la Corte Suprema de Justicia costarricense dictó sentencia en favor de AIDA, anulando la ley. Como consecuencia de esta decisión, la pesca de tortuga en Costa Rica oficialmente se acabó.</p> ', '', '', NOW(), 1);
INSERT INTO url_alias (src, dst, language) VALUES ('node/70','turtles.costarica','en');
INSERT INTO url_alias (src, dst, language) VALUES ('node/1070','turtles.costarica','es');
INSERT INTO node
            (nid,            vid,            type,  language,title,             uid, status, created, changed, comment, promote, moderate, sticky, tnid, translate) VALUES
            (71,     71,     'book','en',    'Habitat Loss',1,   1,      NOW(),   NOW(), 0,0,0,0,71,0),
            (1071,1071,'book','es',    'Pérdida de Hábitat',1,   1,      NOW(),   NOW(), 0,0,0,0,71,0);
INSERT INTO book (mlid, nid, bid) VALUES (10116,71,1),(10117,1071,1001);
INSERT INTO node_revisions
              (nid,       vid,       uid, title,              body,             teaser,          log, timestamp,format) VALUES
              (71,71,1,   'Habitat Loss', '<p>Because the sea turtle lifecycle requires female turtles to return to their natal beaches and nest, commercial development of nesting beaches contributes significantly to sea turtle population declines. For successful reproduction, the females must be able to lay their eggs undisturbed, and enough of these eggs must develop into hatchlings without being eaten by predators. Further, hatchlings must be able to quickly locate and crawl to the ocean waters that will be their home until maturity. Coastal development for tourism, urban growth, sand mining, industry, agriculture, or roads often impedes one or more of these critical steps. </p> <p> </p> <p> </p> <p> Physical modification of beaches, such as beach armoring, erosion, and beach nourishment, heavily impacts delicate and complex coastal ecosystems, usually bringing negative consequences for the living things on the land and in the water. The presence of people, including noise from human settlements, has been shown to be so frightening to female turtles that they will leave their nesting incomplete in order to escape back into the ocean. Lighting of beaches disorients the hatchlings, which instinctively head towards the lightest horizon during their nocturnal dash from nest to protective waters. The hatchlings may head for the bright lights of a new coastal resort instead of the sea, exposing them to dehydration and predation. Alteration of the marine habitats of sea turtles, in the form of oil rigs or other damaging structures, also accelerates sea turtle population decline by increasing marine pollution and noise levels. </p> <p> </p> <p> </p> <p> Many countries have taken steps to address this issue of habitat loss by designating protected nesting beaches and regulating coastal activity. Still, it is a constant battle to insulate these areas from poachers, development deals, and the damage to surrounding ecosystems that results from unchecked pollution and population expansion. </p> <p> </p> <p>AIDA is fighting to prevent construction that would destroy Playa Grande and other nesting beaches in the <a href="/?q=turtles.leatherback">Leatherback Marine National Park</a>, Costa Rica. Responding to a case filed by AIDA, the Constitutional Branch of Costa Rica’s Supreme Court in March 2005 granted an injunction against such development. </p> <p> </p> <p> Recent efforts to protect the important loggerhead and green sea turtle nesting beach at <a href="xcacel.php">X’cacel, Mexico</a>, have been successful in postponing impending development, but the ultimate destiny of this precious sanctuary remains unclear. X’cacel, one of the few remaining natural beaches in the Canc&uacute;n- Tulum tourist corridor, will prove to be significant both biologically and symbolically in the struggle to protect sea turtle habitat.</p> ','', '', NOW(), 1),
              (1071,1071,1,'Pérdida de Hábitat', '<p>Debido a que el ciclo de vida de las tortugas marinas requiere que las tortugas hembras regresen a sus playas natales para anidar, el desarrollo comercial de estas playas contribuye significativamente a la disminución de la población de tortugas. Para que la reproducción sea exitosa, las hembras deben tener la posibilidad de anidar sus huevos sin ser molestadas y una cantidad suficiente de estos huevos deberá llegar a convertirse en crías sin que sean consumidos por los depredadores. Aún más, las crías deben tener la capacidad de ubicar y alcanzar rápidamente las aguas del mar que serán su hogar hasta alcanzar la madurez. Los desarrollos costeros para el turismo, el crecimiento urbano, la minería de arena, la industria, la agricultura y las vías de transporte impiden que uno o más de las etapas críticas de vida de las tortugas puedan llevarse a cabo. </p> <p>La modificación física de las playas, como el encerramiento de las playas, la erosión y el alimento de las playas impacta de forma significativa los complejos y delicados ecosistemas costeros, ocasionando usualmente consecuencias negativas a los seres vivos en la tierra y el agua. La presencia de personas, incluyendo el ruido proveniente de asentamientos humanos ha demostrado ser tan temido por las tortugas hembras, que abandonan el sitio de anidación dejándola incompleta, para escapar al océano. La iluminación en las playas desorienta a las crías de las tortugas, que instintivamente se dirigen hacia los sitios mas iluminados durante los nacimientos nocturnos. Las crías de tortuga pueden dirigirse a las luces brillantes de un complejo hotelero costero en lugar de hacia el mar, quedando expuestas a la deshidratación y depredación. La alteración de los hábitat de las tortugas marinas por parte de instalaciones petroleras y otras estructuras parecidas, también acelera la disminución de las poblaciones de tortugas, por cuando que aumenta la contaminación marina y los niveles de ruido. </p> <p> </p> <p>Muchos países han adelantado estrategias para abordar el problema de la pérdida de hábitat mediante la designación de playas de anidación y la regulación de la actividad costera. A pesar de ello, el aislamiento de estas áreas de los recolectores, acuerdos de desarrollo y del daño de los ecosistemas cercanos por la falta de control de la contaminación y la expansión de la degradación ambiental es una lucha constante. </p> <p> </p> <p>AIDA trabaja para prevenir construcciones que tendrían un grave impacto sobre Playa Grande y otras importantes playas de anidación en el <a href="/?q=turtles.leatherback">Parque Nacional Marino Las Baulas</a>, Costa Rica. En Marzo de 2005, la Sala Constitucional de la Corte Suprema de Justicia de Costa Rica admitió para su estudio un Recurso de Amparo interpuesto por AIDA y suspendió las autorizaciones de las construcciones en el Parque.</p> <p>Recientemente ha habido exitosos intentos para proteger importantes playas de anidación de la tortuga gigante o laúd en <a href="/?q=turtles.xcacel">X’cacel, México</a> logrando posponer un proyecto de desarrollo en esta zona. Pero el destino final de este precioso santuario sigue sin aclarare. X’cacel, una de las pocas playas naturales del corredor turístico de Cancún-Tulum que va a probar la importancia biológica y simbólica en la lucha para la protección del hábitat de las tortugas marinas.</p> ', '', '', NOW(), 1);
INSERT INTO url_alias (src, dst, language) VALUES ('node/71','turtles.habitatloss','en');
INSERT INTO url_alias (src, dst, language) VALUES ('node/1071','turtles.habitatloss','es');
INSERT INTO node
            (nid,            vid,            type,  language,title,             uid, status, created, changed, comment, promote, moderate, sticky, tnid, translate) VALUES
            (72,     72,     'book','en',    'IAC',1,   1,      NOW(),   NOW(), 0,0,0,0,72,0),
            (1072,1072,'book','es',    'IAC',1,   1,      NOW(),   NOW(), 0,0,0,0,72,0);
INSERT INTO book (mlid, nid, bid) VALUES (10118,72,1),(10119,1072,1001);
INSERT INTO node_revisions
              (nid,       vid,       uid, title,              body,             teaser,          log, timestamp,format) VALUES
              (72,72,1,   'IAC', '<p><p></p> <p> The Inter-American Convention for the Protection and Conservation of Sea Turtles, hereafter referred to as the IAC, is the only international treaty focused on protecting sea turtles and their habitats. International cooperation is crucial to the survival of these highly migratory animals, because conservation efforts in one country may be negated by activities in another country. </p> <p></p></p> <p><p></p> <p> There are currently twelve signatory countries to the IAC, nine of which have taken the legally binding step of ratification. Now that the treaty is in force, more countries are welcome to sign on. </p> <p></p></p> <p><p></p> <p> At one time, it appeared that the treaty might fade away without sufficient signatures before the December 31, 1998 deadline. A last-minute intensive campaign by sea turtle advocates, in which AIDA played an instrumental role, ensured further signatures and the survival of this important international agreement. </p> <p></p></p> <p><p></p> <p> The IAC applies to the six sea turtle species living in the Western Hemisphere, all of which are endangered or threatened. Article II states: &quot;The objective of this Convention is to promote the protection, conservation and recovery of sea turtle populations and of the habitats on which they depend, based on the best available scientific evidence, taking into account the environmental, socioeconomic and cultural characteristics of the Parties.&quot; </p> <p></p></p> <p><p></p> <p> The IAC calls for a Consultative Committee and a Scientific Committee, which together will perform the bulk of the actions required by the treaty. It demands monitoring and cooperation, as well as an Annual Report by each participating nation on its sea turtle conservation programs. Some of the main commitments include: prohibition of trade in sea turtles, their eggs, parts, and products; restriction of human activities that harm sea turtles or their habitats; scientific research and public education efforts; and reduction of incidental bycatch of sea turtles during fishing operations through regulation, technology, and training.</p> <p></p></p> <p><p></p> <p> Although the enactment of the IAC marks a distinct victory for sea turtle populations, much more needs to be done. The first meeting has yet to take place, and there is currently no established Secretariat to administer the convention. AIDA is encouraging action plans on the part of already committed countries and promoting the establishment of a Secretariat with sufficient funding to achieve the levels of protection urgently needed by marine turtles. We also seek to increase participation in the IAC. Broad-based yet focused participation in this international effort must continue.</p> <p></p></p> ','', '', NOW(), 1),
              (1072,1072,1,'IAC', '<p>La Convención Interamericana para la Protección y la Conservación de las Tortugas Marinas es el único tratado internacional cuyo objetivo es la protección de las tortugas marinas y su hábitat. La cooperación internacional es esencial para la sobrevivencia de estos animales altamente migratorios, por cuanto que los esfuerzos de conservación en un país pueden ser anulados por las actividades en otro. </p> <p>Actualmente doce países han firmado la Convención, nueve de los cuales la han ratificado. Una vez entrada en vigor la Convención, se espera la firma y ratificación por parte de más Estados. </p> <p>En un momento dado, parecía que el tratado iba a desvanecerse por la ausencia de las firmas suficientes requeridas antes de la fecha límite, el 31 de diciembre de 1998. Sin embargo, una campaña de último minuto de los defensores de las tortugas marinas, en la cual AIDA jugó un papel importante, logró la adhesión de mas firmas y la sobrevivencia de este importante tratado internacional. </p> <p>La Convención Interamericana para la Protección y la Conservación de las Tortugas Marinas se aplica a seis especies de tortugas que viven en el hemisferio occidental, todas amenazadas o en peligro de extinción. El artículo II establece: “El objetivo de esta Convención es promover la protección, conservación y recuperación de las poblaciones de tortugas marinas y de los hábitats de los cuales dependen, basándose en los datos científicos más fidedignos disponibles y considerando las características ambientales, socioeconómicas y culturales de las Partes.” </p> <p> (Explicación del mapa) Como puede verse, la mayoría del hábitat de las tortugas marinas esta cubierto por los países signatarios de la Convención. Ahora las tortugas necesitan la adhesión de más Estados y el estricto cumplimiento por parte de los países comprometidos. </p> <p>La Convención Interamericana para la Protección y la Conservación de las Tortugas Marinas establece un Comité Consultivo y un Comité Científico que conjuntamente van a desarrollar las acciones requeridas por el tratado. Dicho acuerdo requiere del monitoreo y cooperación, así como del desarrollo de un Informe Anual por cada Estado parte, acerca de los programas de conservación de tortugas marinas. Algunos de los compromisos principales incluyen: prohibición de comercio de tortugas marinas, sus huevos, partes y productos; la restricción de actividades humanas que amenacen a las tortugas marinas o su hábitat; investigación científica e iniciativas de educación pública; reducción de la pesca incidental de tortugas marinas durante las operaciones de pesca mediante la regulación, tecnología y entrenamiento de operadores. A pesar que la entrada en vigor de la Convención significa una importante victoria para la población de las tortugas marinas, se necesita mucho mas que eso para hablar de una verdadera conservación. La primera reunión esta por celebrarse y todavía no se ha definido el Secretariado que estará a cargo de la Convención. AIDA esta impulsando planes de acción por parte de los países ya comprometidos y promoviendo el establecimiento del Secretariado con el financiamiento suficiente para alcanzar los niveles urgentes de protección que las tortugas marinas necesitan. Buscamos también incrementar la participación en la Convención. Por lo pronto, se debe continuar con la amplia participación que este esfuerzo internacional ha alcanzado.</p> ', '', '', NOW(), 1);
INSERT INTO url_alias (src, dst, language) VALUES ('node/72','turtles.iac','en');
INSERT INTO url_alias (src, dst, language) VALUES ('node/1072','turtles.iac','es');
INSERT INTO node
            (nid,            vid,            type,  language,title,             uid, status, created, changed, comment, promote, moderate, sticky, tnid, translate) VALUES
            (73,     73,     'book','en',    'Links',1,   1,      NOW(),   NOW(), 0,0,0,0,73,0),
            (1073,1073,'book','es',    'Enlaces',1,   1,      NOW(),   NOW(), 0,0,0,0,73,0);
INSERT INTO book (mlid, nid, bid) VALUES (10120,73,1),(10121,1073,1001);
INSERT INTO node_revisions
              (nid,       vid,       uid, title,              body,             teaser,          log, timestamp,format) VALUES
              (73,73,1,   'Links', '<p>There are many great websites that offer more information on sea turtles. </p> <p>Here is a small sample: <h3><a href="http://www.seaturtles.org" target="_top">Sea Turtle Restoration Project</a></h3> <h3><a href="http://www.cccturtle.org" target="_top">Caribbean Conservation Corporation</a></h3> <h3><a href="http://www.cccturtle.org/eduform.htm" target="_top">Caribbean Conservation Corporation Marine Turtles Educational Guide</a></h3> <h3><a href="http://www.seaturtle.org" target="_top">Seaturtle.org</a></h3> <h3><a href="http://www.turtles.org" target="_top">Turtle Trax</a></h3> </p> ','', '', NOW(), 1),
              (1073,1073,1,'Enlaces', '<p>Hay muchas páginas en internet maravillosas con información acerca de tortugas marinas. Esta es una pequeña muestra de ellas: <h3><a href="http://www.seaturtles.org" target="_top">Sea Turtle Restoration Project</a></h3> <h3><a href="http://www.cccturtle.org" target="_top">Caribbean Conservation Corporation</a></h3> <h3><a href="http://www.cccturtle.org/eduform.htm" target="_top">Guía Educativa acerca de las Tortugas Marinas de la Corporación Caribeña para la Conservación</a></h3> <h3><a href="http://www.seaturtle.org" target="_top">Seaturtle.org</a></h3> <h3><a href="http://www.turtles.org" target="_top">Turtle Trax</a></h3> </p> ', '', '', NOW(), 1);
INSERT INTO url_alias (src, dst, language) VALUES ('node/73','turtles.links','en');
INSERT INTO url_alias (src, dst, language) VALUES ('node/1073','turtles.links','es');
INSERT INTO node
            (nid,            vid,            type,  language,title,             uid, status, created, changed, comment, promote, moderate, sticky, tnid, translate) VALUES
            (74,     74,     'book','en',    'Shrimp Trawling Bycatch',1,   1,      NOW(),   NOW(), 0,0,0,0,74,0),
            (1074,1074,'book','es',    'Pesca accidental por Camaroneras',1,   1,      NOW(),   NOW(), 0,0,0,0,74,0);
INSERT INTO book (mlid, nid, bid) VALUES (10122,74,1),(10123,1074,1001);
INSERT INTO node_revisions
              (nid,       vid,       uid, title,              body,             teaser,          log, timestamp,format) VALUES
              (74,74,1,   'Shrimp Trawling Bycatch', '<p>Shrimp fishing is probably the single greatest threat to sea turtles. Shrimp <a href="/?q=fisheries_trawlers">trawlers</a> drag nets that scoop up everything in their paths, with unwanted animals comprising up to 80 percent of the weight of the total catch. This practice has been devastating to sea turtles, which are air-breathers and thus drown when trapped underwater by the nets. Scientists estimate that about 150,000 turtles die in shrimp nets worldwide each year, a huge drain on fragile, endangered populations. </p> <p>The installation of Turtle Excluder Devices (TEDs), can inexpensively and efficiently reduce sea turtle bycatch from shrimp trawlers by as much as 97 percent. TEDs are metal grids that fit into the narrow part of the funnel shaped shrimp nets, allowing small animals such as shrimp to pass through and remain trapped, while permitting turtles to escape through a nearby hole. </p> <p>Unfortunately, some shrimpers refuse to use TEDs, claiming that their yields and gear suffer from TEDs use, despite evidence to the contrary. Because of the United States’ commitment to protect endangered sea turtles, US law requires the use of TEDs by domestic shrimp trawlers and permits the importation of shrimp only from nations that have adopted a nationwide program that will provide sea turtles "comparable" protection to the US program. If foreign nations do not meet this requirement, a US embargo is to be placed on their shrimp. </p> <p> </p> <p>In 1996, four Asian countries filed a complaint before the World Trade Organization, claiming that this US law, designed to protect turtles, constituted an unfair barrier to trade. The trade-focused WTO agreed, and since then the United States has been struggling to implement its TEDs policy in ways acceptable to the WTO. The United States currently follows a system where some nations are certified entirely, while other imports are certified on a shipment-by-shipment basis. While this compromise satisfies the WTO, turtle advocates object to shipment-by-shipment certification because it seriously undermines the financial incentives for other nations to implement effective sea turtle conservation strategies. </p> <p>Additionally, there appear to be problems with the national certification process. Independent accounts reveal that TEDs are not actually being used by many countries that receive US certification. This is likely because inspections announced far in advance and conducted only every few years do not provide accurate data about TEDs use. </p> <p>AIDA seeks to reduce the significant turtle bycatch occurring in the Americas by strengthening US certification methods. Earthjustice, AIDA’s American participating organization, is using the Freedom of Information Act to obtain information from NMFS and the State Department on the process used to determine which shrimp-exporting nations to certify for access to US markets. Through collaboration between the participating organizations, AIDA will identify any shortcomings in the certification data and challenge the United States to improve inspection and decision-making protocols. Unless governments are successfully pressured to require fishermen to reduce the number of sea turtles caught incidentally, leatherbacks, Kemp’s ridleys, and other highly threatened turtle species may soon be lost forever.</p> ','', '', NOW(), 1),
              (1074,1074,1,'Pesca accidental por Camaroneras', '<p>La pesca de camarón es probablemente la principal amenaza para las tortugas marinas. Las redes de <a href="/?q=fisheries_trawlers">arrastre</a> de camarón que se llevan todo a su paso, incluyendo animales que no son objeto de esta pesca, comprometen el 80% del peso total de la pesca. Esta práctica ha sido devastadora para las tortugas marinas, que son animales que respiran aire por lo cual se ahogan al quedar atrapadas en las redes. Los científicos estiman que cerca de 150,000 tortugas mueren en las redes camaroneras alrededor del mundo cada año, una inmensa disminución en una población tan frágil y en peligro. </p> <p> </p> <p> La instalación de Dispositivos Excluyentes de Tortugas (TEDs por sus siglas en inglés) puede ser una solución barata y eficiente para reducir la pesca accidental de tortugas marinas por parte de los barcos camaroneros en un índice de hasta el 97%. Los TEDs son rejillas de metal que encajan en la parte angosta del embudo que forma las redes camaroneras, permitiendo a los pequeños animales como el camarón, pasar y quedar atrapados, y a las tortugas escapar por hoyos cercanos. </p> <p> </p> <p> Desafortunadamente algunos camaroneros se oponen a la idea de usar los TEDs, argumentando la disminución en la producción y el daño en el equipo, a pesar de la evidencia al contrario. Debido al compromiso de los Estados Unidos en la protección de las tortugas marinas amenazadas, las normas de este país requieren el uso de TEDs para los barcos camaroneros y autoriza la importación de camarón solamente de los países que hayan adoptado un programa nacional que provea una protección similar a las tortugas marinas a la establecida por el programa estadounidense. En caso de que los países extranjeros no cumplan con este requerimiento, Estados Unidos aplica el embargo del camarón. </p> <p> </p> <p>En 1996 cuatro países Asiáticos elevaron una queja ante la Organización Mundial del Comercio, reclamando que esta ley de los Estados Unidos destinada a la protección de las tortugas marinas constituye una barrera injusta para el comercio. La OMC estuvo de acuerdo y desde entonces los Estados Unidos ha luchado por la implementación de su política de TEDs de una forma en que la OMC la acepte. En la actualidad, los Estados Unidos adelanta un sistema en el cual algunos países están completamente certificados mientras que otras importaciones reciben la certificación con base en cada envío. Esta solución satisface a la OMC, pero los defensores de las tortugas están en contra de la certificación de cada envío por considerar que afecta seriamente los incentivos financieros de otras naciones para la implementación de estrategias efectivas en la conservación de las tortugas marinas. </p> <p> </p> <p> Adicionalmente, parece que el proceso de certificación nacional ha presentado problemas. Algunos estudios independientes han revelado que los TEDs no están siendo utilizados por muchos de los países que certificados por los Estados Unidos. Esto ocurre por cuanto que las inspecciones se anuncian con mucha anticipación y se realizan con varios años de diferencia, lo cual no brinda datos acertados del uso de los TEDs. </p> <p> </p> <p>AIDA busca reducir significativamente la pesca accidental de tortugas generada en el continente americano, mediante el fortalecimiento de los métodos de certificación existentes. Earthjustice, la organización participante de AIDA en Estados Unidos, esta usando la Ley de Acceso a la Información para obtener la información del Servicio Nacional de Pesca Marina y del Departamento de Estado acerca del proceso para determinar cuáles países importadores de camarón reciben la certificación para acceder a los mercados de los Estados Unidos. Mediante la colaboración de las organizaciones participantes, AIDA va a identificar los defectos en los datos de la certificación y exigir a los Estados Unidos el mejoramiento de la inspección y protocolos de toma de decisiones. A menos que los gobiernos presionen de forma eficiente para requerir de los pescadores la reducción en el número de tortugas marinas capturadas accidentalmente, las tortugas laúd, las tortugas lora y otras especies de tortugas altamente amenazadas pueden desaparecer para siempre en poco tiempo.</p> ', '', '', NOW(), 1);
INSERT INTO url_alias (src, dst, language) VALUES ('node/74','turtles.bycatch_shrimp','en');
INSERT INTO url_alias (src, dst, language) VALUES ('node/1074','turtles.bycatch_shrimp','es');
INSERT INTO node
            (nid,            vid,            type,  language,title,             uid, status, created, changed, comment, promote, moderate, sticky, tnid, translate) VALUES
            (75,     75,     'book','en',    'Longline Bycatch',1,   1,      NOW(),   NOW(), 0,0,0,0,75,0),
            (1075,1075,'book','es',    'Pesca accidental con palangre',1,   1,      NOW(),   NOW(), 0,0,0,0,75,0);
INSERT INTO book (mlid, nid, bid) VALUES (10124,75,1),(10125,1075,1001);
INSERT INTO node_revisions
              (nid,       vid,       uid, title,              body,             teaser,          log, timestamp,format) VALUES
              (75,75,1,   'Longline Bycatch', '<p><a href="/?q=fisheries_longliners">Longline fishing</a> is a rapidly expanding practice that involves setting fishing lines that can be up to 75 miles long, each hung with up to 3,000 hooks. It is estimated that up to 10 billion hooks are set each year, and that the long-line fishery is the fastest growing fishery in the Pacific. </p> <p> </p> <p> </p> <p> Although its main targets are tuna and swordfish, longline fishing is an indiscriminate technique, resulting in the bycatch of many marine species. Severely impacted animals include seabirds, sharks, monk seals, and sea turtles. The leatherback turtle population in the Pacific is rapidly dwindling, and evidence points to longline fishing as a main culprit. </p> <p> </p> <p> </p> <p> Longlines can injure and kill sea turtles in several ways. Turtles can get tangled in the lines, drowning just as if they were caught in a shrimp net or drift net. Leatherbacks may be attracted to chemical light sticks attached to the lines, because they can resemble jellyfish, the leatherback’s primary food. They sometimes ingest the hook, puncturing or warping the gastrointestinal tract. If fishers do try to free the turtle from the hook, they may be unable to do more than cut the line with the remainder still attached to the turtle. Even when fishers try to carefully remove a hook and correctly release a captured turtle, there is a risk of injury throughout the process. </p> <p> </p> <p> </p> <p> The longline fisheries off Hawaii and the Pacific coast of Latin America have only recently been exposed for the damage they do to marine ecosystems. Earthjustice, AIDA’s American participating organization, was instrumental in getting the National Marine Fisheries Service to close the <a href="http://www.earthjustice.org/accomplishments/display.html?ID=84" target="_top">Hawaiian longline fishery</a> due to its impacts on turtles. AIDA is studying the Latin American fisheries and will pursue legal strategies to reduce the impacts of longline fishing in these waters.</p> ','', '', NOW(), 1),
              (1075,1075,1,'Pesca accidental con palangre', '<p><a href="/?q=fisheries_longliners">La pesca con palangre</a> es una práctica en rápida expansión que involucra la utilización de líneas de pesca que pueden llegar a los 120 kms. de largo, cada una teniendo hasta 3.000 anzuelos. Se estima que cerca de 10 mil millones de anzuelos son usados anualmente y que la pesca con palangre es la de mayor crecimento en el Pacífico. </p> <p> </p> <p> Aunque los principales objetivos de este tipo de pesca son el atún y el pez espada, la pesca con palangre es una técnica que no discrimina, ocasionando como resultado la captura accidental de muchas especies marinas. Dentro de los animales que se ven gravemente afectados por esta práctica se incluyen aves marinas, tiburones, focas mono y tortugas marinas. La población de tortugas laúd en el Pacífico esta decayendo rápidamente, siendo la pesca con palangre una de las principales causas para ello. </p> <p> </p> <p> Las redes extendidas pueden herir y matar a las tortugas marinas de diversas maneras. Las tortugas pueden quedar atrapadas en las redes, ahogarse igual que si hubieran quedado atrapadas en una red de camarón o en otra red. Las tortugas laúd pueden ser atraídas por los dispositivos de luz química que se sujetan a las redes, debido a que pueden confundirlos con medusas, que son la principal fuente de alimento de las tortugas. En ocasiones las tortugas ingieren el anzuelo ocasionando daños o perforaciones en el tracto gastrointestinal. Si las pesquerías intentan liberar a las tortugas del anzuelo, seguramente no podrán mas que cortar la línea con los remanentes adheridos a la tortuga. Incluso cuando los pescadores tratan de remover cuidadosamente el anzuelo y liberar correctamente a la tortuga, existe un alto riesgo de daño en el proceso. </p> <p> </p> <p> Recientemente las pesquerías con palangre en Hawaii y en la Costa Pacífica de Latino América se han concientizado del daño que ocasionan a los ecosistemas marinos. El trabajo de Earthjustice, la organización estadounidense participante de AIDA fue esencial en lograr que el Servicio Nacional Marino de Pesquerías cerrara la pesquería con palangre en Hawaii <a href="http://www.earthjustice.org/accomplishments/display.html?ID=84" target="_top"> (Hawaiian longline fishery)</a> debido a los impactos en las tortugas. AIDA esta estudiando las pesquerías en América Latina y va a hacer uso de estrategias legales para reducir los impactos de las pesquerías con palangre en estas aguas.</p> ', '', '', NOW(), 1);
INSERT INTO url_alias (src, dst, language) VALUES ('node/75','turtles.bycatch_longline','en');
INSERT INTO url_alias (src, dst, language) VALUES ('node/1075','turtles.bycatch_longline','es');
INSERT INTO node
            (nid,            vid,            type,  language,title,             uid, status, created, changed, comment, promote, moderate, sticky, tnid, translate) VALUES
            (76,     76,     'book','en',    'Page not found',1,   1,      NOW(),   NOW(), 0,0,0,0,76,0),
            (1076,1076,'book','es',    'Pagina no existe',1,   1,      NOW(),   NOW(), 0,0,0,0,76,0);
INSERT INTO book (mlid, nid, bid) VALUES (10126,76,1),(10127,1076,1001);
INSERT INTO node_revisions
              (nid,       vid,       uid, title,              body,             teaser,          log, timestamp,format) VALUES
              (76,76,1,   'Page not found', '<p>The page you are trying to visit does not exist. Either there was some mistake with the referring page, or you are trying to reference an out-of-date page. </p> <p>Please hit the "BACK" button and access a different page. </p> <p>Please let us know if you think our site is broken. </p> <p>Thanks.</p> ','', '', NOW(), 1),
              (1076,1076,1,'Pagina no existe', '<p>La página que está tratando de visitar no existe. Hubo un error en la página que lo envió o está tratando de llegar a una referencia que no está actualizada. </p> <p>Por favor oprima la tecla “ATRAS” para regresar a la página anterior. </p> <p>Comuníquese con nosotros si cree que nuestro website no funciona. </p> <p>Gracias.</p> ', '', '', NOW(), 1);
INSERT INTO url_alias (src, dst, language) VALUES ('node/76','error','en');
INSERT INTO url_alias (src, dst, language) VALUES ('node/1076','error','es');
INSERT INTO node
            (nid,            vid,            type,  language,title,             uid, status, created, changed, comment, promote, moderate, sticky, tnid, translate) VALUES
            (77,     77,     'book','en',    'Alumysa',1,   1,      NOW(),   NOW(), 0,0,0,0,77,0),
            (1077,1077,'book','es',    'Alumysa',1,   1,      NOW(),   NOW(), 0,0,0,0,77,0);
INSERT INTO book (mlid, nid, bid) VALUES (10128,77,1),(10129,1077,1001);
INSERT INTO node_revisions
              (nid,       vid,       uid, title,              body,             teaser,          log, timestamp,format) VALUES
              (77,77,1,   'Alumysa', '<p>Aysén, the "11th Region" of Chile, is considered by the United Nations to be one of the three least contaminated sites in the world. This part of Patagonia is home to precious natural areas and biodiversity, including ecosystems ranging from native old-growth forests to a beautiful and rare coastal system of bays, islands and fiords. Because it is unique in its natural beauty and resources, the inhabitants of Aysén have declared it to be a "Reserve for Life" (Zona de Reserva de Vida). </p> <p>The plentiful natural resources, particularly the hydrologic potential posed by the many rivers and lakes in Aysén, caught the attention of the Canadian mining company Noranda. Noranda planned to use these water-bodies to produce cheap electricity to sustain the energy-intensive aluminum production process. Thus, the company proposed to build the immense "Alumysa" aluminum smelter in the heart of Patagonia . This project would have required construction of substantial infrastructure, including three hydroelectric stations with corresponding dams and electric transmission lines, a port for large ocean vessels, and new and expanded highways </p> <p>Due to the severe environmental and social impacts that Alumysa would have caused, diverse local, national and international organizations united in a campaign to oppose the project. AIDA and <a href="http://www.fima.cl/english.html">FIMA</a>, our partner organization in Chile, participated in the coalition. After various activities and legal actions undertaken by these groups, and days after Chile\'s President Lagos stated that because of the environmental impacts the construction of Alumysa in Aysén would be unsuitable, Noranda decided to suspend the project proposal. </p> <p>AIDA and FIMA celebrate the decision of Noranda and the environmental stance taken by President Lagos, but will continue to work to protect the Chilean Patagonia until Alumysa is formally cancelled. FIMA is following through on legal actions that would end the project once and for all. These include challenges to the water rights sought by Noranda and the environmental impact assessment and permitting process conducted by the Chilean government.</p> ','', '', NOW(), 1),
              (1077,1077,1,'Alumysa', '<p>La Décimo Primera Región Chilena de Aysén es considerada por la Organización de las Naciones Unidas, como uno de los tres sitios menos contaminados del planeta. Esta zona de la Patagonia Chilena cuenta con importantes y diversos recursos naturales que van desde bosques milenarios de especies nativas que hacen parte de los Andes patagónicos, hasta un sistema de bahías, islas y fiordos en la zona insular. Gracias a sus condiciones particulares, el área ha sido declarada por sus habitantes como Zona de Reserva de Vida. </p> <p>Las riquezas naturales y las condiciones de los cuerpos de agua en la región de Aysén llamaron la atención de la empresa canadiense Noranda, que pretendía construir una inmensa planta reductora de aluminio. Según la compañía, Aysén era el sitio indicado, por la posibilidad de obtener a muy bajo costo las grandes cantidades de energía necesarias en la producción de aluminio. Para el proyecto, se proponía construir obras de infraestructura inmensas, incluyendo la instalación de tres centrales hidroeléctricas con las correspondientes represas y líneas de transmisión, un puerto para buques de gran calado, y el mejoramiento y la construcción de nuevas carreteras. </p> <p>Debido a los graves impactos ambientales y sociales que la construcción y operación de la planta de aluminio iba a ocasionar, diversas organizaciones locales, nacionales e internacionales se unieron en la campaña Aysén Reserva de Vida, con el fin de oponerse al proyecto. </p> <p>AIDA y <a href="http://www.fima.cl/default.htm">FIMA</a>, nuestra organización participante en Chile, apoyaron dicha campaña. Después de múltiples actividades y acciones legales, la campaña logró que la empresa Noranda suspendiera el proyecto propuesto. La decisión de la empresa fue tomada días después que el Presidente de Chile Ricardo Lagos en un discurso en la zona, afirmara que no era conveniente la construcción del proyecto Alumysa en Aysén, por los impactos ambientales generados. </p> <p>En AIDA y FIMA, celebramos la decisión de Noranda y el discurso en favor del medio ambiente pronunciado por el Presidente Lagos, lo cual nos motiva a seguir trabajando en la protección de la Patagonia chilena, hasta que Alumysa sea cancelada oficialmente. FIMA continuará adelantando las acciones legales que van a dar por terminada la propuesta del proyecto de una vez por todas. Estas acciones incluyen la demanda en contra de los derechos al agua que Noranda asegura tener, así como la demandan en contra del estudio de impacto ambiental y el proceso del permiso adelantado ante el gobierno chileno.</p> ', '', '', NOW(), 1);
INSERT INTO url_alias (src, dst, language) VALUES ('node/77','alumysa','en');
INSERT INTO url_alias (src, dst, language) VALUES ('node/1077','alumysa','es');
INSERT INTO node
            (nid,            vid,            type,  language,title,             uid, status, created, changed, comment, promote, moderate, sticky, tnid, translate) VALUES
            (78,     78,     'book','en',    'Past Projects',1,   1,      NOW(),   NOW(), 0,0,0,0,78,0),
            (1078,1078,'book','es',    'Proyectos Pasados',1,   1,      NOW(),   NOW(), 0,0,0,0,78,0);
INSERT INTO book (mlid, nid, bid) VALUES (10130,78,1),(10131,1078,1001);
INSERT INTO node_revisions
              (nid,       vid,       uid, title,              body,             teaser,          log, timestamp,format) VALUES
              (78,78,1,   'Past Projects', '<p>These are successful cases in which AIDA has played a role. Click to learn more: </p> <p> <ul> <li><a href="/?q=laoroya.legalvictory0606">Peruvian High Court Orders Measures to Protect Public Health in La Oroya</a> <li><a href="/?q=turtles.leatherback">Costa Rican Constitutional Chamber grants injunction to protect Playa Grande</a> <li><a href="/?q=talamanca">Preventing off-shore oil-drilling in Costa Rica</a> <li><a href="/?q=turtles.xcacel">Hotel-giant Sol Melia kicked out of X\'cacel, Mexico</a> <li><a href="/?q=alumysa:">Alumysa aluminum smelter in the Chilean Patagonia</a> <li><a href="/?q=baja.permit">Mexican Government Opposes Aquaculture Plant’s Use of Exotic Species</a></li></ul></p> ','', '', NOW(), 1),
              (1078,1078,1,'Proyectos Pasados', '<p>Encuentre en esta página una lista de casos exitosos en los que AIDA ha participado. Haga click para ir a las páginas de cada caso y encontrar mayor información de cada uno: </p> <p> <ul> <li><a href="/?q=laoroya.legalvictory0606">Tribunal Peruano Ordena Medidas para Proteger la Salud por Contaminación en La Oroya</a> <li><a href="/?q=turtles.leatherback">Sala Constitucional Costarricense admite amparo para proteger Playa Grande</a> <li><a href="/?q=talamanca">Detención de exploración de petróleo en la costa de Costa Rica</a> <li><a href="/?q=turtles.xcacel">Detención de inmenso complejo hotelero de la cadena hotelera Sol-Meliá en X\'cacel, México</a> <li><a href="/?q=alumysa:">Fundición de aluminio Alumysa en la Patagonia Chilena</a> <li><a href="/?q=baja.permit">El gobierno mexicano cierra una planta de acuicultura por causa de su cultivo de especies exóticas</a></li></p> ', '', '', NOW(), 1);
INSERT INTO url_alias (src, dst, language) VALUES ('node/78','past_projects','en');
INSERT INTO url_alias (src, dst, language) VALUES ('node/1078','past_projects','es');
INSERT INTO node
            (nid,            vid,            type,  language,title,             uid, status, created, changed, comment, promote, moderate, sticky, tnid, translate) VALUES
            (79,     79,     'page','en',    'Plan Colombia',1,   1,      NOW(),   NOW(), 0,0,0,0,79,0),
            (1079,1079,'page','es',    'Plan Colombia',1,   1,      NOW(),   NOW(), 0,0,0,0,79,0);
INSERT INTO book (mlid, nid, bid) VALUES (10132,79,1),(10133,1079,1001);
INSERT INTO node_revisions
              (nid,       vid,       uid, title,              body,             teaser,          log, timestamp,format) VALUES
              (79,79,1,   'Plan Colombia', '<p><a href="/?q=plancolombia_alternativespr">AIDA Report Highlights Need for Greater Alternative Development Programs in Colombia</a> </p> <p>Since the 1970’s, aerial spraying with herbicides has been employed in Colombia to destroy the coca, cannabis, and poppy crops used in making cocaine, marijuana, and heroine respectively. Today, the US and Colombian governments conduct this spraying as part of “Plan Colombia. ” This 3 billion dollar US-financed program includes not only the destruction of coca and poppy crops, but also expanded anti-narcotics operations in southern Colombia, increased aerial drug interdiction, support for the Colombian National Police, activities to strengthen the judicial and human rights systems, and alternative development projects. </p> <p>Because of significant environmental, social, and economic damages caused by the spraying, many organizations and institutions have criticized the aerial fumigation program. Nevertheless, the United States and Colombian governments insist that the fumigations pose no risk. The <a href="http://www.defensoria.org.co/" target="_top">Colombian Public Defender’s Office</a>, the <a href="http://www.contraloriagen.gov.co/home/html/home/contraloria.asp" target="_top">Colombian General Accounting Office</a>, various national and international environmental and human rights organizations, and even the <a href="http://europa.eu.int/comm/external_relations/colombia/doc/ep01_02_01.htm" target="_top">European Parliament</a>, beg to differ. </p> <p>AIDA opposes the Plan Colombia spraying and has been working since the year 2000 to make the United States and Colombian governments comply with laws intended to protect the environment and human health. In so doing, we have collaborated with organizations and authorities from both the United States and Colombia to document the damage that the aerial fumigations cause.</p> ','', '', NOW(), 1),
              (1079,1079,1,'Plan Colombia', '<p><a href="/?q=plancolombia_alternativespr">AIDA Evidencia Necesidad de Desarrollo Alternativo en Colombia</a> </p> <p>Desde los años setenta, en Colombia se han fumigado con sustancias químicas cultivos de cannabis, coca y amapola, por ser la materia prima para la producción de marihuana, cocaína y heroína. </p> <p>En el nuevo milenio los gobiernos de Estados Unidos y Colombia ejecutan esta estrategia mediante el Plan Colombia. Un programa de más de 3 mil millones de dólares que, además de la erradicación de cultivos coca y amapola mediante las fumigaciones aéreas, pretende expandir las operaciones anti-narcóticos en el sur del país, aumentar los programas de interdicción aérea, brindar asistencia a la Policía, fortalecer el sistema judicial y de derechos humanos, y desarrollar proyectos de desarrollo alternativo. </p> <p>Las fumigaciones masivas de cultivos de coca y amapola con químicos han sido ampliamente criticadas por los daños ambientales, sociales y económicos que ocasionan. Sin embargo, los gobiernos estadounidense y colombiano insisten en que las fumigaciones no causan dichos daños. Otra es la opinión de las cortes colombianas, de la <a href="http://www.defensoria.org.co/" target="_top">Defensoría del Pueblo</a>, de la <a href="http://www.contraloriagen.gov.co/home/html/home/contraloria.asp" target="_top">Contraloría General de la Nación</a>, de organizaciones ambientalistas y de derechos humanos a nivel mundial e incluso el <a href="http://europa.eu.int/comm/external_relations/colombia/doc/parlres.pdf" target="_top">Parlamento Europeo</a>. </p> <p>AIDA ha estado trabajando desde hace varios años en contra de las fumigaciones del Plan Colombia. Específicamente, hemos exigido a los gobiernos de Colombia y de Estados Unidos el cumplimiento de las leyes aplicables para la protección ambiental y de la salud humana. En nuestra labor, hemos colaborado de cerca con organizaciones y autoridades en ambos países con el fin de evidenciar la gravedad de los daños que la erradicación aérea causa en Colombia y en los países vecinos.</p> ', '', '', NOW(), 1);
INSERT INTO url_alias (src, dst, language) VALUES ('node/79','plancolombia','en');
INSERT INTO url_alias (src, dst, language) VALUES ('node/1079','plancolombia','es');
INSERT INTO node
            (nid,            vid,            type,  language,title,             uid, status, created, changed, comment, promote, moderate, sticky, tnid, translate) VALUES
            (80,     80,     'book','en',    'Press Release on Talamanca',1,   1,      NOW(),   NOW(), 0,0,0,0,80,0),
            (1080,1080,'book','es',    'Comunicado de Prensa acerca de Talamanca',1,   1,      NOW(),   NOW(), 0,0,0,0,80,0);
INSERT INTO book (mlid, nid, bid) VALUES (10134,80,1),(10135,1080,1001);
INSERT INTO node_revisions
              (nid,       vid,       uid, title,              body,             teaser,          log, timestamp,format) VALUES
              (80,80,1,   'Press Release on Talamanca', '<p>For Immediate Release: </p> <p>May 13, 2002 </p> <p>CONTACT: </p> <p>Anna Cederstav, Staff Scientist, AIDA and Earthjustice (USA) +1-510-550-6748 </p> <p>Rolando Castro Cordoba, CEDARENA Costa Rica, +506-283-7080 </p> <p>NEW PRESIDENT OF COSTA RICA PLEDGES TO PROTECT COASTAL ECOSYSTEMS FROM OIL-DRILLING </p> <p>(Oakland, CA/San Jose, Costa Rica) -- AIDA (the Interamerican Association for Environmental Defense) congratulates the government of Costa Rica on its decision to oppose offshore oil-drilling and promote environmental protection along the biologically diverse coastal ecosystems of the Caribbean region of the country. Natural resources, including coral reefs, tropical rainforest, sea turtle nesting beaches, mangroves, and wetlands, were in serious danger of being forever altered by offshore drilling. By definitively rejecting an appeal by a US Consortium that promoted petroleum exploration in the region, the Costa Rican government last week took an exemplary stance in support of sustainable development and environmental protection in the hemisphere. </p> <p>On May 8, 2002, the newly elected president of Costa Rica, Dr. Abel Pacheco de la Espriella specifically addressed oil exploration in his inaugural speech, stating that Costa Rica should become "an ecological leader, not an oil enclave", and that "the true oil and gold for Costa Rica are water and oxygen produced by our forests." Two days before this, the Ministry of Environment formally upheld an earlier decision by the National Technical Environmental Secretariat (SETENA) to reject a proposal for exploratory drilling. </p> <p>According to Anna Cederstav, staff scientist with AIDA and Earthjustice, "The rejection by the Costa Rican government of the plans for coastal oil-drilling is a wonderful precedent, established because of much hard work by many organizations, the affected community, and a number of extremely dedicated individuals. This means that a significant stretch of very beautiful and biodiverse Caribbean coastline -- a piece of tropical paradise -- will be safe for some time to come." </p> <p>In Costa Rica, Texas-based Harken Energy and Louisiana-based MKJ Xplorations wanted to explore for oil just off the coast of Limon. The region that was slated for petroleum development constitutes part of the Meso-American Biological corridor, and is home to rare and fascinating species such as the tucuxi fresh-water dolphin, marine turtles, and manatees. Indigenous communities have fished and farmed here for centuries, and the mainstays of today&rsquo;s economy are eco-tourism and artisanal fishing. AIDA brought the proposed development to the attention of the international Secretariat of the RAMSAR Convention (an international wetlands conservation treaty) because of the threat posed to three Caribbean wetlands recognized under the Convention as being of international importance and thus deserving special protection. </p> <p>Last February, after 18 months of review, public commentary, and extensive technical research, SETENA unanimously rejected the US consortium\'s plans for exploration. In so doing, the agency listed some of the many flaws in the oil consortium&rsquo;s environmental impact assessment, and cited national and international laws that obligate Costa Rica to comply with high environmental standards. SETENA and the Environment Ministry should be commended for taking a strong stance to respect and enforce national and international laws for environmental protection. </p> <p>Fernando Dougnac, a Chilean member of AIDA&rsquo;s Board of Directors, said, "I am highly impressed by both the rejection of the appeal and the statements made by the President-elect of Costa Rica. Costa Rica has shown here that it is truly a pioneer in being conscious of the importance of the environment. If the announced policy is upheld, the development of Costa Rica will be sustainable, and its citizens will be among the happiest and most prosperous in the world."</p> ','', '', NOW(), 1),
              (1080,1080,1,'Comunicado de Prensa acerca de Talamanca', '<p>-- Nuevo </p> <p>Gobierno afirma su apoyo de la resolución de Ministerio del Ambiente y Energía (MINAE) </p> <p>14 de mayo, 2002 </p> <p>Costa Rica -- AIDA felicita al gobierno de Costa Rica por su decisión monumental de no permitir la exploración petrolera en la costa caribeña del país, promoviendo así la protección ambiental. La semana pasada la ahora ex-ministra del Ministerio del Ambiente y Energía, Elizabeth Odio, en su ultimo acto como ministra, rechazó un recurso de apelación que había presentado en marzo la empresa petrolera estadounidense Harken Energy. La empresa esperaba que el MINAE le aprobara el estudio de impacto ambiental (EIA) para instalar una plataforma petrolera en las afueras del Puerto de Moín, en la provincia de Limón. La Secretaría Técnica Nacional Ambiental (SETENA) ya había rechazado el EIA presentado por Harken, declarando el proyecto como "ambientalmente inviable". La decisión de Odio respalda la conclusión de la SETENA y asegura que el proceso administrativo cumplió con las debidas exigencias. </p> <p>Por su parte, el nuevo ministro del MINAE, Carlos Manuel Rodríguez, brindó su apoyo a la decisión y aseveró que esta concuerda con la política ambiental del nuevo Gobierno. "El país no tiene las condiciones científicas y tecnológicas para atender o mitigar una inversión petrolera." Así mismo, el nuevo presidente de Costa Rica, Abel Pacheco, en su discurso inaugural el 8 de mayo, hizo clara su convicción acerca de los proyectos petroleros en el país. Constató el Presidente, "antes que convertirnos en un enclave petrolero, antes que convertirnos en tierra de minería a cielo abierto, me propongo impulsar un esfuerzo sostenido para convertir a Costa Rica en una potencia ecológica. El verdadero petróleo y el verdadero oro del futuro lo serán el agua y el oxigeno; lo serán nuestros mantos acuíferos y nuestros bosques." </p> <p>Estas declaraciones son importantes dadas las consecuencias catastróficas que traen consigo los proyectos petroleros. Las exploraciones de petróleo a poca distancia de la costa son de por sí un proceso cuestionable, ya que involucra la construcción de plataformas, transporte y proceso de petróleo, y en última instancia el desarme de las plataformas, los cuales son procesos bastante peligrosos, aún cuando todo salga como lo previsto. Si es que ocurre un escape o un derrame grande de petróleo, la región circundante puede convertirse en un área de desastre ecológico por muchísimos años. </p> <p>La biodiversidad y por consecuente, el eco-turismo de Costa Rica serían gravemente afectados por un proyecto petrolero tal como el que fue rechazado el MINAE. La costa del Caribe costarricense resguarda un sinnúmero de diferentes ecosistemas, tales como los arrecifes de coral (es), los bosques tropicales, playas donde anidan tortugas marinas, y manglares, así como importantes pantanos. Dentro de estas áreas protegidas, animales como delfines, tortugas marinas (de mar), manatíes, monos y aves de presa, encuentran un preciado refugio. Cabe la pena mencionar también la gran diversidad cultural de esta área, la cual abarca a grupos indígenas de Bribri y de Cabecar en el Sur, numerosos pescadores y agricultores de comunidades afro-caribeñas, y poblaciones de habitantes afro-caribeños en la zona urbana de Limón. </p> <p>Hubieron varios grupos ambientalistas y comunitarios que participaron en la campaña para proteger la costa del Caribe y que ahora celebran la decisión del MINAE. Fernando Dougnac, Director de la Asociación Interamericana para la Defensa del Ambiente (AIDA), se pronunció "... verdaderamente impresionado tanto por el rechazo de la apelación como por los conceptos vertidos por el Presidente electo de Costa Rica. Con ello queda demostrado que, verdaderamente, Costa Rica es una tierra culta y pionera en la toma de conciencia de la importancia del medio ambiente. Si esa política enunciada se mantiene, el desarrollo de Costa Rica realmente será sustentable y sus habitantes serán de los más felices y prósperos, de verdad, del mundo." </p> <p>AIDA, una organización internacional de derecho ambiental, había presentado una petición a la secretaría de la Convención RAMSAR sobre humedales para que solicitara al gobierno de Costa Rica, que informara que se estaba haciendo proteger los humedales del caribe debido a la amenaza presentada por el proyecto petrolero. AIDA solicitó a la secretaría RAMSAR que le recordara al gobierno costarricense de sus obligaciones bajo los tratados internacionales para conservar los humedales, y que también se realizara un EIA adecuado para garantizar la protección de los humedales. </p> <p>En respuesta a la petición de AIDA, el secretariado de la Convención solicitó al punto focal de RAMSAR en Costa Rica investigar la materia y tomar los cursos de acción apropiados. Así, el Ministerio del Ambiente y energía en Costa Rica pasó a estar involucrado en la discusión nacional. El ministerio pidió a su Programa de Humedales que preparara un informe, y le pidió a la SETENA que no aprobara el EIA en cuestión hasta completar el estudio. El Programa de Humedales convocó al Consejo Nacional de Humedales para que vertieran un criterio técnico al respecto. </p> <p>Otro acontecimiento importante en este caso ha sido la decisión llevada a cabo por la Sala Constitucional de la Corte Suprema de Costa Rica, que ante una acción de inconstitucionalidad presentada por la organización participante Justicia para la Naturaleza, declaró inconstitucional el Artículo 41 de dicha ley al considerar que la evaluación de impacto ambiental en los proyectos de exploración y explotación de hidrocarburos no debe realizarse en forma posterior a la adjudicación de las compañías interesadas. </p> <p>Esto puede significar un nuevo proceso legislativo en el futuro. Estos avances pueden ser vistos como pasos iniciales hacia mayores restricciones ambientales en las perforaciones petrolíferas en un país en donde muchos se cuestionan la posibilidad de que la extracción de petróleo pueda estar en armonía con los planes de desarrollo sustentable. </p> <p>Por el momento, Costa Rica ha decido su futuro y el camino a seguir. Esto se refleja en las palabras del nuevo presidente: "Vamos a competir sin destruir la naturaleza porque, por encima de las coyunturas del momento, nuestra rica biodiversidad será la gran riqueza de siempre y la vamos a preservar." </p> <p>Si desea contactarnos: </p> <p>Anna Cederstav, AIDA y Earthjustice Tel: (510) 550-6700 (en los EEUU) Correo electrónico: aceder@aida2.org </p> <p>Rolando Castro, CEDARENA y AIDA Tel: (506) 283-7080 (en Costa Rica) Correo electrónico: rcastro@cedarena.org </p> <p>Rafael Gonzalez, Justicia para la Naturaleza y AIDA Tel: (506) 384-1674 (en Costa Rica) Correo electrónico: decanato@derecho.ucr.ac.cr </p> <p> </p> <p>AIDA (http://www.aida2.org) combina la experiencia de organizaciones sin fines de lucro de Derecho Ambiental de ocho países del continente americano y provee un foro para que estos grupos conjuntamente diseñen y apliquen soluciones a problemas ambientales comunes. La misión de AIDA es promover la capacidad de los ciudadanos para proteger su salud y el medio ambiente a través del desarrollo y el cumplimiento de leyes ambientales nacionales e internacionales, así como los mecanismos de participación ciudadana.</p> ', '', '', NOW(), 1);
INSERT INTO url_alias (src, dst, language) VALUES ('node/80','press_release','en');
INSERT INTO url_alias (src, dst, language) VALUES ('node/1080','press_release','es');
INSERT INTO node
            (nid,            vid,            type,  language,title,             uid, status, created, changed, comment, promote, moderate, sticky, tnid, translate) VALUES
            (81,     81,     'book','en',    'AIDA Internships',1,   1,      NOW(),   NOW(), 0,0,0,0,81,0),
            (1081,1081,'book','es',    'Pasantes de AIDA',1,   1,      NOW(),   NOW(), 0,0,0,0,81,0);
INSERT INTO book (mlid, nid, bid) VALUES (10136,81,1),(10137,1081,1001);
INSERT INTO node_revisions
              (nid,       vid,       uid, title,              body,             teaser,          log, timestamp,format) VALUES
              (81,81,1,   'AIDA Internships', '<p>The Interamerican Association for Environmental Defense (AIDA) is currently seeking volunteers and interns to work in our Oakland and Mexico offices. </p> <p> </p> <p>The volunteer or intern will work with the Program Director or the Legal Director in coordinating collaborative projects in Latin America through this environmental law coalition. For more information, please see <a href="/?q=home">AIDA’s home page</a> </p> <p>This flexible position will accommodate the individual’s skills in areas such as legal and scientific literature and web research, economic policy analysis, media and publicity, and community education and outreach, while offering exposure to the operations of the non-profit legal community and international environmental work. </p> <p>Depending on skills, some administrative work may be required. Knowledge of intermediate Spanish is required. This position is available to both students and non-students. Graduate students with expertise in the specific areas described above, as well as highly qualified undergraduates may apply. Graduate students may intern on a project basis while undergraduates must be able to commit to at least 10 hours per week. </p> <p>How to Apply: </p> <p>Please send a cover letter, resume and three references to pasantes@aida-americas.org or by mail to AIDA at: </p> <p> <ul><b>AIDA</b> <br />426 17th Street, 6th Floor <br />Oakland, CA 94612</ul></p> ','', '', NOW(), 1),
              (1081,1081,1,'Pasantes de AIDA', '<p>La Asociación Interamericana para la Defensa del Ambiente, AIDA, esta buscando voluntarios. </p> <p>El o la voluntario trabajará con la directora de programas o la directora legal en proyectos por América Latina. Para más información sobre el trabajo de <a href="/?q=home">AIDA</a> </p> <p>El tipo de trabajo es flexible a la habilidad de la persona que lo desarrolle, pudiendo hacer énfasis en investigaciones legales o científicas, análisis político internacional, o trabajo de comunicación o educación. Dando al mismo tiempo la posibilidad de trabajar directamente con organizaciones y personas de la comunidad ambiental internacional. Dependiendo del conocimiento y de la experiencia, se requerirá algún tipo de trabajo administrativo. </p> <p>Perfil: Buscamos personas que hablen español como lengua nativa y que tengan un muy buen nivel de inglés. Los y las candidatos pueden ser estudiantes de postgrado en las áreas anteriormente descritas o de pre-grado siempre y cuando tengan la experiencia requerida. Quienes sean estudiantes de postgrado pueden hacer la pasantía en un proyecto específico, mientras que las personas de pre-grado deberán comprometerse mínimo por 10 horas semanales. </p> <p>Para Solicitar: </p> <p>Manda una carta de intención, un resumen y tres referencias a pasantes@aida-americas.org, u a AIDA en Oakland: </p> <p> <ul><b>AIDA</b> <br />426 17th Street, 6th Floor <br />Oakland, CA 94612</ul></p> ', '', '', NOW(), 1);
INSERT INTO url_alias (src, dst, language) VALUES ('node/81','internship','en');
INSERT INTO url_alias (src, dst, language) VALUES ('node/1081','internship','es');
INSERT INTO node
            (nid,            vid,            type,  language,title,             uid, status, created, changed, comment, promote, moderate, sticky, tnid, translate) VALUES
            (82,     82,     'book','en',    'Useful Links',1,   1,      NOW(),   NOW(), 0,0,0,0,82,0),
            (1082,1082,'book','es',    'Enlaces Utiles',1,   1,      NOW(),   NOW(), 0,0,0,0,82,0);
INSERT INTO book (mlid, nid, bid) VALUES (10138,82,1),(10139,1082,1001);
INSERT INTO node_revisions
              (nid,       vid,       uid, title,              body,             teaser,          log, timestamp,format) VALUES
              (82,82,1,   'Useful Links', '<p>For more information please visit the following sites: <li><a href="http://www.amazonalliance.org/" target="_top">Amazon Alliance <li><a href="http://www.plancolombia.gov.co/index.asp" target="_top">Colombian Presidential Website for Plan Colombia <li><a href="http://www.defensoria.org.co" target="_top">Ombudsman Office (Defensoría del Pueblo) <li><a href="http://www.lawg.org/" target="_top">Latin American Working Group <li><a href="http://www.mamacoca.org/" target="_top">MamaCoca <li><a href="http://www.tni.org/drugs/index.htm" target="_top">Transnational Institute <li><a href="http://www.wola.org/" target="_top">Washington Office on Latin America <li><a href="http://www.usfumigation.org/" target="_top">US Fumigation <li><a href="http://www.state.gov/p/wha/rt/plncol/" target="_top">U.S. Department of State and Plan Colombia <li><a href="http://www.witnessforpeace.org/" target="_top">Witness for Peace</p> ','', '', NOW(), 1),
              (1082,1082,1,'Enlaces Utiles', '<p>Para mayor información, puede visitar: <li><a href="http://www.amazonalliance.org/" target="_top">Amazon Alliance <li><a href="http://www.state.gov/p/wha/rt/plncol/" target="_top">Departamento de Estado de Estados Unidos <li><a href="http://www.lawg.org/" target="_top">Latin American Working Group <li><a href="http://www.mamacoca.org/" target="_top">MamaCoca <li><a href="http://www.plancolombia.gov.co/index.asp" target="_top">Plan Colombia, Presidencia de la República de Colombia <li><a href="http://www.tni.org/drugs/index.htm" target="_top">Transnational Institute <li><a href="http://www.usfumigation.org/" target="_top">US Fumigation <li><a href="http://www.wola.org/" target="_top">Washington Office on Latin America <li><a href="http://www.witnessforpeace.org/" target="_top">Witness for Peace</p> ', '', '', NOW(), 1);
INSERT INTO url_alias (src, dst, language) VALUES ('node/82','plancolombia_links','en');
INSERT INTO url_alias (src, dst, language) VALUES ('node/1082','plancolombia_links','es');
INSERT INTO node
            (nid,            vid,            type,  language,title,             uid, status, created, changed, comment, promote, moderate, sticky, tnid, translate) VALUES
            (99,     99,     'book','en',    'Board',1,   1,      NOW(),   NOW(), 0,0,0,0,99,0),
            (1099,1099,'book','es',    'Board',1,   1,      NOW(),   NOW(), 0,0,0,0,99,0);
INSERT INTO book (mlid, nid, bid) VALUES (10140,99,1),(10141,1099,1001);
INSERT INTO node_revisions
              (nid,       vid,       uid, title,              body,             teaser,          log, timestamp,format) VALUES
              (99,99,1,   'Board', '<p>{DOC AIDA_Staff__Board_and_Committees_-_2004.pdf Staff, Board Members and Committees}</p> ','', '', NOW(), 1),
              (1099,1099,1,'Board', '', '', '', NOW(), 1);
INSERT INTO url_alias (src, dst, language) VALUES ('node/99','internal_board','en');
INSERT INTO url_alias (src, dst, language) VALUES ('node/1099','internal_board','es');
INSERT INTO node
            (nid,            vid,            type,  language,title,             uid, status, created, changed, comment, promote, moderate, sticky, tnid, translate) VALUES
            (84,     84,     'book','en',    'Eventual Impacts',1,   1,      NOW(),   NOW(), 0,0,0,0,84,0),
            (1084,1084,'book','es',    'Posibles Impactos',1,   1,      NOW(),   NOW(), 0,0,0,0,84,0);
INSERT INTO book (mlid, nid, bid) VALUES (10142,84,1),(10143,1084,1001);
INSERT INTO node_revisions
              (nid,       vid,       uid, title,              body,             teaser,          log, timestamp,format) VALUES
              (84,84,1,   'Eventual Impacts', '<p>MEMORANDUM </p> <p>TO: Honorable Members of Congress </p> <p>FROM: Anna Cederstav </p> <p> Staff Scientist, Earthjustice and AIDA </p> <p>DATE: September 23, 2002 </p> <p>SUBJECT:Department of State report to Congress regarding aerial coca eradication in Colombia </p> <p>According to the chemical procurement provision of the Foreign Operations, Export Financing, and Related Programs Appropriations Act, (Public Law No. 107-115, 115 Stat. 2117 (2002), Title II) </p> <p>…funds appropriated by this Act that are used for the procurement of chemicals for aerial coca fumigation programs may be made available for such programs only if the Secretary of State, after consultation with the Administrator of the Environmental Protection Agency, the Secretary of the Department of Agriculture, and, if appropriate, the Director of the Centers for Disease Control and Prevention, determines and reports to the Committees on Appropriations that: (1) aerial coca fumigation is being carried out in accordance with regulatory controls required by the Environmental Protection Agency as labeled for use in the United States, and after consultation with the Colombian Government to ensure that the fumigation is in accordance with Colombian laws; (2) the chemicals used in the aerial fumigation of coca, in the manner in which they are being applied, do not pose unreasonable risks or adverse effects to humans or the environment… </p> <p>In an attempt to comply with the requirements of this law, and after consultation with the Environmental Protection Agency (EPA) and Department of Agriculture (USDA) but not with the Centers for Disease Control and Prevention, the Department of State (DoS) recently submitted to Congress a Report on Issues Related to the Aerial Eradication of Illicit Coca in Colombia. </p> <p>This memo comments on the DoS report to Congress and outlines the main reasons for our conclusion that the DoS has failed to meet the conditions established by the chemical procurement provision. Rather than resolving doubts concerning the use of a broad-spectrum herbicide for the purposes of coca eradication in Colombia, the report, and particularly the EPA consultation document, underscores the risks posed to human health and the environment. Further, the report makes clear that there is not sufficient information available about environmental and human health impacts and measures implemented to mitigate such impacts. In light of the potentially serious environmental and public health risks associated with the aerial eradication program, and because of the DoS failure to demonstrate that the above conditions are being met, we strongly recommend that the Committee on Appropriations withhold funding for the chemical eradication program. </p> <p>I. Requirement to determine and report that the spraying program “is being carried out in accordance with regulatory controls required by the Environmental Protection Agency as labeled for use in the United States.” </p> <p>We conclude that the DoS fails to demonstrate compliance with this requirement as discussed below. </p> <p>The formulated herbicide product used in Colombia is not used in the United States </p> <p>It is important to note that in spite of a recent official registration in the United States that may seem to lend some credibility to the DoS decision to use this substance in Colombia, this product “has never been marketed in the United States.”[1] Because the producer “decided that they did not want to market a Glyphosate product with a ‘Danger’ signal word,” the product was labeled “Not for use in the United States.” In November of 2001, seeking to “register a Glyphosate product that corresponds to the product being used in Colombia,” the product was re-registered to permit use in the United States.[2] However, the producer has no intention of marketing the product in the United States. [3] </p> <p>Failure to demonstrate that the use in Colombia complies with EPA label instructions </p> <p>DoS states that “Tab 1 of the report illustrates that the Glyphosate formulation used to spray coca in Colombia is used in accordance with the EPA label instructions.” However, the EPA consultation report to DoS does not justify this claim. The fact that “EPA confirms that application rates are within the parameters listed on US Glyphosate labels” cannot be interpreted to mean that all label requirements are met. A closer analysis of the EPA consultation report shows that there are in fact many reasons why the use in Colombia specifically does not comply with the label conditions in the United States. </p> <p>1. Failure to demonstrate that use in Colombia constitutes “non-agricultural” use </p> <p>The DoS reports that “the glyphosate formulation used to spray coca in Colombia is used in accordance with the EPA label instructions for non-agricultural use.”[4] It is true that the use rates in Colombia are in accordance with the label for non-agricultural use in the United States. However, the State Department fails to demonstrate that the use in Colombia is in fact appropriately categorized as “non-agricultural” use. This is not an assumption that can be made without considering the actual conditions of use and exposure in Colombia. The DoS provides no data that supports an assertion that the use in Colombia constitutes non-agricultural use, and EPA at no point certifies that the use for coca-eradication in Colombia would be appropriately classified as such. </p> <p>We hold that the Glyphosate use in the Colombian anti-narcotics program is not appropriately classified as “non-agricultural use.” According to the EPA, “the intended US uses are for undesired vegetation in and around crop fields, forests, industrial areas, and residential areas.”[5] The label for the product that has been used to date states ”This product is for use on plants in non-crop and non-timber areas only. Not for use on crops, timber, or other plants being grown for sale or other commercial use….”[6] These conditions of non-agricultural use do not hold in Colombia, a fact that has substantial implications for human exposure. </p> <p>It is well known that Colombian farmers intersperse food and coca crops, and plant coca in fields adjacent to food crops. Thus, food crops are frequently sprayed along with coca crops. The State Department appears to defend this practice by reporting that “according to Colombian law, food crops that are interspersed with coca are subject to spraying.”[7] While this practice may be legal in Colombia, the spraying of food crops or crop areas is certainly not consistent with US “non-agricultural” use of herbicides, as per US EPA regulatory requirements. </p> <p>The Colombian Public Defender has received a great number of complaints of food crops that have been sprayed as part of the Colombian coca eradication program. While EPA assumed that food crops that have been sprayed will be allowed to go to waste, economic conditions in Colombia make it far more likely that subsistence farmers with little or no knowledge of the risks associated with contacting recently sprayed crops will harvest and eat these crops, if at all possible. The exposure resulting from such harvesting and consumption could be significant. </p> <p>Non-agricultural use scenarios in the United States are also ones where there is no immediate worker re-entry into fields that have been sprayed, because “in the US, most uses of Glyphosate are applied to kill weeds – which are the target.” With only undesirable plants being sprayed, US “non-agricultural use” consists of applications of concentrated solutions of herbicide where there is little or no worker contact with the sprayed plants. By contrast, in Colombia, where “coca bushes grow to approximately chest level and are harvested mainly by leaf pulling 4 to 5 times per year,” representatives from DoS have indicated that “growers will prune the coca plants, immediately after spraying, in order to salvage the coca crop. Specifically…workers may enter fields immediately after spraying in order to prune or pull off the coca leaves in order to prevent the coca plant from dying.”[8] In light of this worker exposure scenario, the spraying program is not appropriately classified as “non-agricultural use,” and should not be permitted to occur using the high concentrates and herbicide application rates characteristic of such use. Rather, the spraying should be conducted following limitations set for agricultural use. </p> <p>2. Failure to comply with conditions for agricultural use </p> <p>The herbicide that DoS has used to date is not permitted for use in the United Stated – under any conditions – in agricultural applications. Thus, no direct comparison is possible. However, considering related but less toxic products, it is clear that the spraying program in Colombia uses much greater total quantities and higher concentrations of herbicide than permitted for agricultural use in the United States. EPA notes that use in US “agricultural sites average less than 0.75 pounds of the active ingredient Glyphosate per acre”[9] as compared to the approximately 3.3 lbs per acre that is being applied in Colombia. Similarly, US EPA agricultural use labels for significantly less toxic formulations permit the use of a maximum of 29.4% solutions,[10] while in Colombia a 44% solution of the more toxic formulation is applied. </p> <p>3. Failure to comply with methods of application that would be mandated in the US </p> <p>Even if the use of Glyphosate in the Colombian coca-eradication program were appropriately classified as non-agricultural use, EPA notes that the methods of use in Colombia are not similar to those that would be expected for forestry use in the US. The EPA states “it is not clear how closely this use approximates that for coca eradication. Glyphosate is typically applied to forestry sites using helicopters at air speeds of 50-70 knots…. Application to forestry sites by fixed wing aircraft, if practiced at all, is extremely rare;”[11] and “Most U.S. labels for forestry and right-of-way use of glyphosate suggest application by helicopter. Since application in Colombia is done by fixed-wing aircraft, it is likely conducted at a higher speed and from a greater altitude than would be typical in the U.S.” As a point of comparison, the DoS states that application is usually carried out from an altitude of less than 100 ft[12] while US labels suggest application from less than 10 ft.[13] This difference in application altitude gives rise to a much greater risk of drift and thereby potential contact with non-target species and populations. </p> <p>The EPA also states “For products registered for use in the United States which have high acute toxicity to the eye, mitigation of exposure to potential eye effects for post-application workers is done by lengthening restricted entry intervals (REI).”[14] Clearly, such REIs would apply if this product were used in the United States. It is unlikely that the DoS can guarantee that REIs are enforced in Colombia. </p> <p>In summary, because the DoS fails to demonstrate that in Colombia the type of use (agricultural vs. non-agricultural or non-crop), the methods of application (type of aircraft used, application heights) and precautions to protect the local population (restricted entry intervals) are consistent with US label requirements for this and related products, the DoS has not justified the statement that aerial eradication “is being carried out in accordance with regulatory controls required by the Environmental Protection Agency as labeled for use in the United States.” </p> <p>II. Requirement to determine and report that “the coca spraying is in accordance with Colombian laws.” </p> <p>We conclude that the DoS fails to demonstrate compliance with this requirement as discussed below. </p> <p>In an effort to comply with the above requirement, the DoS supplied Congress a brief letter from the Ministry of Foreign Affairs. With the exception of stating that an environmental management plan (EMP) is being implemented, the letter contains no substantiating data or background information regarding the laws that apply to the program, or how these are enforced. Rather, Congress is asked to accept the word of the Colombian Ministry of Foreign Affairs that no laws are being violated in the implementation of the spraying program. This is unacceptable considering that other Colombian Government authorities such as the Public Defender’s Office have expressed strong concern that the aerial eradication program violates numerous Colombian laws.[15] </p> <p>The promise that an EMP is now being implemented, in no way proves compliance with Colombian laws. Quite to the contrary, the Colombian EMP is an exemplary case illustrating how the aerial coca eradication program has continually violated Colombian laws designed to protect citizens and the environment. The EMP for the spraying program was approved by the Ministry of Environment only as recently as November 26, 2001 (Resolution 1065). Until that date, the EMP could not be approved because of the failure of the Colombian Narcotics Agency (DNE) and DoS to provide sufficient information about the program and to design adequate mitigation measures. Even though there is a strict Colombian legal requirement that an EMP must be authorized and implemented prior to the realization of any aerial eradication activities, the DNE and DoS carried out aerial eradication activities for five years prior to the eventual EMP approval. Thus, the program was until very recently carried out in flagrant violation of Colombian environmental laws. </p> <p>Moreover, it is not clear whether the Colombian EMP that is now in force is in fact being implemented appropriately. As recently as December 2001, DNE argued before the Colombian Ministry of Environment that DNE did not have the authority or capacity to implement said plan. Given this recent uncertainty as to how the EMP would be enforced, further evidence of EMP implementation should be provided by DoS. The DoS should provide Congress and the EPA with a minimum of: </p> <p>· a detailed summary of the requirements of the plan and a thorough description of how these are being met; </p> <p>· copies of the policies adopted and materials developed in compliance with the plan; and </p> <p>· third-party auditing verifying implementation of the plan. </p> <p>In addition, DoS should respond to the concerns raised by the Colombian Public Defender and Comptroller’s Offices with respect to alleged non-compliance with Colombian laws.[16] These concerns include claims that the eradication program violates: </p> <p>1. The Constitutional rights to life, health, a healthy environment, and public participation. </p> <p>2. Law 30 of 1986, article 91 (Anti-drug Act) requiring authorization from the environmental and health authorities prior to the implementation of eradication activities. </p> <p>3. Law 21 of 1991, ratifying ILO Convention 169 regarding the right to prior consultation of indigenous communities. </p> <p>4. Law 99 of 1993, and Decree 1753 of 1994, (recently replaced by Decree 1728 of 2002), requiring Environmental Licenses or the implementation of an Environmental Management Plan for activities that can harm the environment. </p> <p>5. Decree 1843 of 1991, regarding the use and management of pesticides. (Based on the fact that the concentration authorized for use by the agricultural authority (ICA) is different from the one applied. Also with regard to requirements regarding flights, distance, management, disposal of hazardous wastes, etc.) </p> <p>6. Law 472 of 1998, protecting the collective right to a healthy environment, the right to conserve the equilibrium of ecosystems, and public health. </p> <p>The DoS should also address concerns that the DNE and DoS, in implementing the eradication program, have failed to consider input from other Colombian government authorities including: </p> <p>1. The requirement for a Plan of Epidemiological Oversight, proposed since 1982 and ordered in 1992; </p> <p>2. Recommendations from the National Pesticide Council; and </p> <p>3. A recommendation for technical audits that guarantee independence, transparency, and participation of the affected population. </p> <p>III. The requirement that the DoS determine and report that “the chemicals used in the coca spraying, in the manner in which they are applied, do not pose unreasonable risks or adverse effects to humans or the environment.” </p> <p>We conclude that the DoS fails to demonstrate compliance with this requirement for the reasons discussed below. </p> <p> </p> <p>Failure to appropriately consider the toxicity of the formulated product used in Colombia </p> <p>With regard to human health, the EPA notes, “the surfactant used in the formulated product reportedly can cause severe skin irritation and be corrosive to the eyes, as would be expected for many surfactants. The label for the formulated product used in the coca eradication program in Colombia includes the “Danger” signal word. These findings suggest that any of the reports of toxicity to the eye may be due to the surfactant, not Glyphosate per se. The product has been determined to be toxicity category 1 for eye irritation, causing irreversible eye damage.”[17] </p> <p>From EPA’s statement, it is clear that it is the particular formulated product used in Colombia, and not the active pesticide ingredient (glyphosate), that is of concern. Because the studies that the DoS presents were not conducted using this specific formulation and also do not consider the high concentrations at which this substance is used, the numerous studies focusing on glyphosate or other glyphosate-containing products do not address the specific issue of concern in Colombia. </p> <p>The EPA presents data regarding historic illnesses involving the eye due to formulated glyphosate product use in the United States.[18] This information shows that there were significant health problems associated with exposure to these products prior to the reformulation to reduce surfactant levels that pose a hazard to the eye. Even today such problems occur although with reduced frequency. And this is true even though past and present use of these products in the United States generally occurs at much lower concentrations and rates of use than those applied in Colombia. Therefore, health problems would be expected to occur with much greater frequency as a result of the Colombian spraying program. Based on this information and knowledge of the risk associated with the particular formulation that DoS has been using in Colombia, the EPA recommended that the DoS switch to a lower toxicity formulated product. </p> <p>To date, the DoS has ignored this EPA recommendation and continues using the same formulated product, even though the DoS is now clearly aware of the risk such use poses to the local population. </p> <p>The inert ingredients in the formulated product used may never have been subject to a thorough risk assessment and toxicological evaluation. </p> <p>US law does not require a full risk assessment and toxicological studies for inert ingredients, such as the surfactant in the formulated product that is known to cause irreversible eye damage. For example, developmental toxicity, reproduction, sub-chronic, chronic feeding, or carcinogenicity and mutagenicity studies are not regularly conducted on inert ingredients. Similarly, risk assessments are not conducted for all inert ingredients. </p> <p>The EPA report is unclear as to whether or not a risk assessment has been conducted for the inert ingredients used in the Colombian spray mixture. Whereas the EPA states that the inert ingredients in the formulation “have been approved,” the EPA also states that more than 3,200 inert ingredients are cleared for use in pesticide products even though only some of these have been undergone a complete risk assessment. This raises questions as to whether the inert ingredients of the pesticide that is currently registered but not used in the United States, but that is used extensively by the DoS in vast areas of Colombian tropical ecosystems, has ever been subjected to a thorough risk assessment. Because these surfactants are not new products, it is unlikely that they have undergone toxicological testing in accordance with modern, scientific standards. </p> <p>Failure to present incident data demonstrating the lack of human health impacts </p> <p>The DoS did not present the EPA and Congress with any scientifically valid incident data for the coca eradication program. Without such studies, it is impossible to conclude that the program poses no unreasonable risk to human health or the environment. Given the lack of quality data and the inability of EPA to make any determination with regard to incident health impacts, EPA recommended that DoS conduct “prospective tracking of reports of health complaints, documenting times of exposure and onset of symptoms” for future spray operations. This would allow DoS to “evaluate any potential health effects and ameliorate or prevent their recurrence.”[19] It is not clear whether DoS intends to comply with this recommendation. However, in the absence of such studies, DoS cannot affirm that no unacceptable human health impacts result from the coca eradication program. This is especially the case in light of the numerous Colombian reports of health impacts in areas being sprayed. </p> <p>The DoS provided EPA and Congress with some information on incident data for poppy spraying. Unfortunately, this data is of little use because the concentrations and total amounts of herbicide used for poppy spraying are much lower than those used in coca eradication.[20] According to the EPA, </p> <p>A direct comparison of the epidemiological data in Colombia (which is from aerial application to poppy) to the conditions of use, (as presented at the April 18, 2002 briefing for aerial application to coca by DoS to OPP risk assessors), would be limited. The briefing and the materials provided did not address the conditions of use for poppy. Nor was the Agency provided any human incident data for the coca eradication program. … DoS informed EPA that the application rate for poppy was lower than that for coca…. Other details of the differences between the two spray programs have not been supplied to the Agency. Specifically, the Agency has no information as to the exact makeup of the tank mixture sprayed on poppy, or whether the same Glyphosate product and adjuvants used in the coca eradication program were used in the poppy eradication program. The Agency also has questions as to the geographical area differences, the frequency of repeated applications and the size of the area treated on each spray mission. Therefore generalized conclusions drawn from human incident data as a result of application to opium poppy, in comparison to conditions of use for the coca eradication should be made with caution.”[21] </p> <p>Even so, EPA reports that “there are data to suggest that the poppy spray eradication program could have resulted in” minor symptoms. However, because the studies were poorly executed and lacked key detailed information such as medical documentation of symptoms or on timing of application, no firm conclusions could be drawn. </p> <p>Failure to take immediate measures to protect human health </p> <p>The DoS attempts to justify its decision to continue short-term use of the more toxic product, despite EPA recommendations to the contrary. </p> <p>1. Presumption of limited human exposure </p> <p>The DoS claims that EPA believes that “the risks of eye damage from the current population are limited principally to the handlers and mixers of the concentrated formulation as opposed to the general public.”[22] This is a misrepresentation of EPA’s assessment. While EPA notes that “The greatest potential for eye exposure is expected for workers mixing and loading the concentrated Glyphosate product,” EPA further concludes that “there is also the potential for eye exposure as a result of entering treated fields after treatment to perform pruning or harvesting activities.”[23] In fact, EPA’s review of US incident data showed that “illnesses due to residue were often the result of extensive contact with soil or foliage recently treated.”[24] Considering that the DoS has stated that farmers frequently enter the fields immediately post spraying, such exposure would be expected to be substantial in Colombia. </p> <p>The EPA notes “For products registered for use in the United States which have high acute toxicity to the eye, mitigation of exposure to potential eye effects for post-application workers is done by lengthening restricted entry intervals (REI).”[25] The DoS provides no information as to how it is limiting field reentry of farmers harvesting food or coca crops post-spraying. </p> <p>The DoS states that it is working with the government of Colombia to warn local citizens to avoid the spray mist and inform them of precautions to take in case of contact with the spray mixture. While this is an excellent initiative, the fact that DoS is “working with” the GOC provides no information as to the effectiveness of these programs. Spraying should not be conducted unless there is certainty that the affected communities have prior warning of the spraying and have received information regarding precautionary measures to take. If this is not yet the case, it is not appropriate for the DoS to continue spraying. </p> <p>2. Presumption that the tank mixture is not toxic </p> <p>The DoS emphasizes that “approximately 75 percent of the end use product is water” and uses this fact to argue that the final tank mixture will not have toxic effects on humans. While it is true that the final tank mixture contains 75% water, much of the concentrated formulated product is also water. Thus, the concentrate is in reality only diluted by a little more than one half prior to spraying. As it is doubtful whether a substance that causes irreversible eye damage as a concentrated product would be rendered harmless when diluted by approximately 50%, the DoS treatment of this information is misleading. </p> <p>The DoS reports preliminary results of an ongoing toxicity study of the tank mixture. These studies have not yet been completed or reviewed by the EPA and therefore are not yet appropriately discussed. </p> <p>3. The presumption that effective safeguards minimize drift </p> <p>The DoS states that numerous safeguards are in place to minimize human exposure to the spray mixture, including careful pilot training, and permissible spray parameters to minimize drift. However, the DoS provides no concrete evidence, and the EPA has not been able to verify that these safeguards are effective. </p> <p>EPA modeling shows that drift may affect areas up to 600 feet from the targeted crops.[26] Reports of damage to legitimate crops issued by the Colombian Public Defender’s office is consistent with this information and indicate that spraying is not nearly as carefully conducted as the DoS claims. While EPA notes that “there is potential for exposure to bystanders in areas near those targeted for spraying,” EPA concedes that “if all procedures are adhered to and operational equipment is in working order” it “is likely that drift is minimized.”[27] </p> <p>The DoS apparently reported to the EPA that quantitative spray drift studies have been performed and that limited on-site ground inspections demonstrate that little drift occurs. However, EPA was never provided with either the drift-study or the evidence showing that this is the case. Further, EPA was not provided with any of the primary source materials describing the safety precautions associated with the program.[28] In absence of verification that the Environmental Management Plan contains appropriate safeguards and is adequately enforced, the assumption that effective safeguards prevent human exposure is unjustified. If DoS intends to use these operating restrictions to demonstrate the absence of environmental and human health risk, then DoS must present that data and obtain independent third party verification of effective procedures to minimize drift and accidental spraying. The data presented to date allows for no conclusions as to whether or not the spraying program is managed appropriately. </p> <p>Inadequate assessment of new formulated product to be used </p> <p>As a result of the consultation with the EPA, the DoS has selected an alternative, supposedly lower-toxicity formulation for future use. While this may be a positive step, we must note that in so doing the DoS is bringing Congress, the EPA, and the public back to the starting point of having little or no information about the potential impacts of the spraying program. It is also noteworthy that while the State Department claims it is switching to a new formulation with lesser toxicity, Colombia’s Defense Minister Martha Lucia Ramirez recently confirmed her government’s intention of returning to the use of a previously applied, “more powerful” herbicide product for the eradication program.[29] Thus, there is once again significant confusion as to what exactly will be sprayed in Colombia. </p> <p>According to the DoS report to Congress, the new product that DoS plans to use was only registered in the United States as of July 2002, and therefore lacks a record of use in the United States. The DoS provides no information as to the contents of this formulation or the spraying conditions under which it will be used other than stating that it is less toxic than the previously used formulation. It is unclear from the report to Congress whether DoS consulted with the EPA as to the health and safety impacts of the new product. The DoS states that it has not yet conducted toxicity testing on tank mixtures of this formulation and that those tests will be performed only when the new formulation is available for mixing in field conditions.[30] </p> <p>DoS should not be permitted to side step the requirement of reporting to Congress, subsequent to EPA consultation, by simply deciding to change the formulation that is used. Prior to appropriations of funds for the spraying program, this new formulation should be subjected to the same level of rigorous testing, scrutiny, EPA consultation and Congressional reporting as was the case for the last product used. Congress must not permit the DoS to again use the Colombian local population as test subjects for determining whether or not the chemical product used causes human health harms. </p> <p>Failure to adequately evaluate potential environmental impacts </p> <p>The aerial eradication program in Colombia has never been subject to an environmental impact assessment (EIA) in Colombia. Although representatives of the State Department have at times referred to the existence of an EIA developed by the Department, no such document has ever been produced. It thus appears that the environmental impacts of this vast aerial eradication program have never been evaluated. </p> <p>Without first conducting a thorough analysis of all potential environmental impacts, including an evaluation of alternative eradication methods, it is impossible for the DoS to report that there are no unreasonable adverse environmental impacts associated with the eradication program. To be acceptable, such an EIA would have to consider not only impacts to areas sprayed, but also the impacts of the overall eradication program. This would include the harm that occurs when coca-growers whose fields have been destroyed by spraying move into more remote regions of the rainforest to create new fields that they hope will not be soon discovered. The continual displacement of coca farms with the concomitant increase in deforestation and opening of new forest regions to settlement is possibly the greatest adverse impact associated with the aerial eradication program. It appears that this impact has been ignored to date. This is a grave and unacceptable omission in the consideration of impacts. </p> <p>In addition, we have a series of concerns with the DoS evaluation of impacts for the regions where spraying occurs. These are described below. </p> <p>1. Failure to consider site-specific data in assessment of impacts </p> <p>The DoS report asserts that there are no unreasonable risks or adverse effects to the environment associated with a program that annually destroys most plant life on more than 300,000 acres of land located in one of the world’s precious remaining biodiversity hotspots. In spite of this remarkable assertion, the report to Congress and the documents used for the EPA consultation include not one single study that examines the potential impacts on fragile tropical ecosystems such as those in Colombia or other nations with similar environmental and climatic conditions. The DoS provides no information regarding the fate of the pesticide in this environment. The DoS provides no information regarding plant re-growth rates or impacts on ecosystem composition in this environment. The DoS provides no information regarding impacts on endangered or endemic species in Colombia. Clearly, in the absence of such site-specific information, it is impossible for the DoS or EPA to draw firm conclusions regarding potential environmental impacts in Colombia. </p> <p>The EPA recognizes this problem in stating that there is “a degree of uncertainty when attempting to extrapolate the data outside the experimental conditions of the studies, such as different soils, geographical regions, and ecosystems.” EPA emphasizes that “The toxicity of a pesticide to different classes of animals and plants can vary widely among species within an individual ecosystem. The Agency uses the test species as surrogates for other North American species not tested, but has little experience with tropical flora and fauna. Similarly, laboratory and field estimates of the environmental fate of pesticides, including potential surface-water contamination are performed with North American soils, hydrology, and climate data.”[31] Because the site-specific data to which EPA refers was not available, it is not possible to accurately determine or report on the environmental impacts of this program. </p> <p>2. Failure to appropriately consider environmental risks associated with pesticide drift </p> <p>Based on scientifically validated modeling studies, EPA concludes there is a risk of spray affecting and killing 50% of young plants up to 600 feet (approximately 200 meters) from the edge of the plot being sprayed, in the direction of the prevailing wind.[32] The DoS reports that the average plot size of coca crops in Colombia is 7 – 12 acres.[33] Such a plot could reasonably be expected to have an edge that is approximately 200 meters long. In a worst-case scenario of drift, as per the EPA model, the area impacted by drift would therefore be 200m x 200m or 40,000 square meters. In other words, the area impacted by drift in a worst-case scenario would be approximately equal to the area being sprayed. </p> <p>The US Government has recently reported that it intends to significantly augment the coca eradication program and hopes to kill 300,000 acres of coca in the coming year.[34] If this were to be the case, up to 300,000 of non-cropped Colombian tropical ecosystem could be destroyed purely as a result of drift. This is clearly an unacceptable adverse environmental impact. </p> <p>While the DoS argues that actual drift affects much smaller areas than estimated by the EPA modeling, the DoS provides no data to demonstrate that this is so. Lacking clear evidence to the contrary, we must assume that the aerial coca eradication program causes severe environmental impacts in tropical regions of Colombia. </p> <p>3. Failure to adequately consider environmental risks posed by the inert ingredients in the pesticide formulation. </p> <p>As with human impacts, the DoS report and EPA assessment focus almost exclusively on the ecosystem impacts associated with the active ingredient in the formulated pesticide product. This is inappropriate, particularly in light of the known impacts of surfactants on aquatic ecosystems and fish. The EPA was unable to assess the risk to non-target terrestrial and aquatic animals from formulated Glyphosate used for coca eradication because the DoS did not provide the relevant toxicity data for the Colombian formulation.[35] Similarly, it does not appear that EPA was able to consider information regarding the environmental fate and transport, or environmental persistence of the inert ingredients in the formulation. In the words of the EPA, “none of the ecological effects studies submitted to or encountered by the Agency for Glyphosate were performed with the formulation that the DoS has indicated is used in Colombia, which may contain different types of cationic surfactants than those in formulations for which the Agency has data.” Thus, yet again, DoS has presented insufficient data to warrant a conclusion that the aerial eradication program in Colombia poses little environmental risk. </p> <p>Summary: </p> <p>Because the Department of State has not provided sufficient information regarding a) the exact composition of the herbicide formulation used for aerial eradication; b) information on the toxicological properties and site-specific environmental impacts of all the ingredients in the formulated product; c) detailed information as to parameters and safety precautions employed for the spraying program; d) independent verification that the mitigation measures of the EMP are implemented and effective; and e) detailed verification of full compliance with Colombian environmental law, it is not possible to consider that the Department of State has fulfilled the Congressional requirements for reporting under Title II of the Foreign Operations, Export Financing, and Related Programs Appropriations Act. In light of this fact, we recommend that the Appropriations Committee withhold financial support for the aerial eradication program. </p> <p>END NOTES </p> <p>1) Response from EPA Assistant Administrator Johnson to Secretary of State, August 19, 2002, p. 3. </p> <p>2) Response from EPA Assistant Administrator Johnson to Secretary of State, August 19, 2002, p. 14. </p> <p>3) Personal conversation with Monsanto representatives. </p> <p>4) Memorandum of Justification Concerning Determination on Health, Environmental, and Legal Aspects of Coca Eradication in Colombia </p> <p>5) Response from EPA Assistant Administrator Johnson to Secretary of State, August 19, 2002, p. 18. </p> <p>6) Label for Pesticide with Registration number 524-308, confirmed by the EPA as the pesticide in use for the aerial eradication program. </p> <p>7) Chemicals Used for the Aerial Eradication of Illicit Coca in Colombia and Conditions of Application, US DoS, September 2002, p. 5. </p> <p>8) Response from EPA Assistant Administrator Johnson to Secretary of State, August 19, 2002, p. 18. </p> <p>9) Response from EPA Assistant Administrator Johnson to Secretary of State, August 19, 2002, p. 4. </p> <p>10) EPA label for Roundup Ultra, a product related to but significantly less toxic than the one used in Colombia. </p> <p>11) Response from EPA Assistant Administrator Johnson to Secretary of State, August 19, 2002, p. 8. </p> <p>12) Chemicals Used for the Aerial Eradication of Illicit Coca in Colombia and Conditions of Application, US DoS, September 2002, p. 5. </p> <p>13) EPA label for Roundup Ultra, a product related to but significantly less toxic than the one used in Colombia. </p> <p>14) Response from EPA Assistant Administrator Johnson to Secretary of State, August 19, 2002, p. 20. </p> <p>15) Amicus Curiae, Posición de la Defensoria del Pueblo, La Ejecución de la estrategia de erradicación aérea de los cultivos ilicitos, con químicos, desde una perspectiva constitucional. (Amicus Brief - Position of the Colombian Ombudsman Office on the Eradication of Illicit Crops through Aerial Application of Chemicals), 2001. </p> <p>16) Defensoria Statements dated February 9, 2001 and April 16, 2001; Defensorial Resolution February 12, 2001. </p> <p>17) Response from EPA Administrator Johnson to Secretary of State, August 19, 2002, p. 11. </p> <p>18) Response from EPA Administrator Johnson to Secretary of State, August 19, 2002, p. 11. </p> <p>19) Response from EPA Administrator Johnson to Secretary of State, August 19, 2002, p. 11. </p> <p>20) Information provided by the Colombian Narcotics Agency to Colomiban Senator Jaramillo, 2001. </p> <p>21) Response from EPA Administrator Johnson to Secretary of State, August 19, 2002, p. 11. </p> <p>22) Memorandum of Justification Concerning Determination on Health, Environmental, and Legal Aspects of Coca Eradication in Colombia. P. 1. </p> <p>23) Response from EPA Administrator Johnson to Secretary of State, August 19, 2002, p. 12. </p> <p>24) Response from EPA Administrator Johnson to Secretary of State, August 19, 2002, p. 32 </p> <p>25) Response from EPA Administrator Johnson to Secretary of State, August 19, 2002, p. 20. </p> <p>26) Response from EPA Administrator Johnson to Secretary of State, August 19, 2002, p. 51. </p> <p>27) Response from EPA Administrator Johnson to Secretary of State, August 19, 2002, p. 11. </p> <p>28) Response from EPA Administrator Johnson to Secretary of State, August 19, 2002, p. 20. </p> <p>29) El Tiempo, August 26, 2002. </p> <p>30) Department of State’s Comments on EPA August 19, 2002 Letter, p. 1. </p> <p>31) Response from EPA Administrator Johnson to Secretary of State, August 19, 2002, p. 43. </p> <p>32) Response from EPA Administrator Johnson to Secretary of State, August 19, 2002, p. 51. </p> <p>33) Response from EPA Administrator Johnson to Secretary of State, August 19, 2002, p. 18. </p> <p>34) “U.S. Is Stepping Up Drive to Destroy Coca in Colombia,” New York Times, September 4. 2002. </p> <p>35) Response from EPA Administrator Johnson to Secretary of State, August 19, 2002, p. 45.</p> ','', '', NOW(), 1),
              (1084,1084,1,'Posibles Impactos', '<p>MEMORANDO </p> <p>PARA: Honorables miembros del Congreso </p> <p>DE: Anna Cederstav </p> <p> Científica, Earthjustice y AIDA </p> <p>FECHA: 23 de Septiembre de 2002 </p> <p>ASUNTO: Informe del Departamento de Estado al Congreso de Estados </p> <p> Unidos acerca de la erradicación aérea de coca en Colombia </p> <p>De acuerdo con las normas de adquisición de agentes químicos de la Ley de Apropiaciones de Operaciones Extranjeras, Exportación de Financiamiento y Programas Relacionados (Ley Pública No.107-115, 115 est. 2117 (2002) </p> <p> </p> <p>…[los] fondos destinados por esta ley que se usen para la adquisición de agentes químicos para programas de fumigación aérea de coca pueden disponerse sólo si el Secretario de Estado, después de consultar con la Dirección de la Agencia de Protección Ambiental, el Secretario del Departamento de Agricultura y si es apropiado, con el director del Centro de Control y Prevención de Enfermedades, determina e informa a los Comités de Apropiaciones que: (1) La fumigación aérea de coca se lleva a cabo de acuerdo con los controles reglamentarios requeridos por la Agencia de Protección Ambiental según la etiqueta para el uso en Estados Unidos, y después de consultar con el gobierno Colombiano para asegurar que la fumigación se adelanta en concordancia con las leyes Colombianas; (2) los agentes químicos usados en la fumigación aérea de coca, en la manera en que están siendo aplicados, no representan un riesgo irrazonable o efectos adversos para los seres humanos o el medio ambiente… </p> <p>El Departamento de Estado recientemente sometió al Congreso un Informe de Asuntos Relacionados con la Erradicación Aérea de Coca Ilícita en Colombia, en un intento por cumplir con los requisitos de esta ley, y previa consulta con la Agencia de Protección Ambiental (EPA) y con el Departamento de Agricultura, pero no con el Centro de Control y Prevención de Enfermedades. </p> <p> </p> <p>Mediante el presente memorando se comenta el Informe del Departamento de Estado (DoS) presentado al Congreso y se destacan las razones primordiales que nos llevan a concluir que el DoS no ha cumplido con las condiciones establecidas por la norma de adquisición de agentes químicos. En lugar de resolver las dudas acerca del uso de herbicidas de amplio espectro para la erradicación de coca en Colombia, el informe, particularmente el documento de consulta de la EPA, subestima los riesgos a la salud humana y al medio ambiente que esta actividad representa. Aún más, el informe es claro al afirmar que no hay suficiente información disponible acerca del impacto a la salud humana y al ambiente; tampoco de las medidas implementadas para mitigar dichos impactos. En vista de los riesgos potencialmente serios al medio ambiente y a la salud pública asociados con el programa de erradicación aérea, y por el fracaso del Departamento de Estado en demostrar que las condiciones mencionadas se han cumplido, recomendamos enfáticamente que el Comité de Apropiaciones retenga los fondos para el programa de erradicación química. </p> <p> </p> <p>I. Exigencia para determinar e informar que el programa de erradicación “se lleva a cabo de acuerdo con los controles reglamentarios requeridos por la Agencia de Protección Ambiental según la etiqueta para el uso en Estados Unidos”. </p> <p>Concluimos que el DoS no ha demostrado el cumplimiento con este requisito, como se discute a continuación. </p> <p>El herbicida formulado usado en Colombia no se usa en los Estados Unidos </p> <p>Es importante anotar que a pesar que un reciente registro oficial en los Estados Unidos parece darle cierta credibilidad a la decisión del DoS de usar esta sustancia en Colombia, realmente este producto “nunca ha sido comercializado en los Estados Unidos.”[1] Aún más, debido a que el productor decidió que no querían comercializar un producto basado en glifosato con una señal de ‘Peligro”, el producto fue etiquetado “no para uso en EE.UU.”. En Noviembre de 2001, “buscando registrar un producto de glifosato que correspondiera con el producto que esta usándose en Colombia”, éste fue re-registrado para uso en Estados Unidos.[2] Sin embargo, el productor no tiene intención de comercializarlo en los EE.UU.[3] </p> <p>Incapacidad para demostrar que el uso en Colombia cumple con las instrucciones de etiquetado de la EPA. </p> <p>El DoS estipula que “El encasillado 1 del informe demuestra que la formulación de glifosato usada para fumigar coca en Colombia se usa en concordancia con las instrucciones especificadas por la EPA.” Sin embargo, el informe consultivo de la EPA al DoS no justifica esta afirmación. El hecho que “la EPA confirme que las cantidades de aplicación están dentro de los parámetros definidos en las etiquetas de glifosato en los EU” no quiere decir que todos los requisitos de la etiqueta se cumplen. Un análisis detallado del informe consultivo de la EPA demuestra que de hecho hay muchas razones por las cuales el uso en Colombia específicamente no cumple con las condiciones indicadas en los EE.UU. </p> <p>1. Incapacidad para demostrar que el uso en Colombia constituye un uso “no agrícola” </p> <p>El DoS informa que “la formulación de glifosato usada para fumigar coca en Colombia es usada de acuerdo con las especificaciones de la EPA para uso no agrícola” .[4] Es cierto que las cantidades usadas en Colombia corresponden a las especificaciones para uso no agrícola en los EE.UU. Sin embargo, el DoS no demuestra que el uso en Colombia efectivamente se clasifica apropiadamente como uso “no agrícola.” Esta es una suposición que no puede hacerse sin considerar las condiciones actuales de uso y exposición en Colombia. El DoS no provee datos que sustenten la aseveración en el sentido que el uso en Colombia constituye un uso no agrícola, y la EPA en ningún momento certifica que el uso para la erradicación de coca en Colombia podría clasificarse de esta manera. </p> <p>Consideramos que el uso de glifosato en el programa anti-narcóticos de Colombia no se clasifica apropiadamente como de “uso no agricultural”. Según la EPA, “en Estados Unidos se propone usar en vegetación indeseada, dentro y fuera de sembradíos, bosques, áreas industriales y áreas residenciales”.[5] La etiqueta del producto que ha venido utilizando hasta la fecha estipula “Este producto es solamente para uso en áreas donde no hay cultivos o árboles. No para uso en cultivos, árboles, u otras plantas cultivadas para la venta u otros usos comerciales…”[6] Estas condiciones para uso no agrícola no se cumplen en Colombia, un hecho que tiene implicaciones sustanciales para la exposición humana. </p> <p>Se sabe que los agricultores colombianos entremezclan cultivos de alimentos y cultivos de coca, por ende es frecuente que los cultivos de alimentos sean fumigados junto con los cultivos de coca. El DoS parece defender esta práctica afirmando que “de acuerdo con la ley colombiana, los cultivos de alimentos entremezclados con coca están sujetos a ser fumigados”.[7] Mientras esta práctica puede ser legal en Colombia, la fumigación de cultivos de alimentos ciertamente no es consistente con el uso “no-agrícola” de herbicidas en los EU, de acuerdo con los requisitos de la EPA. </p> <p>La Defensoría del Pueblo en Colombia ha recibido un elevado número de quejas acerca de múltiples cultivos de alimentos que han sido fumigados dentro del programa de erradicación. La EPA asume que las cosechas de alimentos fumigadas se desechan; sin embargo, las condiciones económicas en Colombia hacen más probable que los agricultores que dependen de sus cultivos, con poco o ningún conocimiento de los riesgos asociados al contacto de las cosechas acabadas de fumigar, las recogen y consumen. La exposición resultante de esa recolección y su consumo podría ser significativa. </p> <p>Los escenarios para uso no agrícola en los Estados Unidos son también escenarios donde no hay re-entrada de trabajadores en los campos, porque “en los Estados Unidos los usos principales de glifosato son aplicados para eliminar maleza.” Con el único fin de fumigar plantas indeseables, el uso “no agricultural” en EE.UU. consiste en aplicaciones de soluciones concentradas de herbicida donde hay poco o ningún contacto de trabajadores con las plantas que han sido fumigadas. En contraste en Colombia, el arbusto de coca crece aproximadamente al nivel del pecho y es recogido, principalmente arrancando la hoja 4 ó 5 veces al año. Al respecto “representantes del DoS han indicado que los cultivadores cortan las plantas de coca, inmediatamente después de ser fumigadas para salvar la cosecha. Específicamente…los trabajadores entran al sembradío inmediatamente después de la aspersión para podar o arrancar las hojas de coca y prevenir que la planta muera.”[8] En vista de este escenario de exposición al trabajador, el programa no esta clasificado apropiadamente como “uso no agricultural”, y no debe permitirse que se ejecute usando concentraciones tan altas, según los niveles de aplicación característicos para su uso. Por el contrario, la fumigación debe llevarse a cabo siguiendo las condiciones establecidas para uso agricultural. </p> <p>2. Fracaso en el cumplimiento de las condiciones para uso agrícola </p> <p>El herbicida que el DoS ha usado hasta la fecha no esta permitido bajo ninguna circunstancia para uso en Estados Unidos en aplicaciones agrícolas, por lo cual no es posible hacer una comparación directa. Sin embargo, del estudio de productos similares, pero menos tóxicos, es evidente que el programa de erradicación en Colombia usa cantidades totales mucho más grandes y concentraciones de herbicida mucho más altas que las permitidas para uso agricultural en los EE.UU. La EPA sostiene que en dicho país, el uso en “sitios agriculturales es en promedio de menos de 0.75 libras de ingrediente activo de glifosato por acre.”[9] En comparación con las aproximadamente 3.3 libras por acre que está utilizándose en Colombia. De la misma forma, la EPA usa especificaciones en formulaciones significativamente menos tóxicas, autorizando el uso de un máximo de 29.4% de solución,[10] mientras que en Colombia se utiliza una solución de 44% de la formulación más tóxica. </p> <p>3. Fracaso en el cumplimiento con métodos de aplicación que serían obligatorios en EU </p> <p>Aún si el uso de glifosato en el programa de erradicación de coca se clasificara apropiadamente como uso no-agricultural, la EPA asegura que los métodos de uso en Colombia no son similares a los esperados para uso forestal en los Estados Unidos. La EPA sostiene que “no es claro qué tanto se parece este uso a la erradicación de coca. El glifosato es aplicado típicamente en áreas forestales usando helicópteros a una velocidad de 50-70 nudos…Aplicaciones en áreas forestales por avionetas de ala rígida, en caso de que ocurran, son extremadamente raras.[11]” Se afirma también que “[l]a mayoría de las etiquetas para uso forestal y vías de transporte de glifosato en Estados Unidos sugiere la aplicación con helicóptero. Considerando que la aplicación en Colombia se hace mediante de avionetas de ala rígida, es probable que se conduzca a mayor velocidad y altitud que las usualmente utilizadas en los EE.UU..” Como punto de comparación, el DoS declara que la aplicación es usualmente llevada a cabo desde una altitud de menos de 100 pies,[12] mientras que las etiquetas estadounidenses sugieren aplicaciones desde menos de 10 pies.[13] Esta diferencia de altitud en la aplicación conlleva un riesgo mucho mayor de efecto deriva y por lo tanto el posible contacto con especies y poblaciones que no pretenden fumigarse. </p> <p>De acuerdo con la EPA “[p]ara productos registrados para uso en los Estados Unidos que causan toxicidad aguda en los ojos, la mitigación de los daños potenciales a los ojos por la exposición de los trabajadores después de la aplicación, se hace aumentando los intervalos de entrada restringida (REI por sus siglas en inglés).[14] Es evidente que estos REI se aplicarían si este producto fuese usado en los EE.UU., pero es poco probable que el DoS pueda garantizar la imposición u observancia de los REI en Colombia. </p> <p>En resumen, considerando que el DoS no demuestra que en Colombia el tipo de uso (agricultural vs. no-agricultural), los métodos de aplicación (tipo de aeronave, altitud de aplicación) y las precauciones para proteger la población local (REI) son consistentes con los requisitos de las etiquetas en los EE.UU. para este producto y para productos relacionados, se concluye que el DoS no puede afirmar que la erradicación aérea se adelanta “de acuerdo con los controles reglamentarios requeridos por la Agencia de Protección Ambiental según la etiqueta para el uso en Estados Unidos”. </p> <p>II. Determinar e informar que “la fumigación se adelanta en concordancia con las leyes Colombianas.” </p> <p>Concluimos que el DoS no demuestra el cumplimiento con este requisito, de acuerdo con lo enunciado a continuación. </p> <p>En aras de cumplir con el requisito arriba mencionado, el DoS suministró una breve carta suscrita por el Ministerio de Relaciones Exteriores de Colombia que aparte de referirse a la implementación de un Plan de Manejo Ambiental (PMA), no contiene datos sustanciales o información básica acerca de las leyes aplicables al programa, o respecto a la forma como éstas se imponen. Se espera en cambio que el Congreso acepte la afirmación del Ministerio de Relaciones Exteriores de Colombia en el sentido que ninguna ley está siendo violada con la implementación del programa de erradicación. No es posible aceptar lo anterior, considerando que otras autoridades del gobierno Colombiano, como la Defensoría del Pueblo, han sostenido enfáticamente que el programa de erradicación aérea viola numerosas leyes de ese país.[15] </p> <p>La implementación de un PMA de ninguna manera demuestra el cumplimiento con las leyes colombianas. Por el contrario, el PMA es un caso ejemplar que ilustra la forma en que el programa de erradicación de cultivos de uso ilícito viola continuamente las normas, promulgadas para la protección de las personas y del medio ambiente. Este PMA fue aprobado por el Ministerio de Medio Ambiente (Minambiente) el 26 de noviembre de 2001 (Resolución 1065). El programa no pudo ser aprobado con anterioridad debido, entre otras, al incumplimiento de la Dirección Nacional de Estupefacientes en Colombia (DNE) y del DoS para proveer la información suficiente acerca de la ejecución del programa y de las medidas de mitigación adecuadas. Aunque las normas colombianas exigen la aprobación e implementación de un PMA para la ejecución de las actividades de erradicación aérea, el DNE y el DoS adelantaron dichas actividades durante 5 años sin contar con la autorización requerida por parte del Minambiente. Por lo tanto, hasta hace muy poco tiempo, el programa se adelantó en abierta violación de las leyes ambientales colombianas. </p> <p>Además, no es claro que el PMA en rigor está siendo implementado de manera apropiada. Recientemente, en diciembre del 2001, la DNE sostenía ante el Ministerio de Medio Ambiente no tener ni la autoridad ni la capacidad para implementar el Plan de Manejo. Dada esta incertidumbre respecto a la forma de ejecución del PMA, el DoS debe presentar más evidencia ante el Congreso, respecto al cumplimiento del PMA. Dicha información debe contener como mínimo: </p> <p>Ÿ un resumen detallado de los requisitos del plan y una descripción detallada de la forma de cumplimiento </p> <p>Ÿ copias de las pólizas adoptadas y materiales desarrollados en cumplimiento del plan; y, </p> <p>Ÿ auditoría independiente verificando la implementación del plan. </p> <p>Adicionalmente, el DoS debe responder a las dudas señaladas por la Defensoría del Pueblo y la Contraloría General de la Nación en Colombia, con respecto al posible incumplimiento de las normas.[16] Las leyes que se considera el programa de erradicación desconoce incluyen: </p> <p> </p> <p>1. El derecho constitucional a la vida, a la salud, a un ambiente sano y a la participación ciudadana. </p> <p>2. Ley 30 de 1986, artículo 91 (Estatuto Anti-Narcóticos antidrogas) requiriendo autorización de autoridades ambientales y de salud antes de la implementación de actividades de erradicación. </p> <p>3. Ley 21 de 1991, ratificando la Convención 169 de la OIT (Organización Internacional del Trabajo) acerca del derecho de consulta previa a las comunidades indígenas. </p> <p>4. Ley 99 de 1993 y el Decreto 1753 de 1994 (recientemente modificado por el Decreto 1728 de 2002), exigiendo una Licencia Ambiental o la implementación de un Plan de Manejo Ambiental para actividades que podrían dañar el ambiente. </p> <p>5. Decreto 1843 de 1991, acerca de uso y manejo de pesticidas (con base en el hecho que la concentración autorizada por la autoridad agrícola –ICA, es diferente de la que se utiliza, y considerando los requisitos de altura y velocidad de vuelos, distancias, manejo y disposición de desechos peligrosos, entre otros) </p> <p>6. Ley 472 de 1998, de protección del derecho colectivo al medio ambiente sano, a conservar el equilibrio de ecosistemas y la salud pública. </p> <p>El DoS también debería responder a los cuestionamientos en el sentido que la DNE y el DoS al implementar el programa, no han considerado las investigaciones de otras autoridades gubernamentales colombianas, incluyendo: </p> <p> </p> <p>1. La exigencia de un Plan de Vigilancia Epidemiológica, propuesto desde 1982 y ordenado en 1992; </p> <p>2. Recomendaciones del Consejo Nacional de Pesticidas, y; </p> <p>3. La exigencia de una auditoría técnica que garantice independencia, transparencia, y la participación de la población afectada. </p> <p>III. Exigencia para que el DoS determine e informe que “los agentes químicos usados en la fumigación aérea de coca, en la manera en que están siendo aplicados, no representan un riesgo irrazonable o efectos adversos para seres humanos o el medio ambiente” </p> <p>Concluimos que el DoS no demuestra el cumplimiento con esta exigencia por las siguientes razones: </p> <p>Falta de consideración apropiada de la toxicidad del producto formulado que se usa en Colombia. </p> <p>Con relación a la salud humana la EPA asegura que “el surfactante que el producto formulado reportado usa puede causar irritación severa en la piel y puede ser corrosivo a los ojos, al igual que ocurre con otros surfactantes. La etiqueta del producto formulado para la erradicación de coca en Colombia incluye la palabra “Peligro”. Estos hallazgos sugieren que cualquiera de los informes de toxicidad en los ojos puede deberse al surfactante y no al glifosato mismo. El producto ha sido clasificado en el nivel de toxicidad 1 para irritación a los ojos, causando daño irreversible al ojo.”[17] </p> <p>De la declaración de la EPA, es claro que el producto formulado y usado en Colombia y no el ingrediente activo del pesticida (glifosato) es el que genera preocupación. Lo anterior debido a que los estudios presentados por el DoS no se adelantaron usando la formulación específica; además porque no consideraron las altas concentraciones en que el pesticida esta siendo usado. Los múltiples estudios cuyo objeto es el glifosato u otros productos que contienen glifosato, no abordan los principales problemas presentados en Colombia. </p> <p>La EPA presenta información histórica acerca de enfermedades que involucran el ojo, causadas por glifosato formulado usado en los EE.UU.[18] Esta información demuestra que ocurrieron problemas de salud significativos asociados con la exposición de estos productos anterior a la reformulación para reducir los niveles de surfactante que representan una amenaza para el ojo. Aún hoy, estos problemas siguen ocurriendo, a pesar de la disminución en la frecuencia. Lo anterior sucede a pesar de que el uso anterior y actual de estos productos en los Estados Unidos generalmente involucra concentraciones y cantidades mucho menores que las usadas en Colombia. Por lo tanto, se podría esperar que los problemas de salud mencionados ocurran con mayor frecuencia como resultado del programa de erradicación. Con base en esta información y conociendo los riesgos asociados con la formulación particular que el DoS esta usando en Colombia, la EPA recomendó que el DoS cambiara el producto, por uno de menor toxicidad. </p> <p>Hasta la fecha, el DoS ha ignorado esta recomendación y continúa usando la misma formulación, a pesar de conocer el riesgo que su uso implica para la población local. </p> <p>Los ingredientes inertes usados en el producto formulado podrían nunca haber sido sujetos a una evaluación de riesgo o una evaluación toxicológica. </p> <p>La ley de los EE.UU. no exige una evaluación integral de riesgo, ni estudios toxicológicos para ingredientes inertes, como el surfactante en el producto formulado que se sabe, causa daño irreversible a los ojos. Por ejemplo, estudios para evaluar el desarrollo de la toxicidad, la reproducción, alimentación crónica o sub-crónica, carcinogenidad y mutagenidad, regularmente no son conducidos para ingredientes inertes. Igual situación ocurre con las evaluaciones de riesgo, que no se adelantan para todos los ingredientes inertes. </p> <p>El informe de la EPA no es claro respecto a si se ha llevado a cabo o no una evaluación de riesgo para los ingredientes inertes usados en la mezcla en Colombia. Por un lado la EPA sostiene que los ingredientes inertes en la formulación “han sido aprobados”, y por otro la EPA también declara que más de 3,200 ingredientes inertes están aprobados para el uso en productos pesticidas, aunque sólo unos cuantos de estos cuenten con evaluaciones de riesgo integrales. Esto implica que no hay certidumbre de si los ingredientes inertes del pesticida actualmente registrado, usado masivamente en ecosistemas tropicales colombianos por el DoS pero no en EE.UU., han sido sujetos a una evaluación detallada de riesgo. Debido a que estos surfactantes no son productos nuevos, es poco probable que se hayan realizado pruebas toxicológicas de acuerdo con estándares científicos modernos. </p> <p>Fracaso en presentar datos de incidentes que demuestren la falta de impacto a la salud humana </p> <p>El DoS no presentó a la EPA ni al Congreso datos válidos de incidentes para el programa de erradicación de coca. Sin estos estudios, es imposible concluir que el programa no implica riesgos irrazonables para la salud humana y el medio ambiente. Dada la falta de datos suficientes y la imposibilidad de la EPA para tomar una determinación en relación con impactos a la salud, la agencia recomendó que el DoS implemente “el seguimiento de informes de denuncias por daños a la salud, documentando el tiempo de exposición y los síntomas” para las operaciones de fumigaciones futuras. Esto le permitiría al DoS “evaluar cualquier efecto potencial en la salud y disminuir o prevenir su recurrencia.”[19] No es claro que el DoS pretenda cumplir con esta recomendación. Sin embargo, a falta de estos estudios, el DoS no puede garantizar la ausencia de impactos inaceptables para la salud, que se causen como resultado del programa de erradicación de coca. Este es precisamente el caso de numerosos informes acerca de los impactos en la salud en áreas que han sido fumigadas. </p> <p>El DoS presentó a la EPA y al Congreso información con datos acerca de la fumigación de amapola. Desafortunadamente, estos datos son de poca utilidad por que las concentraciones y las cantidades totales de herbicida usados para fumigar amapola son mucho menores que las usadas en la erradicación de coca.[20] De acuerdo con la EPA: </p> <p> Una comparación directa de los datos epidemiológicos en Colombia (obtenidos de la erradicación aérea de amapola) con las condiciones de uso, (de acuerdo con el informe del 18 de abril de 2002 acerca de la aplicación aérea de coca, por parte del DoS a los asesores de riesgo de OPP) podría ser limitada. El informe y los materiales entregados no tomaban en cuenta las condiciones de uso para fumigaciones de amapola. La agencia tampoco presentó datos de incidentes en seres humanos para el programa de erradicación de coca…El DoS informó a la EPA que las concentraciones para la fumigación de amapola eran menores que para la coca… La agencia no ha suministrado otros detalles de las diferencias entre los dos programas. Específicamente, la EPA no tiene información acerca de la composición de la mezcla empleada en amapola, o si el mismo producto de glifosato y los coadyuvantes usados en la erradicación de coca se usaron en el programa de erradicación de amapola. La agencia también cuestiona las diferencias geográficas de las áreas, la frecuencia en la repetición de las aplicaciones y el tamaño del área fumigada en cada misión de fumigación. Por lo tanto, la generalización de conclusiones tomadas a partir de datos de incidentes humanos como resultado de la fumigación de amapola en comparación a las condiciones de uso para la erradicación de coca, debe hacerse con cuidado.”[21] </p> <p>Aún así, de acuerdo con la EPA “hay información que sugiere que el programa de erradicación de amapola pudo haber ocasionado” síntomas menores. Sin embargo, debido a que los estudios no fueron realizados de la forma adecuada, sin información esencial y detallada, como documentación médica de los síntomas o el tiempo de aplicación, no es posible llegar a conclusiones firmes al respecto. </p> <p>Falta de medidas inmediatas para proteger la salud humana </p> <p>El DoS intenta justificar su decisión de continuar con el uso del producto más tóxico por períodos cortos a pesar de las recomendaciones de la EPA en sentido contrario. </p> <p>1. Presunción de exposición humana limitada </p> <p>El DoS alega que según la EPA “el riesgo al daño de los ojos de la población actual se limita principalmente a quienes manipulan y mezclan la formulación concentrada, y no al público en general.”[22] Esta es una interpretación errónea de la evaluación de la EPA. Si bien la agencia afirma que “la mayor probabilidad de daño a los ojos se espera que ocurra en los trabajadores que mezclan y cargan el producto concentrado de glifosato”, la EPA concluye que “la exposición a los ojos como resultado de la entrada a las áreas fumigadas para recoger cultivos es también probable.”[23] De hecho, la revisión de los datos incidentales en EE.UU. demuestra que “enfermedades relacionadas con residuos fueron ocasionadas frecuentemente como resultado del contacto extensivo con suelo o plantas recientemente tratadas.”[24] Considerando que el DoS ha declarado que los agricultores entran frecuentemente a los campos inmediatamente después de la fumigación, debería esperarse que esta exposición sea significativa en Colombia. </p> <p>La EPA afirma que “para productos registrados para uso en los EE.UU. que causan toxicidad aguda a los ojos, la mitigación de la exposición de los efectos sobre los trabajadores se logra aumentando los intervalos de entrada restringida (REI).”[25] El DoS no provee información acerca de la forma en que se limita la entrada al campo de los agricultores que cosechan alimentos o coca luego de las fumigaciones. </p> <p>El DoS afirma estar trabajando con el gobierno de Colombia para advertir a los habitantes locales que eviten ser fumigados durante las operaciones e informar las precauciones que deben tomar en caso de contacto con la mezcla. Si bien la anterior es una excelente medida, el hecho que el DoS este “trabajando con el gobierno” de Colombia no brinda ninguna información respecto de la efectividad de estos programas. Las fumigaciones no deberían realizarse a menos que haya certeza de que las comunidades afectadas han sido prevenidas acerca de las precauciones a tomar. Si este no es el caso, el DoS no debería continuar fumigando. </p> <p>2. Presunción que la mezcla no es tóxico </p> <p>El DoS enfatiza que “aproximadamente 75% del producto final es agua,” y usa este dato para argumentar que la mezcla no tendrá efectos tóxicos en los humanos. Si bien es cierto que la mezcla final contiene 75% de agua, también lo es que la mayoría del producto concentrado formulado es agua. Es decir que la concentración realmente está diluida en un poco más de la mitad antes de fumigar. El DoS usa esta información de forma errónea, pues no hay certeza que una sustancia que causa daño irreversible a los ojos como un producto concentrado, pueda ser inofensiva cuando se diluye aproximadamente 50%. </p> <p>El DoS aporta resultados preliminares de un estudio de toxicidad del depositario de la muestra. Estos estudios no han sido completados ni revisados por la EPA, y por lo tanto no han sido discutidos apropiadamente. </p> <p>3. Presunción que las medidas de seguridad efectivamente disminuyen el efecto deriva </p> <p>El DoS sostiene que se están tomando muchas medidas de seguridad para minimizar la exposición humana a la mezcla, incluyendo un cuidadoso entrenamiento para los pilotos, y parámetros de aspersión permisibles para minimizar el efecto deriva. Sin embargo, el DoS no provee evidencia concreta y la EPA no ha podido verificar que estas medidas de seguridad sean efectivas. </p> <p>El modelo de la EPA demuestra que el efecto deriva podría afectar áreas de hasta 600 pies del área designada.[26] Los informes de daños a cultivos legales que la oficina de la Defensoría de Pueblo de Colombia reportó coinciden con esta información e indican que la fumigación no es conducida de una manera cuidadosa como lo afirma el DoS. Mientras que la EPA anota que “existe el potencial de exposición de personas ubicadas en áreas cercanas de las zonas asignadas para fumigación,” la EPA considera que “si se adelantan todos los procedimientos y el equipo operacional trabaja ordenadamente “es posible minimizar el efecto deriva.”[27] </p> <p>El DoS aparentemente informó a la EPA que se han llevado a cabo estudios cuantitativos del efecto deriva producido y que limitadas inspecciones del campo demuestran la poca ocurrencia del efecto deriva. Sin embargo, a la EPA nunca se le entregó el estudio del efecto deriva ni la evidencia demostrando que éste es el caso. Aún mas, no se le entregó a la EPA ninguno de los materiales primarios describiendo las precauciones de seguridad asociadas con el programa.[28] No es posible justificar la falta de verificación respecto a las medidas apropiadas del Plan de Manejo Ambiental y su cumplimiento, tampoco la presunción de la efectividad de las medidas de seguridad para la prevención de la exposición humana. Si el DoS intenta usar estas restricciones de operación para demostrar la ausencia de riesgo al medio ambiente y a la salud humana, entonces deberá presentar esta información y garantizar la verificación de la efectividad de los procedimientos para minimizar el efecto deriva y la fumigación accidental. Los datos presentados hasta el momento no permiten concluir si el programa de fumigación se maneja de forma apropiada o no. </p> <p>Evaluación Inadecuada del nuevo producto formulado a usar </p> <p>Como resultado de la consulta con la EPA, el DoS ha seleccionado una formulación alternativa, supuestamente de menor toxicidad, para uso futuro. Este puede ser un paso positivo, pero debe anotarse que en caso que el DoS lo haga, el Congreso, la EPA, y el público en general quedarán como al principio, con poca o ninguna información acerca de los impactos potenciales del programa de fumigación. Es también importante considerar que mientras el DoS declara que está cambiando a una formulación menos tóxica, la Ministra de Defensa de Colombia, Marta Lucía Ramírez confirmó recientemente la intención de su gobierno de regresar al uso del producto herbicida “más poderoso” previamente aplicado en el programa de erradicación.[29] Entonces, nuevamente hay confusión respecto del producto que va a ser fumigado en Colombia. </p> <p>De acuerdo con el informe del DoS al Congreso, el nuevo producto que el DoS planea usar fue registrado en Estados Unidos en julio de 2002, y por lo tanto no tiene un historial de uso en los Estados Unidos. El DoS no brinda información del contenido de esta formulación ni de las condiciones de fumigación bajo las cuales va a ser usada; lo único que ha afirmado es que el producto es menos tóxico que la formulación usada previamente. El informe del Congreso deja la duda respecto a si el DoS consultó con la EPA acerca de los impactos en la salud y la seguridad de este nuevo producto. El DoS declara que todavía no ha adelantado pruebas de toxicidad en los depósitos de la mezcla de esta formulación y que estas pruebas serán realizadas sólo cuando la nueva fórmula esté disponible para mezclarse en condiciones para uso en campo.[30] </p> <p>No debe permitirse al DoS que evada el requisito de informar al Congreso y consultar a la EPA, solamente por la decisión de cambiar de formulación a usar. Antes de desembolsar los fondos para el programa de fumigación, esta nueva formulación debe someterse al mismo riguroso proceso de pruebas, estudio y consulta con la EPA, e informar al Congreso, tal como se hizo con el producto usado previamente. El Congreso no debe permitir que el DoS use nuevamente a la población local de Colombia como sujetos de prueba para determinar si el producto químico usado ocasiona daños a la salud humana o no. </p> <p>Incumplimiento para evaluar adecuadamente el impacto ambiental potencial </p> <p>El programa de erradicación aérea en Colombia nunca ha estado sujeto a una Evaluación de Impacto Ambiental (EIA). Aunque algunos representantes del DoS han hecho referencia a una EIA llevada a cabo por esa entidad, lo cierto es que dicho documento no se ha producido. Por lo tanto parece que los impactos ambientales de este vasto programa de erradicación aérea no han sido evaluados nunca. </p> <p>El DoS no puede afirmar que no hay impactos adversos irrazonables asociados al programa de erradicación, sin conducir primero un análisis detallado de todos los impactos ambientales potenciales, incluyendo una evaluación de métodos alternos de erradicación. Para que una EIA pueda aceptarse, debería considerarse no sólo el impacto a las áreas fumigadas, sino también los impactos de todo el programa de erradicación. Dicha evaluación debería incluir el daño causado por los cultivadores de coca cuyas plantas han sido destruidas por la fumigación, que se desplazan a áreas remotas en el bosque para sembrar nuevamente. El desplazamiento continuo de sembrados de coca con el consecuente aumento en la deforestación y la apertura de regiones de la selva para establecer mas cultivos de coca son posiblemente los impactos adversos más graves asociados con el programa de erradicación. Parece que hasta la fecha este impacto ha sido ignorado, lo cual es una grave e inaceptable omisión en la evaluación de los impactos. Aunado a lo anterior, tenemos una serie de dudas relativas a la evaluación del DoS a los impactos en las regiones en donde ocurre la fumigación, que se describen a continuación. </p> <p>1. Incapacidad de considerar datos del lugar específico en la evaluación de impactos </p> <p>El informe del DoS estima que no hay riesgos irrazonables o efectos adversos al ambiente asociados con un programa que anualmente destruye la mayoría de la vida vegetal en más de 300,000 acres de tierra localizada en una de las áreas de mayor biodiversidad que quedan en el mundo. A pesar de lo anterior, el informe al Congreso y los documentos usados para consulta no incluyen un solo estudio que examine los impactos potenciales en ecosistemas tropicales como los de Colombia o de otras naciones con condiciones climatológicas y ambientales similares. El DoS no provee información acerca de las proporciones de renovación de plantas en la composición del ecosistema en este ambiente; tampoco respecto de los impactos a especies endémicas o en peligro de extinción en Colombia. Claramente, la falta de esa información específica hace imposible para el DoS o para la EPA concluir que no se van a causar impactos ambientales en Colombia. </p> <p>La EPA reconoce este problema diciendo que hay “un grado de incertidumbre cuando se intenta extrapolar la información fuera de las condiciones experimentales en las cuales se realizaron los estudios, como en diferentes terrenos, regiones geográficas y ecosistemas.” De hecho la EPA enfatiza que “la toxicidad de un pesticida a diferentes clases de animales y plantas puede variar ampliamente entre especies en un ecosistema determinado. La Agencia usa especies de prueba como sustitutos para otras especies norteamericanas no estudiadas, pero tiene poca experiencia con flora y fauna tropical. De la misma forma, los estimativos de los resultados ambientales de los pesticidas, tanto en el laboratorio como en el campo, incluyendo la contaminación a cuerpos de agua, son realizados con datos de suelos, hidrología y clima de Norte América.”[31] Puesto que no existe información disponible respecto al sitio específico a la cual la EPA pueda hacer referencia, lo cual implica que no es posible determinar o informar los impactos ambientales de este programa. </p> <p>2. Fracaso en la consideración apropiada de los riesgos ambientales asociados con el efecto deriva del pesticida </p> <p>Basado en estudios de modelos científicamente válidos, la EPA concluye que existe un riesgo al fumigar que afecta y mata 50% de las plantas jóvenes hasta 600 pies (aproximadamente 200 metros) mas allá del borde del área que está siendo fumigada, en la dirección de viento que predomine.[32] El DoS informa que el tamaño promedio de una parcela de cultivo de coca en Colombia es de 7 a 12 acres.[33] Podría razonablemente esperarse que una parcela de dicho tamaño cuente con un borde de aproximadamente 200 metros de largo. En el peor escenario, de acuerdo con el modelo de la EPA, el área impactada por el efecto deriva sería entonces de 200m x 200m ó 40,000 metros cuadrados. En otras palabras, en el peor de los casos el área afectada por el efecto deriva sería aproximadamente igual al área fumigada. </p> <p>El gobierno de los Estados Unidos ha informado recientemente que intenta aumentar significativamente el programa de erradicación de coca y espera eliminar 300,000 acres de coca en el próximo año.[34] Si este fuese el caso, hasta 300,000 acres del ecosistema tropical de Colombia que no esta cultivado con coca o amapola podrían ser destruidos solamente como resultado del efecto deriva, lo que claramente constituye un impacto adverso inaceptable. El DoS alega que el efecto deriva afecta áreas mucho menores que las estimadas por el modelo de la EPA, sin embargo el DoS no provee datos que permitan demostrar dicha afirmación. En ausencia de evidencia clara que indique lo contrario, debemos asumir que el programa de erradicación aérea de coca causa impactos ambientales severos en las regiones tropicales de Colombia. </p> <p>3. Falta de consideración adecuada de los riesgos de los ingredientes inertes en la formulación del pesticida </p> <p>De la misma manera que ocurre con los impactos humanos, el informe del DoS y la evaluación de la EPA se enfocan casi exclusivamente en los impactos en el ecosistema asociados con el ingrediente activo del producto formulado. Esto es inapropiado, particularmente teniendo en cuenta que se conocen algunos impactos del surfactante en ecosistemas acuáticos y peces. La EPA no pudo evaluar los riesgos del glifosato formulado en los animales acuáticos y terrestres por que el DoS no produjo los datos de toxicidad necesarios para la formulación usada en Colombia.[35] Así mismo, parece que la EPA no pudo tener en cuenta la información acerca de la existencia, transporte y persistencia de los ingredientes inertes de la formulación al medio ambiente. En palabras de la EPA, “ninguno de los estudios de los efectos ecológicos presentados o encontrados por esta agencia relacionados con el glifosato fueron realizados con la formulación que el DoS afirma usar en Colombia, el cual podría contener diferentes tipos de surfactantes catiónicos a aquellos con los que la Agencia cuenta.” Por lo tanto, nuevamente el DoS ha presentado información insuficiente que permita concluir que el programa de erradicación aérea en Colombia representa un riesgo ambiental bajo. </p> <p>Resumen: </p> <p>Debido a que el Departamento de Estado no ha provisto suficiente información acerca de a) la composición exacta de la formulación del herbicida usado para la erradicación aérea; b) información acerca de las propiedades toxicológicas y de los impactos ambientales específicos en el área de todos los ingredientes en el producto formulado; c) información detallada acerca de los parámetros y precauciones de seguridad empleadas en el desarrollo del programa de fumigación; d) verificación independiente que permita concluir que las medidas de mitigación del PMA se implementan y son efectivas; y e) verificación detallada del cumplimiento integral de la ley ambiental colombiana, no es posible afirmar que el Departamento de Estado ha cumplido con los requisitos del Congreso de rendir informes, de conformidad con el Título II de la Ley de Apropiaciones de Operaciones Extranjeras, Exportación de Financiamiento y Programas Relacionados. Considerando lo anterior, recomendamos que el Comité de Apropiaciones suspenda el apoyo financiero para el programa de erradicación aérea en Colombia. </p> <p>1) Respuesta del Asistente de la Dirección de la EPA Johnson al Secretario de Estado, agosto 19, 2002 p. 3. </p> <p>2) Respuesta del Asistente de la Dirección de la EPA Johnson al Secretario de Estado, agosto 19, 2002, p. 14. </p> <p>3) Conversación personal con representantes de Monsanto. </p> <p>4) Memorando de Justificación Concerniente a la Determinación en Salud, Ambiente, y Aspectos Legales de la Erradicación de Coca en Colombia. </p> <p>5) Respuesta del Asistente de la Dirección de la EPA al Secretario de Estado, agosto 19, 2002 p.18. </p> <p>6) Etiqueta del pesticida con número de registro 524-308, confirmado por la EPA como el pesticida en uso por el programa de erradicación aérea. </p> <p>7) Agentes Químicos Usados para la Erradicación de Coca Ilícita en Colombia y Condiciones de Aplicación, US DoS, septiembre 2002, p. 5. </p> <p>8) Respuesta del Asistente de la Dirección de la EPA Johnson al Secretario de Estado, agosto 19, 2002, p. 18 </p> <p>9) Respuesta del Asistente de la Dirección de la EPA Johnson al Secretario de Estado, agosto 19, 2002, p. 4 </p> <p>10) Etiqueta de la EPA para Roundup Ultra, un producto relacionado pero significativamente menos tóxico que el usado en Colombia </p> <p>11) Respuesta del Asistente de la Dirección de la EPA Johnson al Secretario de Estado, agosto 19, 2002, p.8 </p> <p>12) Agentes Químicos Usados para la Erradicación de Coca Ilícita en Colombia y Condiciones de Aplicación, US DoS, septiembre 2002, p. 5. </p> <p>13) Etiqueta de la EPA para Roundup Ultra, un producto relacionado pero significativamente menos tóxico que el usado en Colombia </p> <p>14) Respuesta del Asistente de la Dirección de la EPA Johnson al Secretario de Estado, agosto 19, 2002, p.20 </p> <p>15) Amicus Curiae, Posición de la Defensoría del Pueblo, La Ejecución de la estrategia de erradicación aérea de los cultivos ilícitos, con químicos, desde una perspectiva constitucional. 2001 </p> <p>16) Declaraciones de la Defensoría fechadas febrero 9, 2001 y abril 16, 2001; Resolución Defensorial febrero 12, 2001. </p> <p>17) Respuesta del Asistente de la Dirección de la EPA Johnson al Secretario de Estado, agosto 19, 2002, p 11 </p> <p>18) Respuesta del Asistente de la Dirección de la EPA Johnson al Secretario de Estado, agosto 19, 2002, p. 11 </p> <p>19) Respuesta del Asistente de la Dirección de la EPA Johnson al Secretario de Estado, agosto 19, 2002, p.11 </p> <p>20) Informe provisto por la Dirección Nacional de Estupefacientes en Colombia al Senador colombiano Jaramillo, 2001 </p> <p>21) Respuesta del Asistente de la Dirección de la EPA Johnson al Secretario de Estado, agosto 19, 2002, p. 11 </p> <p>22) Memorando de Justificación Concerniente a la Determinación en Salud, Ambiente, y Aspectos legales de la Erradicación de Coca en Colombia. P. 1 </p> <p>23) Respuesta del Asistente de la Dirección de la EPA Johnson al Secretario de Estado, agosto 19, 2002, p.12 </p> <p>24) Respuesta del Asistente de la Dirección de la EPA Johnson al Secretario de Estado, agosto 19, 2002, p.32 </p> <p>25) Respuesta del Asistente de la Dirección de la EPA Johnson al Secretario de Estado, agosto 19, 2002, p.20 </p> <p>26) Respuesta del Asistente de la Dirección de la EPA Johnson al Secretario de Estado, agosto 19, 2002, p.51 </p> <p>27) Respuesta del Asistente de la Dirección de la EPA Johnson al Secretario de Estado, agosto 19, 2002, p.11 </p> <p>28) Respuesta del Asistente de la Dirección de la EPA Johnson al Secretario de Estado, agosto 19, 2002, p.20 </p> <p>29) El Tiempo, agosto 26, 2002. </p> <p>30) Comentarios del Departamento de Estado en la EPA agosto 19, 2002 Carta, p. 1 </p> <p>31) Respuesta del Asistente de la Dirección de la EPA Johnson al Secretario de Estado, agosto 19, 2002, p.43 </p> <p>32) Respuesta del Asistente de la Dirección de la EPA Johnson al Secretario de Estado, agosto 19, 2002, p.51 </p> <p>33) Respuesta del Asistente de la Dirección de la EPA Johnson al Secretario de Estado, agosto 19, 2002, p.18 </p> <p>34) “U.S. Is Stepping Up Drive to Destroy Coca in Colombia,” New York Times, Septiembre 4, 2002. </p> <p>35) Respuesta del Asistente de la Dirección de la EPA Johnson al Secretario de Estado, agosto 19, 2002, p.45.</p> ', '', '', NOW(), 1);
INSERT INTO url_alias (src, dst, language) VALUES ('node/84','plancolombia_2002certification','en');
INSERT INTO url_alias (src, dst, language) VALUES ('node/1084','plancolombia_2002certification','es');
INSERT INTO node
            (nid,            vid,            type,  language,title,             uid, status, created, changed, comment, promote, moderate, sticky, tnid, translate) VALUES
            (86,     86,     'book','en',    'Photos From Sprayed Areas',1,   1,      NOW(),   NOW(), 0,0,0,0,86,0),
            (1086,1086,'book','es',    'Fotos de Sitios Fumigados',1,   1,      NOW(),   NOW(), 0,0,0,0,86,0);
INSERT INTO book (mlid, nid, bid) VALUES (10144,86,1),(10145,1086,1001);
INSERT INTO node_revisions
              (nid,       vid,       uid, title,              body,             teaser,          log, timestamp,format) VALUES
              (86,86,1,   'Photos From Sprayed Areas', '<p></p> ','', '', NOW(), 1),
              (1086,1086,1,'Fotos de Sitios Fumigados', '<p></p> ', '', '', NOW(), 1);
INSERT INTO url_alias (src, dst, language) VALUES ('node/86','plancolombia_photos','en');
INSERT INTO url_alias (src, dst, language) VALUES ('node/1086','plancolombia_photos','es');
INSERT INTO node
            (nid,            vid,            type,  language,title,             uid, status, created, changed, comment, promote, moderate, sticky, tnid, translate) VALUES
            (85,     85,     'book','en',    'Colombian conditions ignored',1,   1,      NOW(),   NOW(), 0,0,0,0,85,0),
            (1085,1085,'book','es',    'Condiciones en Colombia ignoradas',1,   1,      NOW(),   NOW(), 0,0,0,0,85,0);
INSERT INTO book (mlid, nid, bid) VALUES (10146,85,1),(10147,1085,1001);
INSERT INTO node_revisions
              (nid,       vid,       uid, title,              body,             teaser,          log, timestamp,format) VALUES
              (85,85,1,   'Colombian conditions ignored', '<p>AIDA MEMORANDUM </p> <p>DATE: June 9, 2003 </p> <p>SUBJECT:Compliance with the Environmental Management Plan for the Plan Colombia Aerial Herbicide Spraying Program. </p> <p>Introduction </p> <p>To reduce illicit cultivation of coca and poppy in Colombia, the United States Department of State (DoS) collaborates with the Colombian National Directorate of Narcotics (DNE) in carrying out the Program for Eradication of Illicit Crops with Glyphosate (PECIG). Due to concerns of environmental and human health impacts associated with this extensive herbicide spraying program, the US Congress conditioned the appropriation of funds on certification by the DoS that the eradication program meet a series of conditions.[1] One of these is a requirement to certify compliance with the Colombian Environmental Management Plan (EMP). The EMP approved by the Colombian Ministry of Environment (MMA) for the eradication program obligates the DNE to take specific precautionary measures and report regularly on implementation progress and monitoring results to the MMA. This memo describes the most significant requirements for environmental and public health protection established in the EMP, along with the reporting requirements on EMP implementation.[2] The mandated reports indicate the extent of EMP implementation, and should be scrutinized prior to any Department of State or Environmental Protection Agency determination that the Plan Colombia EMP is effectively implemented. </p> <p>Risk Characterization and Prohibition of Spraying in Sensitive Areas </p> <p>The DNE must assess and report on the socio-economic and environmental characteristics of areas potentially impacted by the eradication program,[3] and exclude high-risk areas from herbicide spraying. The MMA specifically ordered that “aerial spraying is not to take place in sensitive environments, such as populated areas, parks, natural reserves, aqueducts and bodies of water.”[4] The EMP also prohibits spraying of areas with only small- scale drug-crop cultivation,[5] as defined by the National Council on Narcotics (CNE).[6] To determine which areas may and may not be sprayed, the DNE must first map all areas with illicit crops to a scale of 1:100,000.[7] For populated or </p> <p>environmentally sensitive areas, the DNE must eradicate crops only via methods that guarantee social and environmental protection (for example manual eradication). Every quarter, the DNE must report to the MMA on the mapping and zoning of impacted areas, including the determination of which areas to exclude from spraying because of high socio-economic or environmental risk.[8] </p> <p>The DNE must also comply with buffer zones that protect culturally, socially, economically or ecologically fragile areas. The EMP permits spraying only a minimum of:[9] </p> <p>· 2,000 meters from natural protected areas; </p> <p>· 2,000 meters from sub-paramos, fresh-water springs, and aquifer recharge areas; </p> <p>· 2,000 meters from human settlements such as farmhouses or indigenous reserves; </p> <p>· 1,600 meters from areas of socio-economic interest (legal farming areas); and </p> <p>· 200 meters from static and running water bodies (lakes, lagoons, wetlands, streams, and rivers). The EMP states that case-specific circumstances may necessitate expansion of this buffer zone. </p> <p>The DNE must report quarterly to the MMA on compliance with these buffer zones.[10] </p> <p>For all areas where spraying is permitted, the DNE must observe the flight parameters approved by the MMA.[11] Among the most important parameters are: </p> <p>· Flight’s altitude: less than 25 m for coca crops and less than 12 m. for poppy crops; </p> <p>· Flight speed: 120-150 mp for T-65 aircrafts, and between 180-200 knots for OV-10; </p> <p>· Droplet size: 300-1,000 u; </p> <p>· Relative humidity: 75-90%, for coca crops, and 75%-80% for poppy crops, and; </p> <p>· Temperature: less than 30 degrees Celsius for coca crops and less than 20 degrees Celsius for poppy crops. </p> <p>Environmental Management at the Anti-Narcotics Bases </p> <p>To minimize environmental harm in case of accidents, particularly associated with the transport, storage, and use of chemicals or hazardous materials, the EMP requires the DNE to develop contingency and environmental management plans for the anti-narcotics bases.[12] The EMP also requires reduction of solid waste generation at the anti-narcotics bases,[13] appropriate management, separation and disposition of hazardous wastes,[14] and collection and treatment of waste and wash waters.[15] The DNE must test and monitor wastewaters for pH, DQO and glyphosate concentrations every quarter.[16] </p> <p>EMP Requirements of the Social, Educational and Information Program </p> <p>The Social Management Program of the EMP requires DNE to establish a compensation program in accordance with prior CNE Resolution No. 017/2001.[17] Key elements of this program are that DNE must support alternative development programs, provide economic compensation for damages to legal crops, and work to improve environmental and public health attention in affected regions.[18] The EMP states that in accomplishing these goals, the DNE must work closely with and coordinate activities with other government agencies engaged in alternative development or provision of social services in the affected regions.[19] </p> <p>The EMP also requires DNE to educate and inform all segments of the population, particularly the local communities, about the objectives, importance, and methods of spraying, environmental and social mitigation measures taken, the results of the monitoring and auditing programs, and processes for addressing complaints and compensating for harms.[20] DNE must publicize this information via the media, the Internet, and a monthly publication.[21] Every quarter, the DNE must report to the MMA on the coordination of work with other government agencies and on progress made in community education programs.[22] </p> <p>Monitoring Requirements </p> <p>The DNE must implement a comprehensive monitoring and oversight program for the crop-eradication program.[23] In particular, the DNE must verify that the spraying is not causing long-term environmental harm, and determine whether the spraying effectively reduces illicit crop cultivation.[24] The EMP also requires the DNE to conduct epidemiological studies [25] and contract external auditors for independent monitoring of the eradication program.[26] </p> <p>To assess whether the approved environmental controls are sufficient, DNE must monitor regeneration rates and ecological dynamics in test plots that are ecologically representative of the diverse ecosystems potentially impacted.[27] This monitoring requirement applies not only to directly sprayed coca and poppy fields, but also to water bodies, forests, biomass, legal crops and pasturelands that might be exposed to herbicide drift.[28] The EMP requires that DNE geo-reference the monitoring plots [29] and collect samples immediately post spraying, as well as 15 and 60 days thereafter. If persistent contamination is detected, additional sampling is required.[30] The EMP defines specific parameters and biological indicators to be monitored.[31] The DNE has to report the results of the ecosystem monitoring to the MMA on a quarterly basis.[32] </p> <p>To evaluate the effectiveness of the spraying program in reducing drug-crop cultivation, the EMP requires DNE to annually assess the total area dedicated to illegal crops in each municipality, department (state), and nucleus (region).[33] Associated with this requirement, the DNE must monitor long-term trends in illicit crop production, including environmental and social changes in sprayed areas, and the impact of eradication efforts on the spreading of illicit crop cultivation to new areas. This includes an assessment of the extent to which the program may be causing additional land clearing when coca and poppy farmers relocate.[34] The DNE must provide this annual report on overall program effectiveness to both the MMA and the local environmental authorities in the nine key areas subject to spraying. </p> <p>Because the use of glyphosate for drug-crop eradication in Colombia has to date only been approved on an “experimental” basis,[35] the MMA also required DNE to study and report to the Colombian Agricultural Institute (ICA) on the extent of coca-plant recovery and regrowth.[36] In the event that higher concentrations of glyphosate, or a different herbicide mixture, would be more appropriate, the DNE must obtain approval from ICA and the Colombian Ministry of Health prior to changing the formulation used. </p> <p> In approving the EMP, the MMA also ordered DNE to conduct an epidemiological assessment to monitor health impacts in local populations of areas where health harms from spraying has been reported. The Ministry of Health had previously issued guidelines for how DNE should conduct such assessments.[37] Moreover, the EMP requires DNE to collaborate with other government agencies to train hospital and health center staff in diagnosis and treatment of ailments caused by the spraying. DNE must also reimburse all expenses associated with the treatment of medical conditions demonstrated to have been caused by exposure to glyphosate.[38] (Note that Colombian government documents use the term “glyphosate” when referring to the spray mixture.) </p> <p>Finally, in approving the EMP, the MMA reiterated the requirement that DNE must establish a system for independent outside inspections (technical audits) to verify that the PECIG is carried out in accordance with the EMP and to evaluate environmental, human health and agricultural impacts caused by the program.[39] These independent auditors must verify that the DNE is not spraying in natural protected or other sensitive areas, and that the DNE is observing defined buffer zones. The auditors must also verify that the data obtained in the EMP monitoring program in fact demonstrates that there are no adverse effects on soils, water resources, and public health. Guidelines for establishing the audits were previously defined by the CNE,[40] and the DNE must conduct a fully transparent bidding process for government contracts in hiring a qualified institution or firm to conduct the audits. The independent auditors must report the results of the independent monitoring to the DNE and the Technical Committee of the CNE every quarter. The reports must also be made available to the public.[41]</p> <p>1) Consolidated Appropriations Resolution, Pub. L. No. 108-7 (Title II, Department of State, Andean Regional Initiative), 117 Stat. 11, 172-174 (2003). </p> <p>2) The official Colombian EMP consists not only of the draft document submitted in November of 2001 by the DNE to the MMA in Colombia, but also of a series of MMA resolutions pertaining to the modification and approval of that draft. The DoS and DNE must comply with all obligations of the EMP, including those specified in the MMA Resolutions related to the EMP. </p> <p>3) MMA, Resolución No. 341/2001, art. 5; MMA Resolución No. 1065/2001, p. 5. </p> <p>4) MMA, Resolución No. 1065/2001, p. 4, reinforcing MMA Resolución No. 341/2001, art. 4. </p> <p>5) MMA, Resolución No. 341/2001, art. 5. </p> <p>6) CNE, Resolución No. 0005/2001, August 11, art. 3. </p> <p>7) Id. </p> <p>8) MMA, Resolución No. 341/2001, art. 5. </p> <p>9) MMA, Resolución No. 1065/2001, p. 5. </p> <p>10) MMA, Resolución No. 341/2001, art. 5. </p> <p>11) EMP, Card 1: Spraying Operations Management Program, Chart 3. </p> <p>12) MMA, Resolución No. 341/2001, Art. 6; MMA, Resolución No. 1065/2001, p. 6. </p> <p>13) EMP, Card 4: Solid Waste Management Program. </p> <p>14) MMA, Resolución No. 1065/2001, p. 14. </p> <p>15) EMP, Card 5: Sewage Management Program; MMA Resolución No. 1065/2001, p. 14. </p> <p>16) MMA Resolución No. 1065/2001, p. 14. </p> <p>17) MMA, Resolución No. 1065/2001, p. 7. </p> <p>18) MMA, Resolución No. 1065/2001, p. 12. </p> <p>19) MMA, Resolución No. 1065/2001, p. 8. </p> <p>20) MMA, Resolución No. 341/2001, art. 9. </p> <p>21) MMA, Resolución No. 1065/2001, p. 8. </p> <p>22) MMA, Resolución No. 1065/2001, p. 12. </p> <p>23) MMA, Resolución No. 341/2001, art. 6; MMA Resolución No. 1065/2001, p. 9. </p> <p>24) Id. </p> <p>25) MMA, Resolución No. 1065/2001, p. 11. </p> <p>26) MMA Resolución No. 341/2001, art. 8; MMA Resolución No. 1065/2001, p. 11. </p> <p>27) MMA, Resolución No. 1065/2001, p. 11. </p> <p>28) EMP, Card 6 Inspection, Verification and Control of Spraying Operations. </p> <p>29) MMA, Resolución No. 341/2001, art. 7. </p> <p>30) MMA, Resolución No. 1065/2001, p. 11. </p> <p>31) Id. </p> <p>32) MMA, Resolución No. 341/2001, art. 7. </p> <p>33) EMP, Card 6; Resolución No. 1065/2001. </p> <p>34) EMP, Card 8: Environmental Monitoring Program. </p> <p>35) Colombian Ombudsman Office (Defensoría del Pueblo), amicus curiae submitted to the Colombian Constitutional Court, April 2002, p. 16. </p> <p>36) MMA, Resolución No. 1065/2001, p. 9. </p> <p>37) Ministerio de Salud, “Plan de Salud frente a la aplicación de herbicidas en la erradicación de cultivos ilícitos,” 1992. </p> <p>38) EMP, Card 8: Environmental Monitoring Program. </p> <p>39) MMA, Resolución No. 341/2001, art. 8. </p> <p>40) CNE, Resolución No. 0005/2000, art. 9. </p> <p>41) MMA, Resolución No. 341/2001, art. 9.</p> ','', '', NOW(), 1),
              (1085,1085,1,'Condiciones en Colombia ignoradas', '<p>MEMORANDO DE AIDA </p> <p>FECHA: Junio 9 de 2003 </p> <p>ASUNTO: Cumplimiento del Plan de Manejo Ambiental del Programa de Erradicación Aérea con Glifosato del Plan Colombia. </p> <p>Introducción </p> <p>Con el fin de reducir los cultivos de coca y amapola en Colombia, el Departamento de Estado (DoS) del gobierno de Estados Unidos conjuntamente con la Dirección Nacional de Estupefacientes (DNE) implementan el Programa para la Erradicación de Cultivos Ilícitos con Glifosato (PECIG). Debido a las críticas relacionadas con impactos a la salud y al medio ambiente generadas por el programa de fumigación masiva, el Congreso de los Estados Unidos condicionó la aprobación del desembolso del dinero hasta tanto el DoS certifique que el programa de erradicación cumple con los requisitos establecidos.[1] Una de las condiciones es cerciorarse del cumplimiento con el Plan de Manejo Ambiental (PMA) colombiano. El PMA aprobado por el Ministerio del Medio Ambiente (Minambiente) de Colombia para el programa de erradicación, obliga a la DNE a tomar medidas preventivas específicas e informar con regularidad acerca de la implementación y de los resultados de la verificación presentados al Minambiente. </p> <p>El presente memorando describe las condiciones más importantes establecidas en el PMA para la protección de la salud humana y el medio ambiente, así como de los requisitos relacionados con los informes de la implementación del PMA.[2] Los informes obligatorios indican el estado de ejecución del PMA y deben ser analizados antes de que el Departamento de Estado o la Agencia de Protección Ambiental de los Estados Unidos establezcan si efectivamente el PMA del Plan Colombia se está cumpliendo. </p> <p>Evaluación de Riesgos y Prohibición de Fumigar Áreas Sensibles </p> <p>La DNE debe evaluar e informar acerca de las características socio-económicas y ambientales de las áreas que pueden verse afectadas por las fumigaciones aéreas,[3] y excluir aquellas en donde las fumigaciones impliquen un alto riesgo. El Minambiente específicamente ordenó que “el PECIG no opera en áreas ambientales sensibles a saber: áreas pobladas, parques, reservas naturales, </p> <p>acueductos y cuerpos de agua.”[4] El PMA no autoriza la fumigación en áreas en donde haya pequeños cultivos,[5] de conformidad con lo definido por el Consejo Nacional de Estupefacientes (CNE).[6] Con el fin de determinar las áreas a fumigar y las que deben ser excluidas, la DNE debe en primer lugar levantar mapas de éstas zonas a una escala de 1:100,000.[7] Para el caso de áreas ambientalmente sensibles, la DNE deberá erradicar los cultivos exclusivamente mediante métodos que garanticen la protección ambiental y social (la erradicación manual entre ellos). Trimestralmente la DNE deberá informar al Minambiente acerca de los mapas y la caracterización de las zonas afectadas, incluyendo la diferenciación respecto de las áreas a excluir de las fumigaciones, en virtud del elevado riesgo socio-económico o ambiental existente.[8] </p> <p>Adicionalmente, la DNE también deberá definir y observar franjas de seguridad para proteger las áreas que sean cultural, social, económica o ecológicamente frágiles. De acuerdo con el PMA, las fumigaciones deben respetar las siguientes franjas mínimas:[9] </p> <p>· 2,000 metros de áreas pertenecientes al Sistema Nacional de Parques Naturales Nacionales; </p> <p>· 2,000 metros de sub-páramos, nacimientos de agua y recarga de acuíferos; </p> <p>· 2,000 metros de asentamientos humanos como caseríos o resguardos indígenas; </p> <p>· 1,600 metros de áreas de interés socio-económico (proyectos productivos legales); y </p> <p>· 200 metros de cuerpos de agua estáticos y corrientes (lagos, lagunas, estanques piscícolas, humedales, quebradas, ríos, entre otros). El PMA determina que esta última franja puede ampliarse dependiendo de las condiciones técnicas de la operación aérea. </p> <p>La DNE debe rendir informes trimestrales al Minambiente acerca del cumplimiento de las franjas de seguridad definidas.[10] </p> <p>Para todas las áreas en donde las fumigaciones están autorizadas, la DNE deberá cumplir con los parámetros de vuelo autorizados por el Minambiente.[11] Entre los parámetros más importantes se encuentran: </p> <p>· Altura de vuelo: menos de 25 m para cultivos de coca y menos de 12 m para cultivos de amapola; </p> <p>· Velocidad del vuelo: 120-150 mp para aviones T-65 y entre 180-200 nudos para OV-10; </p> <p>· Medida de la gota: 300-1,000 u; </p> <p>· Humedad Relativa: 75-90%, para cultivos de coca y 75%-80% para cultivos de amapola, y; </p> <p>· Temperatura: menos de 30 grados centígrados para cultivos de coca y menos de 20 grados centígrados para cultivos de amapola. </p> <p>Manejo Ambiental en Bases Anti-Narcóticos </p> <p>En caso de accidente, para minimizar los daños que particularmente estén asociados con el transporte, almacenamiento y uso de los herbicidas y de las sustancias peligrosas, el PMA requiere que la DNE desarrolle planes de contingencia y manejo ambiental para las bases Anti-Narcóticos.[12] El PMA también exige la reducción de la generación de residuos sólidos en dichas bases,[13] el apropiado manejo, separación y disposición de residuos peligrosos [14] y la recolección y el tratamiento de aguas residuales domésticas y otros residuos líquidos.[15] La DNE debe hacer “seguimiento y monitoreo trimestral de los parámetros de pH, DQO y concentración de plaguicida glifosato”.[16] </p> <p>Requisitos Sociales, Educativos e Informativos del Programa </p> <p>El Plan de Manejo Social del PMA requiere que la DNE establezca un programa de compensación de acuerdo con la Resolución del CNE No. 017/2001.[17] Dentro de dicho programa, es de vital importancia que la DNE promueva programas de desarrollo alternativo, provea la compensación económica por los daños a cultivos legales y vele por el mejoramiento de la atención de salud y medio ambiente en las zonas afectadas.[18] El PMA establece que en cumplimiento de estos fines, la DNE debe trabajar conjuntamente y coordinar las actividades con otras entidades del gobierno involucradas en proyectos de desarrollo alternativo o servicios sociales en las áreas afectadas.[19] </p> <p>Adicionalmente, el PMA exige que la DNE eduque e informe a todos los sectores de la población y particularmente a las comunidades locales, acerca de los objetivos, importancia y métodos de fumigación; de las medidas de mitigación social y ambiental realizadas; de los resultados de los programas de seguimiento y auditoría; así como de los procesos de presentación de denuncias y compensación de daños.[20] La DNE debe publicar esta información a través de los diversos medios de comunicación, internet y en una publicación mensual.[21] La DNE debe informar trimestralmente al Minambiente acerca de la coordinación del trabajo con las otras entidades gubernamentales y respecto del progreso de los programas de educación comunitaria.[22] </p> <p>Requisitos de Seguimiento </p> <p>La DNE debe implementar un programa de vigilancia, seguimiento y control para el PECIG.[23] Particularmente, la DNE debe verificar que las fumigaciones no causen daños ambientales de largo plazo y determinar si efectivamente éstas reducen los cultivos denominados ilícitos.[24] El PMA también requiere que la DNE adelante estudios epidemiológicos[25] y contrate una auditoría técnica externa para realizar el seguimiento independiente del programa de erradicación.[26] </p> <p>Con el fin de evaluar si los controles implementados son suficientes, la DNE deberá monitorear las tasas de regeneración y dinámicas ecológicas en sitios de muestreo que sean ecológicamente representativos de los diversos ecosistemas potencialmente afectados.[27] El seguimiento deberá hacerse tanto en los cultivos de coca y amapola directamente fumigados, como en los cuerpos de agua, bosques, biomasa, cultivos legales y pastizales que puedan estar expuestos al efecto deriva del pesticida.[28] El PMA exige que la DNE geo-referencie los sitios de muestreo [29] y que recolecte muestras inmediatamente después de la fumigación, y quince y sesenta días después de la misma. En caso de que se detecte contaminación persistente, es necesario hacer mas evaluaciones.[30] En el PMA también se definen parámetros e indicadores biológicos a los cuales deberá hacerse seguimiento.[31] La DNE tiene la obligación de informar los resultados del seguimiento a los ecosistemas trimestralmente.[32] </p> <p>Con el fin de evaluar la efectividad del programa de erradicación en la reducción de los cultivos denominados ilícitos, el PMA requiere que la DNE anualmente determine el área total dedicada a este tipo de cultivos en cada municipio, departamento y región.[33] Adicionalmente, la DNE debe también hacer seguimiento de largo plazo a las tendencias de producción de los cultivos de uso ilícito, incluyendo los cambios sociales y ambientales en las áreas fumigadas, así como los impactos que el programa de erradicación tenga en la fumigación de nuevas áreas. Lo anterior incluye evaluar si y en qué medida el programa causa mayor deforestación por la reubicación de los cultivadores.[34] La DNE debe presentar ante el Minambiente y las nueve autoridades ambientales locales principales áreas objeto del programa, un informe anual respecto de la efectividad integral de éste. </p> <p>Considerando que el PECIG en Colombia esta aprobado para la “experimentación”,[35] el Minambiente también exige que la DNE estudie e informe al Instituto Colombiano Agropecuario (ICA) el estado de recuperación y crecimiento de las plantas fumigadas.[36] En caso de que se requieran mayores concentraciones de glifosato o diferentes mezclas del pesticida, la DNE, previo el uso de éstas, deberá contar con la autorización del ICA y del Ministerio de Salud. </p> <p> En la aprobación del PMA, el Minambiente también ordenó la realización de estudios epidemiológicos para evaluar los impactos en la salud de las poblaciones locales en donde se hubieren reportado denuncias por afectaciones a la salud. Dichos estudios deberán realizarse de conformidad con lo establecido por el Ministerio de Salud.[37] Aún mas, el PMA exige que la DNE colabore con otras entidades del gobierno en el entrenamiento de personal médico de centros de salud y hospitales, para el diagnóstico y tratamiento de las enfermedades derivadas de las fumigaciones. La DNE esta obligada a rembolsar todos los gastos relacionados con el tratamiento de las enfermedades que se demuestre hayan sido causadas por la exposición al glifosato.[38] (Es importante mencionar que los documentos del gobierno colombiano usan el término “glifosato” cuando se refieren a la mezcla usada en las fumigaciones.) </p> <p>Finalmente, el Minambiente enfatizó que la DNE debe establecer una auditoría técnica independiente para que verifique que el PECIG se implementa de conformidad con las condiciones establecidas por el PMA y para que evalúe los daños en la salud, el medio ambiente y la agricultura que el programa causa.[39] Dicha auditoría técnica, cuyos lineamientos fueron definidos por el CNE,[40] deberá verificar que la DNE no fumiga áreas naturales protegidas u otras áreas sensibles, y garantizar que las franjas de seguridad se definen y observan. Los auditores deben también verificar que los datos obtenidos por el programa de seguimiento de hecho demuestren que no hay efectos adversos en el suelo, recursos hídricos y en la salud pública. La DNE esta en la obligación de adelantar de forma transparente y objetiva el proceso de licitación para la selección y contratación de la entidad o firma calificada para llevar a cabo la auditoría, según lo establecen las normas generales de contratación administrativa. La auditoría técnica deberá rendir informes trimestrales de los resultados de su labor a la DNE y al Comité Técnico del CNE, los cuales deberán estar a disposición del público.[41] </p> <p>1) Consolidated Appropriations Resolution, Pub. L. No. 108-7 (Title II, Department of State, Andean Regional Initiative), 117 Stat. 11, 172-174 (2003). (Resolución Consolidada de Apropiaciones, Pub. L. No. 108-7 (Título II, Departamento de Estado, Iniciativa Regional Andina), 117 Stat. 11, 172-174 (2003). </p> <p>2) El PMA consta no sólo del documento que la DNE presentó en Noviembre del 2001 al Minambiente en Colombia, sino también de una serie de resoluciones promulgadas por el Minambiente relacionadas con la modificación y aprobación del documento inicialmente presentado. En consecuencia, el DoS y la DNE deben cumplir con todas las obligaciones establecidas en el PMA, incluyendo aquellas especificadas en las resoluciones del Minambiente. </p> <p>3) Minambiente, Resolución No. 341/2001, Art. 5; Minambiente Resolución No. 1065/2001, p. 5. </p> <p>4) Minambiente, Resolución No. 1065/2001, p. 4, reiterando Minambiente Resolución No. 341/2001, Art. 4. </p> <p>5) Minambiente, Resolución No. 341/2001, Art. 5. </p> <p>6) CNE, Resolución No. 0005/2001, Agosto 11, Art. 3. </p> <p>7) Id. </p> <p>8) Minambiente, Resolución No. 341/2001, Art. 5. </p> <p>9) Minambiente, Resolución No. 1065/2001, p. 5. </p> <p>10) Minambiente, Resolución No. 341/2001, Art. 5. </p> <p>11) PMA Ficha 1: Spraying Operations Management Program (Programa de Manejo de Operaciones de Fumigación) Tabla 3. </p> <p>12) Minambiente, Resolución No. 341/2001, Art. 6; Minambiente, Resolución No. 1065/2001, p. 6. </p> <p>13) PMA, Ficha 4: Solid Waste Management Program (Programa de Manejo de Residuos Sólidos). </p> <p>14) Minambiente, Resolución No. 1065/2001, p. 14. </p> <p>15) PMA, Ficha 5: Sewage Management Program (Programa de Manejo de Residuos Líquidos); Minambiente Resolución No. 1065/2001, p. 14. </p> <p>16) Minambiente Resolución No. 1065/2001, p. 14. </p> <p>17) Minambiente, Resolución No. 1065/2001, p. 7. </p> <p>18) Minambiente, Resolución No. 1065/2001, p. 12. </p> <p>19) Minambiente, Resolución No. 1065/2001, p. 8. </p> <p>20) Minambiente, Resolución No. 341/2001, Art. 9. </p> <p>21) Minambiente, Resolución No. 1065/2001, p. 8. </p> <p>22) Minambiente, Resolución No. 1065/2001, p. 12. </p> <p>23) Minambiente, Resolución No. 341/2001, Art. 6; Minambiente Resolución No. 1065/2001, p. 9. </p> <p>24) Id. </p> <p>25) Minambiente, Resolución No. 1065/2001, p. 11. </p> <p>26) Minambiente Resolución No. 341/2001, Art. 8; Minambiente Resolución No. 1065/2001, p. 11. </p> <p>27) Minambiente, Resolución No. 1065/2001, p. 11. </p> <p>28) PMA, Ficha 6 Inspection, Verification and Control of Spraying Operations (Operaciones de Inspección, Verificación y Control de las Operaciones de Fumigación). </p> <p>29) Minambiente, Resolución No. 341/2001, Art. 7. </p> <p>30) Minambiente, Resolución No. 1065/2001, p. 11. </p> <p>31) Id. </p> <p>32) Minambiente, Resolución No. 341/2001, Art. 7. </p> <p>33) PMA, Ficha 6; Resolución No. 1065/2001. </p> <p>34) PMA, Ficha 8: Environmental Monitoring Program (Programa de Monitoreo Ambiental). </p> <p>35) Defensoría del Pueblo, amicus curiae presentado ante la Corte Constitucional en Abril de 2002, p. 16. </p> <p>36) Minambiente, Resolución No. 1065/2001, p. 9. </p> <p>37) Ministerio de Salud, “Plan de Salud frente a la aplicación de herbicidas en la erradicación de cultivos ilícitos,” 1992. </p> <p>38) PMA, Ficha 8: Environmental Monitoring Program (Programa de Monitoreo Ambiental). </p> <p>39) Minambiente, Resolución No. 341/2001, Art. 8. </p> <p>40) CNE, Resolución No. 0005/2000, Art. 9. </p> <p>41) Minambiente, Resolución No. 341/2001, Art. 9.</p> ', '', '', NOW(), 1);
INSERT INTO url_alias (src, dst, language) VALUES ('node/85','plancolombia_emp','en');
INSERT INTO url_alias (src, dst, language) VALUES ('node/1085','plancolombia_emp','es');
INSERT INTO node
            (nid,            vid,            type,  language,title,             uid, status, created, changed, comment, promote, moderate, sticky, tnid, translate) VALUES
            (87,     87,     'book','en',    'Legal History',1,   1,      NOW(),   NOW(), 0,0,0,0,87,0),
            (1087,1087,'book','es',    'Historia Legal',1,   1,      NOW(),   NOW(), 0,0,0,0,87,0);
INSERT INTO book (mlid, nid, bid) VALUES (10148,87,1),(10149,1087,1001);
INSERT INTO node_revisions
              (nid,       vid,       uid, title,              body,             teaser,          log, timestamp,format) VALUES
              (87,87,1,   'Legal History', '','', '', NOW(), 1),
              (1087,1087,1,'Historia Legal', '', '', '', NOW(), 1);
INSERT INTO url_alias (src, dst, language) VALUES ('node/87','plancolombia_legalhistory','en');
INSERT INTO url_alias (src, dst, language) VALUES ('node/1087','plancolombia_legalhistory','es');
INSERT INTO node
            (nid,            vid,            type,  language,title,             uid, status, created, changed, comment, promote, moderate, sticky, tnid, translate) VALUES
            (88,     88,     'page','en',    'Reference Documents',1,   1,      NOW(),   NOW(), 0,0,0,0,88,0),
            (1088,1088,'page','es',    'Documentos de Consulta',1,   1,      NOW(),   NOW(), 0,0,0,0,88,0);
INSERT INTO book (mlid, nid, bid) VALUES (10150,88,1),(10151,1088,1001);
INSERT INTO node_revisions
              (nid,       vid,       uid, title,              body,             teaser,          log, timestamp,format) VALUES
              (88,88,1,   'Reference Documents', '<p> <ul> <li><a href="/?q=plancolombia_enviroandhhdamages">Environmental and Health Impacts</a></li> <li><a href="/?q=plancolombia_legalviolations">Legal Violations and Court Cases</a></li> <li><a href="/?q=plancolombia_pressrelease">Press Releases</a></li></ul></p> ','', '', NOW(), 1),
              (1088,1088,1,'Documentos de Consulta', '<p> <ul> <li><a href="/?q=plancolombia_enviroandhhdamages">Amenazas al Ambiente y a la Salud Humana</a></li> <li><a href="/?q=plancolombia_legalviolations">Violaciones Legales y Casos ante las Cortes</a></li> <li><a href="/?q=plancolombia_pressrelease">Comunicados de Prensa</a></li></ul></p> ', '', '', NOW(), 1);
INSERT INTO url_alias (src, dst, language) VALUES ('node/88','plancolombia_legaldocuments','en');
INSERT INTO url_alias (src, dst, language) VALUES ('node/1088','plancolombia_legaldocuments','es');
INSERT INTO node
            (nid,            vid,            type,  language,title,             uid, status, created, changed, comment, promote, moderate, sticky, tnid, translate) VALUES
            (89,     89,     'book','en',    'Sprayings in National Parks',1,   1,      NOW(),   NOW(), 0,0,0,0,89,0),
            (1089,1089,'book','es',    'Fumigaciones en Parques Nacionales',1,   1,      NOW(),   NOW(), 0,0,0,0,89,0);
INSERT INTO book (mlid, nid, bid) VALUES (10152,89,1),(10153,1089,1001);
INSERT INTO node_revisions
              (nid,       vid,       uid, title,              body,             teaser,          log, timestamp,format) VALUES
              (89,89,1,   'Sprayings in National Parks', '<p>For Immediate Release </p> <p>CONTACT: </p> <p>Astrid Puentes, AIDA (510) 550-6700 </p> <p>apuentes@aida2.org </p> <p>Gastón Chillier, WOLA (202) 797-2171 </p> <p>gchillier@WOLA.org </p> <p>OAKLAND, CA, DECEMBER 10, 2003 — For the first time, the US Congress has officially acknowledged that US funds for the “Plan Colombia” drug eradication program may be used to spray coca and poppy crops located in Colombian national parks and other natural protected areas. However, the Congress conditioned funding for such spraying on compliance with Colombian law and a determination by the Department of State that “there are no effective alternatives to reduce drug cultivation in these areas.” </p> <p>The decision is part of the 2004 appropriations bill for the Andean Counterdrug Initiative, a key element of the US “War on Drugs” in Bolivia, Colombia, Ecuador, and Peru. The authors of the bill that will be voted in January of 2004, agreed that while there is concern that coca growers are moving into Colombia’s national parks, aerial fumigation in the parks and reserves should be used only as a last resort. Instead, Congress favors alternatives such as manual eradication, training and equipping the police to protect the parks, and relocating families that have moved into these areas. </p> <p>“The policy of using aerial spraying to eradicate illicit crops poses significant threats to human health and the environment,” says Astrid Puentes, Legal Director for AIDA. She adds that “The conditions imposed by the US Congress are a step in the right direction, though to truly protect the environment in Colombia we must ensure that the eradication forces begin complying with Colombian laws and stop trying to weaken them.” </p> <p>Each year, Congress has conditioned the State Department’s use of funds for the spraying program on actions intended to help protect human rights and the environment. As in previous years, the Congress required that in 2004 the State Department certify that: the use of these herbicides in Colombia does not pose unreasonable risks or adverse effects to humans or the environment; the eradication program complies with the Colombian Environmental Management Plan; and the governments investigate and fairly compensate meritorious complaints about health harms and the destruction of legal crops. For the first time, however, the Congress also referred to and conditioned the spraying of national parks and reserves. </p> <p>In 2001, Colombia’s environmental authorities specifically excluded national parks and natural reserves from the regions that are subject to aerial herbicide spraying. Instead, they ordered that manual or mechanical means be used to destroy coca and poppy crops in these areas. The authorities also prohibited the spraying of significant buffer areas surrounding the parks to avoid harms from spray drift or accidental spraying. These special protections are in line with the Colombian Constitution and environmental laws that establish special protections for these environmentally sensitive areas. </p> <p>Therefore, spraying in natural parks and natural reserves in Colombia is clearly illegal. Nevertheless, the Colombian National Anti-narcotics Agency that collaborates closely with the US Department of State has sprayed in Colombia’s national parks. Moreover, in June 2003, the Colombian National Council on Narcotics attempted to legalize such spraying. This action is being contested in Colombian courts for violating the Constitution and other laws. </p> <p>According to Anna Cederstav, a scientist with AIDA, “A policy that creates no viable economic alternatives for farmers simply perpetuates the cycle of farmers cutting forests to plant coca and the government spraying herbicides to destroy the fields. The US and Colombian governments should make a good-faith effort and give manual eradication and alternative development projects a chance to work, instead of relying on massive aerial spraying and military campaigns to destroy the crops.” She adds that “As the US Congress has now recognized for the National Parks, spraying should be the last recourse, but unfortunately it is the only one that has been systematically implemented until now.” </p> <p>The extensive spraying of potent herbicides could have devastating environmental impacts in the National Parks of Colombia, one of the most biodiverse nations on the planet. Important regions of the Amazon basin, the Tropical Andes, and the Chocó coastal rainforest are all located in Colombia. These vital ecosystems are being destroyed not only by illicit drug cultivation, but now also by the eradication program. </p> <p>FOR MORE INFORMATION ABOUT PLAN COLOMBIA: </p> <p>1.<a href="/?q=plancolombia:">AIDA resources on Plan Colombia</a> </p> <p>2. Photos of the environmental damages: http://www.usfumigation.org/ </p> <p>3. Scientific critiques: http://www.amazonalliance.org/scientific/scientific1.htm</p> ','', '', NOW(), 1),
              (1089,1089,1,'Fumigaciones en Parques Nacionales', '<p>PARA PUBLICACIÓN INMEDIATA </p> <p>CONTACTOS: </p> <p>Astrid Puentes, AIDA (510) 550-6700 </p> <p>apuentes@aida2.org </p> <p>Gastón Chillier, WOLA (202) 797-2171 </p> <p>gchillier@WOLA.org </p> <p>OAKLAND, CA, DICIEMBRE 10— En una decisión sin precedentes, el Congreso de los Estados Unidos aceptó que los fondos del Plan Colombia sean usados para la fumigación de cultivos de coca y amapola ubicados en parques y reservas naturales en Colombia. Esta posibilidad quedó condicionada al cumplimiento de las normas de ese país y a que se agoten las alternativas a la fumigación para reducir éstos cultivos en dichas áreas. </p> <p>La decisión se tomó como parte de la Ley de Apropiaciones para Ayuda Internacional, cuyo contenido fue acordado y será votado en enero del 2004. Esta ley incluye la Iniciativa Regional Andina y el Plan Colombia, programas ejecutados por el gobierno de los Estados Unidos como parte de la Guerra contra las Drogas, en conjunto con los gobiernos de Bolivia, Colombia, Ecuador y Perú. De acuerdo con los autores de la norma, si bien es cierto que los cultivadores de coca se están desplazando a los parques nacionales, la fumigación aérea de estas zonas debería ser la última opción a aplicar. En su lugar, el Congreso de los EE.UU. apoya otras alternativas como la erradicación manual, el entrenamiento y apoyo a las autoridades para que protejan estas zonas y la relocalización de familias que se hayan desplazado allí. </p> <p>“La política de fumigaciones para erradicar cultivos de coca y amapola afecta gravemente el ambiente y la salud humana; sin embargo, las condiciones del Congreso de los EE.UU. son un paso para la protección de la biodiversidad en Colombia” asegura Astrid Puentes, Directora Legal de AIDA. “Por lo tanto, debemos verificar que las autoridades encargadas de las fumigaciones cumplan con las normas vigentes, en lugar de continuar modificándolas” agregó. </p> <p>Al igual que en años anteriores, para el 2004 el Congreso estadounidense condicionó las fumigaciones en Colombia a que el Departamento de Estado certifique la inexistencia de riesgos innecesarios o impactos para el ambiente o la salud humana, la compensación por los daños negativos y el cumplimiento del Plan de Manejo Ambiental colombiano, entre otros. Pero por primera vez, el Congreso de los Estados Unidos hizo referencia a la fumigación de los parques y reservas naturales, zonas que están bajo la presión de ser ampliamente fumigadas. </p> <p>En Colombia el Ministerio de Ambiente, Vivienda y Desarrollo Territorial –MAVDT, desde comienzos del 2001 excluyó de las fumigaciones los parques y reservas naturales. De acuerdo con el MAVDT, los cultivos de coca y amapola en las áreas naturales protegidas deberán erradicarse manual o mecánicamente. Incluso el Ministerio definió amplias franjas de seguridad alrededor de las áreas naturales protegidas, para evitar daños ambientales por efecto deriva o la fumigación accidental de éstas áreas. Dichas condiciones implementan protecciones especiales que las normas ambientales y la Constitución brindan a las áreas naturales protegidas. En conclusión, la fumigación de los parques y reservas nacionales en Colombia es claramente ilegal. </p> <p>En contravía con estas normas y especialmente con lo establecido por el MAVDT, el Consejo Nacional de Estupefacientes en junio del 2003, intentó legitimar la fumigación de parques y reservas naturales. Esta decisión se encuentra demandada ante las cortes colombianas, por considerarla violatoria de normas de superior jerarquía e incluso de la Constitución. </p> <p>De acuerdo con la científica Anna Cederstav, Directora de Programas de AIDA, “una política que no brinda alternativas viables para los cultivadores perpetúa la destrucción ambiental que se volvió un círculo vicioso, al principio se deforesta para sembrar plantas de coca y luego se fumiga para destruirlos. Los gobiernos de EE.UU. y de Colombia deberían hacer un verdadero esfuerzo y darle la oportunidad a la erradicación manual y a los proyectos de desarrollo alternativo para que funcionen, en lugar de depender de campañas masivas de fumigación aérea y militares para destruir estos cultivos.” Agrega que “las fumigaciones deberían ser el último recurso, pero desafortunadamente hasta ahora, son el único que se ha ejecutado sistemáticamente”. </p> <p>Más allá del problema legal, preocupa que los parques naturales de uno de los países con mayor biodiversidad en el planeta, estén siendo masivamente fumigados. Colombia cuenta con una importante porción de la cuenca Amazónica y los Andes Tropicales, además del ecosistema estratégico del Chocó en el Pacífico. Estos importantes ecosistemas están siendo destruidos no sólo por los cultivos de coca y amapola, sino ahora también por las políticas gubernamentales para erradicarlos. </p> <p>MAYOR INFORMACIÓN ACERCA DEL PLAN COLOMBIA: </p> <p>1. <a href="/?q=plancolombia:">Material de AIDA acerca del Plan Colombia</a> </p> <p>2. Fotos de los daños ambientales: http://www.usfumigation.org/ </p> <p>3. Opinión de científicos: http://www.amazonalliance.org/</p> ', '', '', NOW(), 1);
INSERT INTO url_alias (src, dst, language) VALUES ('node/89','parks','en');
INSERT INTO url_alias (src, dst, language) VALUES ('node/1089','parks','es');
INSERT INTO node
            (nid,            vid,            type,  language,title,             uid, status, created, changed, comment, promote, moderate, sticky, tnid, translate) VALUES
            (90,     90,     'book','en',    'Donate Now!',1,   1,      NOW(),   NOW(), 0,0,0,0,90,0),
            (1090,1090,'book','es',    'Ayude Ahora!',1,   1,      NOW(),   NOW(), 0,0,0,0,90,0);
INSERT INTO book (mlid, nid, bid) VALUES (10154,90,1),(10155,1090,1001);
INSERT INTO node_revisions
              (nid,       vid,       uid, title,              body,             teaser,          log, timestamp,format) VALUES
              (90,90,1,   'Donate Now!', '<p>Make a contribution to AIDA today! </p> <p>Help organizations in the Americas fight environmental and social injustice. Your donation will help protect the environment and human rights in the Americas! </p> <p>Please print, complete, and mail this form, along with payment to: </p> <p> <ul></p> <p>AIDA </p> <p>426 17th Street, 6th Floor </p> <p>Oakland, Ca 94612-2820 </p> <p></ul> </p> <p>Select your donation amount: </p> <p> <ul></p> <p> ___$20 </p> <p> ___$50 </p> <p> ___$100 </p> <p> ___$250 </p> <p> ___Other$_____________ </p> <p></ul> </p> <p>First Name: ________________ Last Name: ___________________________ </p> <p>Address: ________________________________________________________ </p> <p>City: __________________________ State: ______ Postal Code: __________ </p> <p>Country: _____________________ Email: ______________________________ </p> <p>I would like to pay by: ____check (please enclose) </p> <p> <ul></p> <p> ____VISA ____ MasterCard </p> <p></ul> </p> <p>Card Number: ___________________________________ </p> <p>Expiration Date: Month: ______________ Year: __________________ </p> <p>Your contribution is tax deductible. Please contact us at donations@aida-americas.org if you have any questions.</p> ','', '', NOW(), 1),
              (1090,1090,1,'Ayude Ahora!', '<p>¡Haga una contribución para AIDA hoy mismo! </p> <p>Ayude a organizaciones en las Américas a luchar en contra de la injusticia social y ambiental. Su donación va a ayudar a proteger el ambiente y los derechos humanos en las Américas! </p> <p>Le agradecemos que imprima, complete y envíe por correo este formato junto con su contribución a: </p> <p> <ul></p> <p>AIDA </p> <p>426 17th Street, 6th Floor </p> <p>Oakland, CA 94612-2820 </p> <p></ul> </p> <p>Por favor escoja la cantidad a donar: </p> <p> <ul></p> <p>___$20 </p> <p>___$50 </p> <p>___$100 </p> <p>___$250 </p> <p>___Otro $________ </p> <p></ul> </p> <p> </p> <p>Nombre: _________________ Apellido: _____________________ </p> <p>Dirección: _____________________________________________ </p> <p>Ciudad: ____________________ Estado: ______ Código postal________ </p> <p>Pais: _____________________ Corre electrónico: ______________________________ </p> <p>Forma de pago: ___cheque (favor incluir) </p> <p> <ul></p> <p> ___Visa ___MasterCard </p> <p></ul> </p> <p>Tarjeta de Crédito número: _________________________________ </p> <p>Fecha de expiración: Mes: ______________ Año: ______ </p> <p>Su contribución es deducible de impuestos en los Estados Unidos. Por favor comuníquese con nosotros, al correo electrónico donations@aida-americas.org, si tiene alguna pregunta.</p> ', '', '', NOW(), 1);
INSERT INTO url_alias (src, dst, language) VALUES ('node/90','donatenow','en');
INSERT INTO url_alias (src, dst, language) VALUES ('node/1090','donatenow','es');
INSERT INTO node
            (nid,            vid,            type,  language,title,             uid, status, created, changed, comment, promote, moderate, sticky, tnid, translate) VALUES
            (93,     93,     'book','en',    'Test 2',1,   1,      NOW(),   NOW(), 0,0,0,0,93,0),
            (1093,1093,'book','es',    'Prueba Dos',1,   1,      NOW(),   NOW(), 0,0,0,0,93,0);
INSERT INTO book (mlid, nid, bid) VALUES (10156,93,1),(10157,1093,1001);
INSERT INTO node_revisions
              (nid,       vid,       uid, title,              body,             teaser,          log, timestamp,format) VALUES
              (93,93,1,   'Test 2', '<p>This is a simple test story. You should not use it on the site, but can put some stuff in here to see if it works. </p> <p>For example: </p> <p>{DOC AIDA_on_DOS_2003_certification.pdf PLAN COLOMBIA– AN ANALYSIS OF THE 2003 DEPARTMENT OF STATE CERTIFICATION TO CONGRESS}</p> ','', '', NOW(), 1),
              (1093,1093,1,'Prueba Dos', '', '', '', NOW(), 1);
INSERT INTO url_alias (src, dst, language) VALUES ('node/93','credits.test2','en');
INSERT INTO url_alias (src, dst, language) VALUES ('node/1093','credits.test2','es');
INSERT INTO node
            (nid,            vid,            type,  language,title,             uid, status, created, changed, comment, promote, moderate, sticky, tnid, translate) VALUES
            (92,     92,     'book','en',    'Test',1,   1,      NOW(),   NOW(), 0,0,0,0,92,0),
            (1092,1092,'book','es',    'Test',1,   1,      NOW(),   NOW(), 0,0,0,0,92,0);
INSERT INTO book (mlid, nid, bid) VALUES (10158,92,1),(10159,1092,1001);
INSERT INTO node_revisions
              (nid,       vid,       uid, title,              body,             teaser,          log, timestamp,format) VALUES
              (92,92,1,   'Test', '<p>This is a simple test story. You should not use it on the site, but can put some stuff in here to see if it works. </p> <p>For example: </p> <p>{DOC AIDA_on_DOS_2003_certification.pdf PLAN COLOMBIA– AN ANALYSIS OF THE 2003 DEPARTMENT OF STATE CERTIFICATION TO CONGRESS}</p> ','', '', NOW(), 1),
              (1092,1092,1,'Test', '', '', '', NOW(), 1);
INSERT INTO url_alias (src, dst, language) VALUES ('node/92','credits.test','en');
INSERT INTO url_alias (src, dst, language) VALUES ('node/1092','credits.test','es');
INSERT INTO node
            (nid,            vid,            type,  language,title,             uid, status, created, changed, comment, promote, moderate, sticky, tnid, translate) VALUES
            (94,     94,     'book','en',    'Test 3',1,   1,      NOW(),   NOW(), 0,0,0,0,94,0),
            (1094,1094,'book','es',    'Test 3',1,   1,      NOW(),   NOW(), 0,0,0,0,94,0);
INSERT INTO book (mlid, nid, bid) VALUES (10160,94,1),(10161,1094,1001);
INSERT INTO node_revisions
              (nid,       vid,       uid, title,              body,             teaser,          log, timestamp,format) VALUES
              (94,94,1,   'Test 3', '<p> <ul> <li><a href="/?q=principles">Mission & Organizing Principles</a></li> <li><a href="/?q=partorgs">Participating Organizations</a></li> <li><a href="/?q=program_areas">Program Areas</a></li></ul> </p> <p>AIDA was founded in 1996 on the conviction that a coalition of non-profit legal organizations in the Americas would greatly strengthen the capacity of each to respond to the grave environmental threat posed by unrestrained economic activity and natural resource extraction. Now a growing, independent non-profit organization incorporated in California, AIDA combines the expertise of public interest [PAGE partorgs:environmental law organizations from nine countries] of the hemisphere, and provides a forum for these groups to jointly design and apply solutions to [PAGE problems:shared environmental problems]. AIDA\'s mission is to empower citizens to protect human health and the environment by developing and enforcing national and international environmental laws and mechanisms for citizen participation. </p> <p> Working on projects that fall into three general <a href="/?q=program_areas:program">areas</a>, AIDA takes an action-oriented approach. Using international institutions and tribunals to expose flawed policies and initiate reform, AIDA combines legal work with efforts to empower and educate the communities we represent. To insure that all projects are based on sound science, AIDA also works with technical experts, and transfers needed information to NGOs, communities and governments throughout the hemisphere. We provide AIDA\'s services free of charge to organizations and communities battling environmental harm in the western hemisphere. </p> <p><a href="/?q=aidafinances">AIDA Finances</a> </p> <p><a href="/?q=annualreport">View our Annual Report</a></p> ','', '', NOW(), 1),
              (1094,1094,1,'Test 3', '<p> <ul> <li><a href="/?q=principles">Los principios que impulsan el trabajo de AIDA</a></li> <li><a href="/?q=partorgs">Organizaciones Participantes</a></li> <li><a href="/?q=program_areas">Áreas de Trabajo</a></li></ul> </p> <p>AIDA fue fundada en 1996 con la convicción que un grupo de organizaciones no gubernamentales de diferentes países de América, fortalecería notablemente la capacidad de todos y cada uno de sus miembros, para enfrentar la grave amenaza ambiental que las actividades económicas y la extracción de recursos naturales desenfrenada representan en la región. AIDA, una organización no gubernamental en crecimiento, independiente y registrada en California, que combina la experiencia de <a href="/?q=partorgs:organizaciones">sin ánimo de lucro de Derecho Ambiental en múltiples países del continente americano</a> para proveer un foro en el cual sus miembros de manera conjunta diseñen y apliquen soluciones a los <a href="/?q=problems:">problemas ambientales comunes</a> que existen. La misión de AIDA es asegurar el ejercicio efectivo de las personas de su derecho a un ambiente sano a través del desarrollo, aplicación y cumplimiento de la legislación ambiental a nivel nacional e internacional. Nuestra organización promueve también los mecanismos de participación ciudadana necesarios para asegurar la efectividad de las normas. </p> <p>En el cumplimiento de su misión, AIDA trabaja activamente en <a href="/?q=program_areas:tres">áreas temáticas</a>, en cuyos casos acude a las instituciones y tribunales internacionales para evidenciar las políticas erróneas y adelantar las reformas requeridas en cada uno. AIDA combina el trabajo legal con actividades dirigidas a fortalecer y educar a las comunidades que representa. Para asegurar que todos los proyectos están científicamente fundamentados, AIDA también cuenta con la colaboración de científicos expertos y comparte la información necesaria con ONG\'s, comunidades y gobiernos a través de todo el continente. Ofrecemos nuestros servicios sin costo alguno a las organizaciones y comunidades que luchan contra el daño ambiental en el continente, con el fin de proteger de manera efectiva sus derechos humanos y el ambiente. </p> <p><a href="/?q=aidafinances">Finanzas de AIDA</a> </p> <p><a href="/?q=annualreport">Vea nuestro Informe Anual en inglés (próximamente en español)</a></p> ', '', '', NOW(), 1);
INSERT INTO url_alias (src, dst, language) VALUES ('node/94','credits.test3','en');
INSERT INTO url_alias (src, dst, language) VALUES ('node/1094','credits.test3','es');
INSERT INTO node
            (nid,            vid,            type,  language,title,             uid, status, created, changed, comment, promote, moderate, sticky, tnid, translate) VALUES
            (95,     95,     'book','en',    'Doe Run Air Emissions',1,   1,      NOW(),   NOW(), 0,0,0,0,95,0),
            (1095,1095,'book','es',    'Emisiones Atmosféricas de Doe Run',1,   1,      NOW(),   NOW(), 0,0,0,0,95,0);
INSERT INTO book (mlid, nid, bid) VALUES (10162,95,1),(10163,1095,1001);
INSERT INTO node_revisions
              (nid,       vid,       uid, title,              body,             teaser,          log, timestamp,format) VALUES
              (95,95,1,   'Doe Run Air Emissions', '<p>A simple comparison of stack emissions from <a href="http://www.epa.gov/cgi-bin/broker?TRI=63048HRCLN881MA&YEAR=2001&VIEW=TRFA&TRILIB=TRIQ0&sort=_VIEW_&sort_fmt=1&FLD=AIRLBY&FLD=E3&FLD=E4&FLD=E5&FLD=RELLBY&FLD=TSFDSP&FLD=RE_TOLBY&TAB_RPT=1&_SERVICE=oiaa&_PROGRAM=xp_tri.sasmacr.tristart.macro">Doe Run’s Herculaneum facility</a> in Missouri with reported stack emissions from the La Oroya facility in Peru, suggests that there is no excuse for the extreme levels of toxic contamination endured in La Oroya. The 2001 emissions data for lead, arsenic and cadmium from the main stacks at the two smelters show that significantly more toxins are emitted in La Oroya than at the US Doe Run plant. The difference is remarkable; in 2001 Doe Run released more than 6 times the amount of lead, 12 times more Cadmium, and 647 times more Arsenic in La Oroya than in Herculaneum. </p> <p>And in La Oroya, these are only the reported emissions. Another serious concern is fugitive emissions, those that result from leaks, evaporation and wind disturbances, and are not caught by a capture system. Under US law, companies must report fugitive emissions because these can represent as much as half of the total emissions. Unfortunately, in Peru such emissions go unrecorded. The fugitive emissions in La Oroya are likely tremendous because the plant is eighty years old and not equipped with the technology necessary to capture these emissions. Thus, exposure to toxics in La Oroya is undoubtedly much greater than these shocking graphs show. </p> <p> </p> <p>Why does Doe Run continue to poison the citizens and environment of La Oroya by releasing toxins at such an astonishing rate, when the company clearly can run much cleaner operations? Over the years, Doe Run has provided varied excuses such as that in Peru the starting materials are “dirtier,” the process is more “complicated,” and the location high in the Andes makes it too costly to transport equipment or waste products. AIDA sees it differently. What is lacking is the will to make the necessary investments in clean technology, strict environmental regulations, and government agencies that force companies to protect public health. Doe Run appears to be yet another example of a US company heading to developing nations in search of cheaper labor and less stringent environmental standards.</p> ','', '', NOW(), 1),
              (1095,1095,1,'Emisiones Atmosféricas de Doe Run', '<p>De la simple comparación de las emisiones reportadas en <a href="http://www.epa.gov/cgi-bin/broker?TRI=63048HRCLN881MA&YEAR=2001&VIEW=TRFA&TRILIB=TRIQ0&sort=_VIEW_&sort_fmt=1&FLD=AIRLBY&FLD=E3&FLD=E4&FLD=E5&FLD=RELLBY&FLD=TSFDSP&FLD=RE_TOLBY&TAB_RPT=1&_SERVICE=oiaa&_PROGRAM=xp_tri.sasmacr.tristart.macro">las plantas de fundición de Doe Run Herculaneum</a>, Estados Unidos con las de La Oroya, Perú, se ve que no hay excusa para los altos niveles de emisiones tóxicas que los habitantes de La Oroya sufren. Según los informes de emisiones de plomo, arsénico y cadmio provenientes de las dos fundiciones, en Perú éstos niveles son significativamente más altos que los de la planta de Doe Run en Estados Unidos. La diferencia es notable: en el año 2001, Doe Run emitió en La Oroya 6 veces más la cantidad de plomo, 12 veces más de cadmio y 647 veces más de arsénico que en Herculaneum. </p> <p>Esta comparación solamente refleja la información reportada, no la totalidad de las emisiones. En este sentido, son de grave preocupación las emisiones fugitivas, emitidas como resultado de fisuras, evaporación y el viento, y que no quedan atrapadas en los sistemas de captura. De acuerdo con las leyes estadounidenses, las empresas deben reportar estas emisiones fugitivas, que pueden representar hasta la mitad de las emisiones totales. Desafortunadamente en Perú estas emisiones no se reportan. De hecho en La Oroya la situación es mas grave, porque la planta lleva ochenta años operando y no esta equipada con la tecnología moderna que se necesita para capturar estas emisiones. Por lo tanto, la exposición a los tóxicos en La Oroya es sin duda mucho más alta que la reportada en los informes actuales, de por sí impresionantes. </p> <p>Pero, si Doe Run puede manejar operaciones mucho más limpias en Estados Unidos, ¿porque insisten en emitir los contaminantes tóxicos en un nivel tan alto, afectando a los habitantes y al ambiente de La Oroya? Durante años, Doe Run ha dado una variedad de excusas, como el que en Perú las materias primas son más “sucias”, el proceso más “complicado” y la elevada ubicación de la ciudad en Los Andes hacen que el transporte de equipo o de desechos sea muy costoso. </p> <p>AIDA tiene una perspectiva diferente. Consideramos que no hay una clara voluntad de invertir en la tecnología limpia necesaria, ni regulaciones ambientales estrictas; tampoco un gobierno fuerte que obliguen a las empresas a proteger la salud pública. Parece que Doe Run no es nada más que otro ejemplo de una compañía que huye a los países en vías de desarrollo, en busca de mano de obra más barata y de regulaciones ambientales menos estrictas para disminuir sus costos de operación.</p> ', '', '', NOW(), 1);
INSERT INTO url_alias (src, dst, language) VALUES ('node/95','doerunairemissions','en');
INSERT INTO url_alias (src, dst, language) VALUES ('node/1095','doerunairemissions','es');
INSERT INTO node
            (nid,            vid,            type,  language,title,             uid, status, created, changed, comment, promote, moderate, sticky, tnid, translate) VALUES
            (97,     97,     'book','en',    'Accounting',1,   1,      NOW(),   NOW(), 0,0,0,0,97,0),
            (1097,1097,'book','es',    '',1,   1,      NOW(),   NOW(), 0,0,0,0,97,0);
INSERT INTO book (mlid, nid, bid) VALUES (10164,97,1),(10165,1097,1001);
INSERT INTO node_revisions
              (nid,       vid,       uid, title,              body,             teaser,          log, timestamp,format) VALUES
              (97,97,1,   'Accounting', '<p>{DOC Expense_Report_Form.xls Expense Report Form} </p> <p>{DOC Project_Budget_Template.xlt Project Budget Template} </p> <p>{DOC Bank_Transfer.doc Bank Transfer Form - English} </p> <p>{DOC Bank_Transfer-SP.doc Bank Transfer Form - Spanish} </p> <p>{DOC Time_Reporting_Form.xls Time Reporting Form}</p> ','', '', NOW(), 1),
              (1097,1097,1,'', '', '', '', NOW(), 1);
INSERT INTO url_alias (src, dst, language) VALUES ('node/97','internal_accounting','en');
INSERT INTO url_alias (src, dst, language) VALUES ('node/1097','internal_accounting','es');
INSERT INTO node
            (nid,            vid,            type,  language,title,             uid, status, created, changed, comment, promote, moderate, sticky, tnid, translate) VALUES
            (98,     98,     'page','en',    'Home',1,   1,      NOW(),   NOW(), 0,0,0,0,98,0),
            (1098,1098,'page','es',    '',1,   1,      NOW(),   NOW(), 0,0,0,0,98,0);
INSERT INTO book (mlid, nid, bid) VALUES (10166,98,1),(10167,1098,1001);
INSERT INTO node_revisions
              (nid,       vid,       uid, title,              body,             teaser,          log, timestamp,format) VALUES
              (98,98,1,   'Home', '<p>  <h3>Welcome to AIDA\'s Internal Website!</h3> <a href="/?q=internal_accounting">ACCOUNTING</a> </p> <p><a href="/?q=internal_board">STAFF, BOARD OF DIRECTORS AND COMMITTEE MEMBERS</a> </p> <p> </p> <p><a href="/?q=internal_contactinformation">CONTACT INFORMATION</a> </p> <p> </p> <p><a href="/?q=internal_financialreports">FINANCIAL REPORTS</a> </p> <p> </p> <p><a href="/?q=internal_forms">FORMS</a> </p> <p> </p> <p><a href="/?q=internal_fundraising">FUNDRAISING</a> </p> <p> </p> <p><a href="/?q=internal_minutes">MINUTES FROM AIDA MEETINGS</a> </p> <p> </p> <p><a href="/?q=internal_newmatterforms">NEW MATTER FORMS - APPROVED</a> </p> <p> </p> <p><a href="/?q=internal_policiesandprocedures">POLICIES AND PROCEDURES</a></p> ','', '', NOW(), 1),
              (1098,1098,1,'', '', '', '', NOW(), 1);
INSERT INTO url_alias (src, dst, language) VALUES ('node/98','internal_home','en');
INSERT INTO url_alias (src, dst, language) VALUES ('node/1098','internal_home','es');
INSERT INTO node
            (nid,            vid,            type,  language,title,             uid, status, created, changed, comment, promote, moderate, sticky, tnid, translate) VALUES
            (100,     100,     'book','en',    'Contact Information',1,   1,      NOW(),   NOW(), 0,0,0,0,100,0),
            (1100,1100,'book','es',    '',1,   1,      NOW(),   NOW(), 0,0,0,0,100,0);
INSERT INTO book (mlid, nid, bid) VALUES (10168,100,1),(10169,1100,1001);
INSERT INTO node_revisions
              (nid,       vid,       uid, title,              body,             teaser,          log, timestamp,format) VALUES
              (100,100,1,   'Contact Information', '<p>{DOC AIDA_Address_List.doc AIDA Address List} </p> <p>{DOC AIDA_Email_Aliases_for_web.doc AIDA Email List}</p> ','', '', NOW(), 1),
              (1100,1100,1,'', '', '', '', NOW(), 1);
INSERT INTO url_alias (src, dst, language) VALUES ('node/100','internal_contactinformation','en');
INSERT INTO url_alias (src, dst, language) VALUES ('node/1100','internal_contactinformation','es');
INSERT INTO node
            (nid,            vid,            type,  language,title,             uid, status, created, changed, comment, promote, moderate, sticky, tnid, translate) VALUES
            (101,     101,     'book','en',    'Forms',1,   1,      NOW(),   NOW(), 0,0,0,0,101,0),
            (1101,1101,'book','es',    'Formatos',1,   1,      NOW(),   NOW(), 0,0,0,0,101,0);
INSERT INTO book (mlid, nid, bid) VALUES (10170,101,1),(10171,1101,1001);
INSERT INTO node_revisions
              (nid,       vid,       uid, title,              body,             teaser,          log, timestamp,format) VALUES
              (101,101,1,   'Forms', '<p>{DOC AIDA_letterhead_English.doc AIDA letterhead - English} </p> <p>{DOC AIDA_letterhead_Spanish.doc AIDA letterhead - Spanish} </p> <p>{DOC FORMATO_PARA_NUEVOS_ACCIONES_DE_AIDA.doc New Matter Form} </p> <p>{DOC PowerPoint_Template.ppt PowerPoint Template}</p> ','', '', NOW(), 1),
              (1101,1101,1,'Formatos', '', '', '', NOW(), 1);
INSERT INTO url_alias (src, dst, language) VALUES ('node/101','internal_forms','en');
INSERT INTO url_alias (src, dst, language) VALUES ('node/1101','internal_forms','es');
INSERT INTO node
            (nid,            vid,            type,  language,title,             uid, status, created, changed, comment, promote, moderate, sticky, tnid, translate) VALUES
            (102,     102,     'book','en',    'Fundraising',1,   1,      NOW(),   NOW(), 0,0,0,0,102,0),
            (1102,1102,'book','es',    '',1,   1,      NOW(),   NOW(), 0,0,0,0,102,0);
INSERT INTO book (mlid, nid, bid) VALUES (10172,102,1),(10173,1102,1001);
INSERT INTO node_revisions
              (nid,       vid,       uid, title,              body,             teaser,          log, timestamp,format) VALUES
              (102,102,1,   'Fundraising', '<p>{DOC AIDA_LOI_TO_PACKARD_02-11-14.pdf Packard: Turtle Letter of Interest (Nov 2002)} </p> <p>{DOC CS_FUND.pdf CS Fund: Human Rights and Environment (February 2004)} </p> <p>{DOC OAK_FOUNDATION.pdf Oak Foundation: Fisheries (October 2003)} </p> <p>{DOC HOMELAND.pdf Homeland Foundation: Fisheries (February 2003)} </p> <p>{DOC MacArthur.pdf MacArthur: Northern Tropical Andes (March 2003)}</p> ','', '', NOW(), 1),
              (1102,1102,1,'', '', '', '', NOW(), 1);
INSERT INTO url_alias (src, dst, language) VALUES ('node/102','internal_fundraising','en');
INSERT INTO url_alias (src, dst, language) VALUES ('node/1102','internal_fundraising','es');
INSERT INTO node
            (nid,            vid,            type,  language,title,             uid, status, created, changed, comment, promote, moderate, sticky, tnid, translate) VALUES
            (103,     103,     'book','en',    'Minutes',1,   1,      NOW(),   NOW(), 0,0,0,0,103,0),
            (1103,1103,'book','es',    '',1,   1,      NOW(),   NOW(), 0,0,0,0,103,0);
INSERT INTO book (mlid, nid, bid) VALUES (10174,103,1),(10175,1103,1001);
INSERT INTO node_revisions
              (nid,       vid,       uid, title,              body,             teaser,          log, timestamp,format) VALUES
              (103,103,1,   'Minutes', '<p>  <h3>AIDA Board Meetings<h/3> </p> <p> <ul></p> <p>{DOC minutes/ACTA_97-12_Colombia.pdf Colombia 1997} </p> <p>{DOC minutes/ACTA_98-03_Florida.pdf Florida 1998} </p> <p>{DOC minutes/ACTA_98-09_Costa_Rica.pdf Costa Rica 1998} </p> <p>{DOC minutes/ACTA_99-04_California.pdf California 1999} </p> <p>{DOC minutes/ACTA_99-10_Mexico.pdf Mexico 1999} </p> <p>{DOC minutes/ACTA_00-05_Chile.pdf Chile 2000} </p> <p>{DOC minutes/Costa_Rica_Minutes.pdf Costa Rica 2000} </p> <p>{DOC minutes/ACTA_01-03_Peru.pdf Peru 2001} </p> <p>{DOC minutes/ACTA_01-09_Mexico.pdf Mexico 2001} </p> <p>{DOC minutes/AIDA_Miami_Minutes.pdf Florida 2002} </p> <p>{DOC minutes/ACTA_03-11_Panama.pdf Panama 2003} </p> <p>{DOC MINUTA_CANCUN.pdf Cancun 2004} </p> <p></ul>  <h3>Notes from AIDA Meetings<h/3> </p> <p> <ul></p> <p>{DOC minutes/Reunion_Panama_2003.pdf Panama Reunion 2003} </p> <p></ul></p> ','', '', NOW(), 1),
              (1103,1103,1,'', '', '', '', NOW(), 1);
INSERT INTO url_alias (src, dst, language) VALUES ('node/103','internal_minutes','en');
INSERT INTO url_alias (src, dst, language) VALUES ('node/1103','internal_minutes','es');
INSERT INTO node
            (nid,            vid,            type,  language,title,             uid, status, created, changed, comment, promote, moderate, sticky, tnid, translate) VALUES
            (104,     104,     'book','en',    'New Matter Forms - Approved',1,   1,      NOW(),   NOW(), 0,0,0,0,104,0),
            (1104,1104,'book','es',    '',1,   1,      NOW(),   NOW(), 0,0,0,0,104,0);
INSERT INTO book (mlid, nid, bid) VALUES (10176,104,1),(10177,1104,1001);
INSERT INTO node_revisions
              (nid,       vid,       uid, title,              body,             teaser,          log, timestamp,format) VALUES
              (104,104,1,   'New Matter Forms - Approved', '<p>{DOC Caso_Alumysa_Aprobado_2002.pdf Caso Alumysa} </p> <p>{DOC NMFLAO1.pdf La Oroya 1} </p> <p>{DOC NMFLAO2.pdf La Oroya 2} </p> <p>{DOC NMF_PLAN_COLOMBIA_APPROVED_PANAMA_2003.doc Plan Colombia (NMF 2003)} </p> <p>{DOC NMF_DERECHOS_HUMANOS_Y_EL_MEDIO_AMBIENTE_APROBADO_PANAMA_2003.pdf Derechos Humanos y el Medio Ambiente Aprobado Panama 2003} </p> <p>{DOC NMF_Fisheries_2003.pdf Fisheries Project Description (Panama 2003)} </p> <p>{DOC IACCR.pdf Turtles: IACCR 1998}</p> ','', '', NOW(), 1),
              (1104,1104,1,'', '', '', '', NOW(), 1);
INSERT INTO url_alias (src, dst, language) VALUES ('node/104','internal_newmatterforms','en');
INSERT INTO url_alias (src, dst, language) VALUES ('node/1104','internal_newmatterforms','es');
INSERT INTO node
            (nid,            vid,            type,  language,title,             uid, status, created, changed, comment, promote, moderate, sticky, tnid, translate) VALUES
            (105,     105,     'book','en',    'Policies and Procedures',1,   1,      NOW(),   NOW(), 0,0,0,0,105,0),
            (1105,1105,'book','es',    '',1,   1,      NOW(),   NOW(), 0,0,0,0,105,0);
INSERT INTO book (mlid, nid, bid) VALUES (10178,105,1),(10179,1105,1001);
INSERT INTO node_revisions
              (nid,       vid,       uid, title,              body,             teaser,          log, timestamp,format) VALUES
              (105,105,1,   'Policies and Procedures', '<p>{DOC BYLAWS.doc Bylaws} </p> <p>{DOC Guias_para_las_Acciones_de_AIDA.pdf Case Selection Guidelines} </p> <p>{DOC POTOA.doc PO Commitments to AIDA} </p> <p>{DOC ATOPO.doc AIDA commitments to PO\'s} </p> <p>{DOC ASTRRES.doc Organizational Structure and Responsibilities} </p> <p>{DOC ANONDIS.doc Non-Discrimination Policy}</p> ','', '', NOW(), 1),
              (1105,1105,1,'', '', '', '', NOW(), 1);
INSERT INTO url_alias (src, dst, language) VALUES ('node/105','internal_policiesandprocedures','en');
INSERT INTO url_alias (src, dst, language) VALUES ('node/1105','internal_policiesandprocedures','es');
INSERT INTO node
            (nid,            vid,            type,  language,title,             uid, status, created, changed, comment, promote, moderate, sticky, tnid, translate) VALUES
            (106,     106,     'book','en',    'Financial Reports',1,   1,      NOW(),   NOW(), 0,0,0,0,106,0),
            (1106,1106,'book','es',    '',1,   1,      NOW(),   NOW(), 0,0,0,0,106,0);
INSERT INTO book (mlid, nid, bid) VALUES (10180,106,1),(10181,1106,1001);
INSERT INTO node_revisions
              (nid,       vid,       uid, title,              body,             teaser,          log, timestamp,format) VALUES
              (106,106,1,   'Financial Reports', '<p>Board Approved Fiscal Year Budget - 2003-2004</p> ','', '', NOW(), 1),
              (1106,1106,1,'', '', '', '', NOW(), 1);
INSERT INTO url_alias (src, dst, language) VALUES ('node/106','internal_financialreports','en');
INSERT INTO url_alias (src, dst, language) VALUES ('node/1106','internal_financialreports','es');
INSERT INTO node
            (nid,            vid,            type,  language,title,             uid, status, created, changed, comment, promote, moderate, sticky, tnid, translate) VALUES
            (107,     107,     'book','en',    'Environmental and Human Health Impacts',1,   1,      NOW(),   NOW(), 0,0,0,0,107,0),
            (1107,1107,'book','es',    'Daños ambientales y en la salud humana',1,   1,      NOW(),   NOW(), 0,0,0,0,107,0);
INSERT INTO book (mlid, nid, bid) VALUES (10182,107,1),(10183,1107,1001);
INSERT INTO node_revisions
              (nid,       vid,       uid, title,              body,             teaser,          log, timestamp,format) VALUES
              (107,107,1,   'Environmental and Human Health Impacts', '<p>The aerial herbicide spraying of illicit crops in Colombia is potentially harmful to humans and the environment, including amphibian species, national parks, indigenous territories, and the Colombia-Ecuador border region. <b>Foremost among environmental threats is the ongoing displacement of illicit crops to more remote areas</b> as a result of the spraying program. This <b>displacement increases deforestation, opens wilderness areas to unplanned settlement, and spreads toxic contamination</b> from coca cultivation and drug production into remote and previously pristine areas. <b>The displacement also spreads the armed and social conflict</b> associated with drug production to new areas, affecting human health and well-being. The spraying further <b>impacts human health as food crops are destroyed, livestock are harmed, and vital water bodies are contaminated</b>. Numerous communities have also reported health impacts ranging from skin rashes, sore eyes, nausea, and diarrhea to more serious health harms, as a result of contact with the spray mixture. </p> <p><b><font color="#003366">AIDA\'s <i>Memorandum to New Members of the U.S. Congress</i> (January 2007) provides a general overview of potential health and environmental impacts from the aerial eradication program in Colombia.</font> {DOC AIDA_MEMO_FOR_NEW_CONGRESS_MEMBERS_Jan_2007.pdf}</b> </p> <p> <br></p> <p><table width="100%" border="0" cellspacing="0" cellpadding="0"><tr><td bgcolor="#003366"><font color="#FFFFFF">&nbsp;<b>REFERENCE DOCUMENTS</b></font></td></tr></table> <br></p> <p><a href="#emp"><b>Ministry of Environment Resolutions regarding the Environmental Management Plan (EMP) for the Spraying Program</b></a> </p> <p><a href="#usgov"><b>U.S. Government Reports</b></a> </p> <p><a href="#colgov"><b>Colombian Government Reports</b></a> </p> <p><a href="#repoas"><b>Reports by the Organization of American States and the UN Office on Drugs and Crime</b></a> </p> <p><a href="#crit"><b>Critiques and Reports by Civil Society Groups and Individuals</b></a> </p> <p><b><a href="/?q=plancolombia_legalviolations">Legal Analyses and Court Decisions</a></b> </p> <p><a href="#natpark"><b>Aerial Spraying in National Parks</b></a> </p> <p><a href="#sprayec"><b>Aerial Spraying Impacts in Ecuador</b></a> </p> <p><a href="#science"><b>Relevant Scientific Research</b></a> </p> <p><a name="emp" /> </p> <p> <br></p> <p><b>Ministry of Environment Resolutions regarding the Environmental Management Plan (EMP) for the Spraying Program</b> </p> <p> <ol> <li>{DOC AmendedEMP2003.pdf Amended EMP for the Spraying Program, September, 2003 (Spanish)} <li>{DOC Resolution_1054.pdf Resolution 1054, amending the EMP, September, 2003 (Spanish)} <li>{DOC Resolution_670.pdf Resolution 670, fining the authorities for violations of the EMP, June, 2003 (Spanish)} <li>{DOC Resolution_99.pdf Resolution 99, authorizing application of increased concentration of the mixture, January, 2003 (Spanish)} <li>{DOC Resolution_108.pdf Resolution 108, ordering compliance with the EMP, January, 2002 (Spanish)} </p> <p></ol> </p> <p><a name="usgov" /> </p> <p><b>U.S. Government Reports</b> </p> <p> <ol> <li><a href="/?q=plancolombia_reportingrequirements">US Department of State Report to Congress on Additional Reporting Requirements & CICAD Interim Report</a> <li><a href="http://www.state.gov/p/inl/rls/rpt/aeicc">Department of State Reports on Aerial Eradication in Colombia, 2002-2006.</a> <li><a href="http://www.state.gov/p/inl/rls/nrcrpt">International Narcotic Control Strategy Reports 1999-2006.</a> <li>{DOC CRS_Rep_for_Congress.pdf Drug Crop Eradication and Alternative Development in the Andes, Congressional Research Service, November, 2005} </p> <p></ol> </p> <p><a name="colgov" /> </p> <p><b>Colombian Government Reports</b> </p> <p> <ol> <li>Information from Colombian Public Defender’s Office <br /> <ul> <li>{DOC Resolution_28.pdf The Coffee Crisis and Possible Spraying in Caldas, May, 2003 (Spanish)} <li>{DOC Exec_Summary_Ombudsman.pdf Position on the Eradication of Illicit Crops, July 2002 - Summarized and translated by AIDA in collaboration with the Public Defender’s Office} <li>{DOC Resolution_26.pdf Human Rights and International Humanitarian Law - Putumayo, October, 2002 (Spanish)} <li>{DOC Resolution_4.pdf Impact of the Spraying on 11 Alternative Development Projects, February, 2001, (Spanish)}</ </p> <p></ul> <li>Colombian General Accounting Office Reports <br /> <ul> <li>{DOC 5th_Report.pdf Fifth Evaluation Report of Plan Colombia, December 2004 (Spanish)} <li>{DOC 4th_Report.pdf Fourth Evaluation Report of Plan Colombia, July 2003 (Spanish)} <li>{DOC 3rd_Report.pdf Third Evaluation Report of Plan Colombia, August 2002 (Spanish)} <li>Plan Colombia: The Environmental Dimension (Spanish) <li>{DOC EradicationIllicitCrops.pdf Eradication of Illicit Crops, Environmental Technical Bulletin, December, 2001}</ul> </p> <p></ol> </p> <p><a name="repoas" /> </p> <p><b>Reports by the Organization of American States and the UN Office on Drugs and Crime</b> </p> <p> <ol> <li><a href="/?q=plancolombia_reportingrequirements">CICAD Interim Report & US Department of State Report to Congress</a> <li>{DOC 2006UNODC_CocaSurvey.pdf UNODC 2006 Coca Survey} <li>{DOC SIMCI_Analysis_2001-2004.pdf Multitemporal Analysis of Coca Crops within the National Park System 2001-04, November, 2005 (Spanish)} <li>{DOC CICAD_Final.pdf CICAD Final Report: Environmental and Human Health Assessment of the Aerial Spraying Program in Colombia, March 31, 2005} <li>{DOC SIMCI_Analysis_2003-2004.pdf Multitemporal Analysis of Coca Crops 2003-2004 (Spanish)} <li>{DOC SIMCI_Analysis_2002-2003.pdf Multitemporal Analysis of Coca Crops 2002-2003 (Spanish)} <li>{DOC 2003UNODC_CocaSurvey.pdf UNODC 2003 Coca Survey} </p> <p></ol> </p> <p><a name="crit" /> </p> <p><b>Critiques and Reports by Civil Society Groups and Individuals</b> </p> <p> <ol> <li>{DOC INTERIM_REPORT_CRITIQUE_dec2006.pdf Analysis and Critique of the U.S. Department of State Report to Congress regarding risk to Amphibians and Threatened Species} <li>{DOC AIDA_CICAD_Critique.pdf Critical Omissions in the CICAD Environmental and Health Assessment, AIDA, July, 2005} <li><a href="http://www.idea.unal.edu.co/public/docs/Observ_IDEA_a_doc_CICAD.pdf">Critique of CICAD Report by scientists at the National University of Colombia, May, 2005 (Spanish)</a> <li>{DOC GoingtoExtremes.pdf Going to Extremes: The U.S.-Funded Aerial Eradication Program in Colombia, LAWG, March 2004} <li>{DOC AIDA_EJ_commentsDOS2003CERT.pdf Analysis of the 2003 DoS Certification To Congress, Earthjustice and AIDA, February, 2004} <li>Changes in Environmental Laws in Colombia to Allow for Implementation of the Aerial Eradication Program, AIDA, September 2003 (Spanish) <li>{DOC Witness_for_Peace2003.pdf Plan Colombia’s first two years: An evaluation of human rights in Putumayo, Witness for Peace, April, 2003.} <li>{DOC 2002_Comments_on_DoS.pdf Critique of the DoS certification to Congress regarding aerial coca eradication in Colombia, AIDA, September, 2002} <li>{DOC Findings_Indep_Reviews.pdf Findings from Independent Reviews of the State Department Report on Aerial Spraying in Colombia Regarding Compliance with Requirements in the FY2002 Foreign Appropriations Act, September 2002} <li>{DOC Fum_Dangers2001.pdf Fumigation Dangers, Editorial by President of World Wildlife Fund - WWF, Chicago Tribune, July, 2001} </p> <p></ol> </p> <p><b><a href="/?q=plancolombia_legalviolations">Legal Analyses and Court Decisions</a></b> </p> <p><a name="natpark" /> </p> <p><b>Aerial Spraying in National Parks</b> </p> <p> <ol> <li>Colombian National Narcotics Council <br /> <ul> <li>{DOC CNE_Res_15_2005.pdf Resolution 15 authorizing spraying of national parks under certain conditions, August, 2005 (Spanish)} <li>{DOC CNE_Res_13_2003.pdf Resolution 13 authorizing aerial spraying of glyphosate in National parks, June 2003 (Spanish)} <li>{DOC AIDA_Court_Challenge_Res_13.pdf AIDA Court Challenge to Resolution 13, (Spanish)} </p> <p></ul> <li>{DOC SIMCI_Analysis_2001-2004.pdf Multitemporal Analysis of Coca Crops within the National Park System 2001-04, November, 2005 (Spanish)} </p> <p></ol> </p> <p><a name="sprayec" /> </p> <p><b>Aerial Spraying Impacts in Ecuador</b> </p> <p> <ol> <li>{DOC Enviro_Impacts_EcuadorAIDAECOLEX.pdf Environmental Impacts of Sprayings in Ecuador, AIDA and Ecolex, November 2005 (Spanish)} <li>{DOC Admin_Tribunal_Decision3-04.pdf Ecuadorian court decision about damages from spraying in the border region, March, 2004 (Spanish)} <li>{DOC CODHES_2003_Rep.pdf Plan Colombia: Counter effects and Humanitarian Crisis. Aerial Spraying and Displacement on the Ecuadorian Border,” CODHES, October 2003 (Spanish)} </p> <p></ol> </p> <p><a name="science" /> </p> <p><b>Relevant Scientific Research</b> </p> <p> <ol> <li>{DOC 2005_Relyea.pdf The Lethal Impact of Roundup® on Aquatic and Terrestrial Amphibians, Relyea, (2005)} <li>{DOC Relyea_et_al.pdf Pesticides and Amphibians: The Importance of Community Context, Relyea, (2005)} <li>{DOC Illicit_Crops_Biodiversity.pdf Illicit crops and armed conflict as constraints on biodiversity conservation in the Andes Region, Fjeldsa (2005).} <li>{DOC Defoliatio_and_drug_war_Putumayo2006.pdf Defoliation and drug war in Putumayo 2006, Messina} </p> <p></ol></p> ','', '', NOW(), 1),
              (1107,1107,1,'Daños ambientales y en la salud humana', '<p>La fumigación aérea de cultivos ilícitos en Colombia es potencialmente dañina para los seres humanos y el ambiente, incluyendo anfibios, parques nacionales, territorios indígenas, y la región fronteriza entre Colombia y Ecuador. Dentro de las amenazas ambientales principales causadas por el programa de fumigación está <b>el traslado de áreas de cultivo ilícito a sectores remotos</b>. Este <b>traslado incrementa la deforestación, propicia asentamientos no planificados, en las nuevas áreas desérticas, y acrecienta la contaminación tóxica</b> del cultivo de coca y la producción de drogas en áreas remotas previamente vírgenes. <b>También replica conflictos armados y sociales</b> (asociados con la producción de drogas) en nuevas regiones, afectando la salud y bienestar humanos. <b>Adicionalmente, la fumigación impacta la salud humana al destruir las cosechas de alimentos, el ganado y al contaminar cuerpos de agua.</b> Muchas comunidades también han reportado impactos en la salud que van desde brotes en la piel, irritación de ojos, náuseas y diarrea hasta daños severos de salud, como resultado del contacto con la mezcla de fumigación. </p> <p><b><font color="#003366">El <i>memorandum</i> de AIDA para los Nuevos Miembros del Congreso de los EE.UU (Enero 2007) proporciona una visión general sobre los impactos potenciales sobre la salud humana y el ambiente causados por el programa de erradicación aérea en Colombia.</font> {DOC AIDA_MEMO_NUEVOS_MIEMBROS_CONGRES_07-01_ESP.pdf}</b> </p> <p> <br></p> <p><table width="100%" border="0" cellspacing="0" cellpadding="0"><tr><td bgcolor="#003366"><font color="#FFFFFF">&nbsp;<b>DOCUMENTOS DE CONSULTA</b></font></td></tr></table> <br></p> <p><a href="#res"><b>Resoluciones del Ministerio del Ambiente sobre el Plan de Manejo Ambiental(PMA) para el Programa de Fumigaciones</b></a> </p> <p><a href="#informes"><b>Informes del Gobierno de los Estados Unidos</b></a> </p> <p><a href="#gobcol"><b>Informes del Gobierno Colombiano</b></a> </p> <p><a href="#droga"><b>Informes de la Organización de Estados Americanos y la Oficina de las Naciones Unidas contra la Droga y el Delito, ONUDD</b></a> </p> <p><a href="#grupos"><b>Críticas e Informes de grupos de la Sociedad Civil e Individuos</b></a> </p> <p><b><a href="/?q=plancolombia_legalviolations">Análisis Legales y Decisiones de las Cortes</a></b> </p> <p><a href="#pn"><b>Fumigación Aérea en Parques Nacionales</b></a> </p> <p><a href="#ec"><b>Fumigaciones Aéreas en Ecuador</b></a> </p> <p><a href="#cient"><b>Investigación Científica Relevante</b></a> </p> <p><a name="res" /> </p> <p><b>Resoluciones del Ministerio del Ambiente sobre el Plan de Manejo Ambiental(PMA) para el Programa de Fumigaciones</b> </p> <p> <ol> <li>{DOC AmendedEMP2003.pdf Plan de Manejo Ambiental para el Programa de Fumigaciones, Modificado en Septiembre 2003} <li>{DOC Resolution_1054.pdf Resolución 1054, modificación del PMA, Septiembre 2003} <li>{DOC Resolution_670.pdf Resolución 670 que multa a las autoridades por violaciones al PMA, Junio, 2003} <li>{DOC Resolution_99.pdf Resolución 99 que autoriza el aumento de la concentración de la mezcla de herbicida, Enero 2003} <li>{DOC Resolution_108.pdf Resolución 108: Ordena el cumplimiento del PMA, Enero 2002} </p> <p></ol> </p> <p><a name="informes" /> </p> <p><b>Informes del Gobierno de los Estados Unidos</b> </p> <p> <ol> <li><a href="/?q=plancolombia_reportingrequirements">Informe del Departamento de Estado de los Estados Unidos sobre Requisitos Adicionales para Realizar Informes & Informes Provisionales de la CICAD</a> <li><a href="http://www.state.gov/p/inl/rls/rpt/aeicc">Informe del Departamento de Estado sobre la Fumigación Aérea en Colombia, 2002-2006.</a> <li><a href="http://www.state.gov/p/inl/rls/nrcrpt">Informes sobre la Estrategia Internacional para el Control de Narcóticos 1999-2006.</a> <li>{DOC CRS_Rep_for_Congress.pdf Drug Crop Eradication and Alternative Development in the Andes, Congressional Research Service, November, 2005} </p> <p></ol> </p> <p><a name="gobcol" /> </p> <p><b>Informes del Gobierno Colombiano</b> </p> <p> <ol> <li>Información de la Oficina de la Defensoría del Pueblo <br /> <ul> <li>{DOC Resolution_28.pdf La Crisis Cafetera y Posibles Fumigaciones en el Departamento de Caldas, 21 de Mayo de 2003} <li>{DOC Exec_Summary_Ombudsman.pdf Posición sobre la Erradicación de Cultivos Ilícitos, Julio 2002 – Resumido y traducido por AIDA en colaboración con la Defensoría del Pueblo} <li>{DOC Resolution_26.pdf Derechos Humanos y Derecho Internacional Humanitario, Putumayo, Octubre 2002} <li>{DOC Resolution_4.pdf Impacto de las Fumigaciones en 11 Proyectos de Desarrollo Alternativo, Febrero, 2001}</ </p> <p></ul> <li>Informes de la Controlaría General Colombiana <br /> <ul> <li>{DOC 5th_Report.pdf Plan Colombia: Quinto Informe de Evaluación, Diciembre 2004} <li>{DOC 4th_Report.pdf Plan Colombia: Cuarto Informe de Evaluación, Julio 2003} <li>{DOC 3rd_Report.pdf Plan Colombia: Tercer Informe de Evaluación, Agosto 2002} <li>Plan Colombia: Dimensión Ambiental <li>{DOC EradicationIllicitCrops.pdf Erradicación de Cultivos Ilícitos, Boletín Técnico Ambiental, Diciembre , 2001}</ul> </p> <p></ol> </p> <p><a name="droga" /> </p> <p><b>Informes de la Organización de Estados Americanos y la Oficina de las Naciones Unidas contra la Droga y el Delito, ONUDD</b> </p> <p> <ol> <li><a href="/?q=plancolombia_reportingrequirements">Informes Provisionales de la CICAD & Informes del Departamento de Estado de los Estados Unidos al Congreso de este país <li>{DOC 2006UNODC_CocaSurvey.pdf Encuesta de la ONUDD sobre la Coca, 2006</a> <li>{DOC SIMCI_Analysis_2001-2004.pdf Análisis Multitemporal sobre los Cultivos de Coca dentro del Sistema de Parques Nacionales 2001-04, Noviembre 2005} <li>{DOC CICAD_Final.pdf Evaluación del Impacto Ambiental y sobre la Salud Humana a causa del Programa de Fumigación Aérea en Colombia, Marzo 2005} <li>{DOC SIMCI_Analysis_2003-2004.pdf Análisis Multitemporal de los Cultivos de Coca 2003-2004} <li>{DOC SIMCI_Analysis_2002-2003.pdf Análisis Multitemporal de los Cultivos de Coca 2002-2003} <li>{DOC 2003UNODC_CocaSurvey.pdf Encuesta de la ONUDD sobre la Coca} </p> <p></ol> </p> <p><a name="grupos" /> </p> <p><b>Críticas e Informes de grupos de la Sociedad Civil e Individuos</b> </p> <p> <ol> <li>{DOC AIDA_CRITICA_CICAD.pdf Omisiones Graves del Informe de CICAD de Evaluación Ambiental y sobre la Salud Humana, AIDA, Julio 2005} <li><a href="http://www.idea.unal.edu.co/public/docs/Observ_IDEA_a_doc_CICAD.pdf">Críticas hechas por los científicos de la Universidad Nacional de Colombia al Informe de la CICAD, Mayo 2005</a> <li><a href="http://www.lawg.org/docs/Going2ExtremesFinal.pdf">Yendo a los extremos: El Programa de Erradicación Aérea en Colombia financiado por los EE.UU., LAWG, Marzo 2004</a> <li>{DOC AIDA_EJ_commentsDOS2003CERT.pdf Análisis de la Certificación del Departamento de Estado 2003 al Congreso de EEU.U., Earthjustice y AIDA, Febrero 2004} <li>Cambios en las Leyes Ambientales en Colombia para permitir la Implementación del Programa de Erradicación Aérea, AIDA, Septiembre, 2003 <li>{DOC Witness_for_Peace2003.pdf Primeros dos años del Plan Colombia: Una evaluación de los derechos humanos en Putumayo, Asamblea Permanente por la Paz, Abril, 2003.} <li>{DOC 2002_Comments_on_DoS.pdf Crítica de la Certificación del Departamento de Estado al Congreso relacionada con la erradicación aérea de coca en Colombia, AIDA, Septiembre 2002} <li>{DOC Findings_Indep_Reviews.pdf Resultados encontrados por revisiones independientes del Informe del Departamento de Estado relacionados con las Fumigaciones Aéreas en Colombia y el Cumplimiento de Requisitos de la ley de apropiaciones sobre Apropiaciones Extranjeras del 2002, Septiembre 2002 (Inglés)} <li>{DOC Fum_Dangers2001.pdf Peligros de la Fumigación, Editorial escrito por el Presidente de la World Wildlife Fund - WWF, en el Chicago Tribune, Julio 2001} </p> <p></ol> </p> <p><b><a href="/?q=plancolombia_legalviolations">Análisis Legales y Decisiones de las Cortes</a></b> </p> <p><a name="pn" /> </p> <p><b>Fumigación Aérea en Parques Nacionales</b> </p> <p> <ol> <li>Consejo Nacional de Estupefacientes de Colombia <br /> <ul> <li>{DOC CNE_Res_15_2005.pdf Resolución 15 por la cual se concede autorización para la fumigación en Parques Nacionales bajo ciertas condiciones, Agosto 2005} <li>{DOC CNE_Res_13_2003.pdf Resolución 13 en la que se autoriza la fumigación aérea de glifosato en los Parques Nacionales, Junio 2003} <li>{DOC AIDA_Court_Challenge_Res_13.pdf Demanda de AIDA a la Resolución 13} </p> <p></ul> <li>{DOC SIMCI_Analysis_2001-2004.pdf Análisis Multitemporal de Cultivos de Coca en las Áreas del Sistema de Parques Nacionales Naturales 2001-04, Noviembre 2005} </p> <p></ol> </p> <p><a name="ec" /> </p> <p><b>Fumigaciones Aéreas en Ecuador</b> </p> <p> <ol> <li>{DOC Enviro_Impacts_EcuadorAIDAECOLEX.pdf Impactos Ambientales de las Fumigaciones en Ecuador, AIDA y Ecolex, Noviembre 2005} <li>{DOC Admin_Tribunal_Decision3-04.pdf Decisión del Tribunal Contencioso Administrativo ecuatoriano sobre los daños causados por la fumigación en la región fronteriza, Marzo 2004} <li>{DOC CODHES_2003_Rep.pdf “Plan Colombia: Contraproductos y Crisis Humanitaria, Fumigaciones y Desplazamientos en la Frontera con Ecuador”, CODHES, Octubre 2003} </p> <p></ol> </p> <p><a name="cient" /> </p> <p><b>Investigación Científica Relevante</b> </p> <p> <ol> <li>{DOC 2005_Relyea.pdf El Impacto Mortal de Roundup® en los Anfibios Acuáticos y Terrestres, Relyea, (2005)} <li>{DOC Relyea_et_al.pdf Plaguicidas y Anfibios: La Importancia del Contexto Comunitario, Relyea, (2005)} <li>{DOC Illicit_Crops_Biodiversity.pdf Cultivos Ilícitos y el Conflicto Armado Restringiendo la Conservación de la Biodiversidad en la Región Andina, Fjeldsa (2005).} <li>{DOC Defoliatio_and_drug_war_Putumayo2006.pdf Defoliación y Guerra contra las Drogas en Putumayo} </p> <p></ol> </p> <p> <ol> <li>{DOC 2002_Comments_on_DoS.pdf <b>Amenazas al Ambiente y a la Salud Humana por las Fumigaciones 2002</b>--} <li><b><a href="/?q=plancolombia_nospraying">Fumigaciones en Parques Nacionales de Colombia</a></b> <li>{DOC InformeFinal_CICAD.pdf <b>Informe Final CICAD</b>, 31 de marzo de 2005} <li>{DOC AIDA_CRITICA_CICAD.pdf <b>AIDA Critica a Estudio de CICAD</b>} <li>{DOC AIDA_MEMO_ON_EMP_CONDITIONS_in_Spanish_(dated_Jun_9__2003).pdf <b>Violaciones al Plan de Manejo Ambiental Colombiano</b>--} <li><a href="http://www.idea.unal.edu.co/public/docs/Observ_IDEA_a_doc_CICAD.pdf"><b>Lea la crítica de científicos Colombianos sobre el reporte</b></a> </p> <p></ol></p> ', '', '', NOW(), 1);
INSERT INTO url_alias (src, dst, language) VALUES ('node/107','plancolombia_enviroandhhdamages','en');
INSERT INTO url_alias (src, dst, language) VALUES ('node/1107','plancolombia_enviroandhhdamages','es');
INSERT INTO node
            (nid,            vid,            type,  language,title,             uid, status, created, changed, comment, promote, moderate, sticky, tnid, translate) VALUES
            (108,     108,     'book','en',    'Press Release Feb 2004',1,   1,      NOW(),   NOW(), 0,0,0,0,108,0),
            (1108,1108,'book','es',    'Publicación Feb 2004',1,   1,      NOW(),   NOW(), 0,0,0,0,108,0);
INSERT INTO book (mlid, nid, bid) VALUES (10184,108,1),(10185,1108,1001);
INSERT INTO node_revisions
              (nid,       vid,       uid, title,              body,             teaser,          log, timestamp,format) VALUES
              (108,108,1,   'Press Release Feb 2004', '<p>  <h4>Costs Mount as Congressional Goals Go Unmet</h4> Washington, DC, and Oakland, CA, February 26—The Washington-based Latin America Working Group (LAWG), the Inter-American Association for Environmental Defense (AIDA), and Earthjustice released analyses of the Andean Counterdrug Initiative and the recent State Department certification to Congress regarding the aerial drug eradication program in Colombia. The US Department of State usually releases its annual report on Andean cultivation of coca and poppy plants, the base materials for cocaine and heroin respectively, in early March. </p> <p>View the Press Release {DOC LAWG-AIDA-EJ_PRP174jU.pdf Full Text--} </p> <p>View Report from {DOC AIDA_on_DOS_2003_certification.pdf}</p> ','', '', NOW(), 1),
              (1108,1108,1,'Publicación Feb 2004', '<p>  <h4>Costos aumentan mientras que las condiciones del Congreso continúan incumpliéndose</h4> Washington, DC, y Oakland, CA, Febrero 26—El día de hoy el Latin American Working Group (LAWG), la Asociación Interamericana para la Defensa del Ambiente (AIDA) y Earthjustice publicaron análisis acerca de la Iniciativa Regional Andina y de la reciente certificación del Departamento de Estado al Congreso estadounidense acerca del programa de erradicación aérea de cultivos ilícitos en Colombia. A comienzos de marzo de cada año, el Departamento de Estado de ese país publica el informe anual de los cultivos andinos de coca y amapola, materia prima para la producción de cocaína y heroína respectivamente. </p> <p>Ver comunicado de prensa {DOC LAWG-AIDA-EJ-PR-SP.pdf Texto completo--} </p> <p>Ver Informe {DOC COMENTARIOS_CERTIFICACION_2003.pdf}</p> ', '', '', NOW(), 1);
INSERT INTO url_alias (src, dst, language) VALUES ('node/108','press_releasefeb2004','en');
INSERT INTO url_alias (src, dst, language) VALUES ('node/1108','press_releasefeb2004','es');
INSERT INTO node
            (nid,            vid,            type,  language,title,             uid, status, created, changed, comment, promote, moderate, sticky, tnid, translate) VALUES
            (109,     109,     'page','en',    'PAMA 2004 - 2011',1,   1,      NOW(),   NOW(), 0,0,0,0,109,0),
            (1109,1109,'page','es',    'PAMA 2004 - 2011',1,   1,      NOW(),   NOW(), 0,0,0,0,109,0);
INSERT INTO book (mlid, nid, bid) VALUES (10186,109,1),(10187,1109,1001);
INSERT INTO node_revisions
              (nid,       vid,       uid, title,              body,             teaser,          log, timestamp,format) VALUES
              (109,109,1,   'PAMA 2004 - 2011', '<p>{DOC 0.1PAMA.pdf Fundamentos Para La Modificación Del Pama Del Complejo Metalurgico de La Oroya--} </p> <p>{DOC 0.2PAMA.pdf Indice--} </p> <p>Chapter 1 {DOC 1PAMA.pdf Resumen Ejecutivo--} </p> <p>Chapter 2 {DOC 2PAMA.pdf Antecedentes--} </p> <p>Chapter 3 {DOC 3PAMA.pdf Compromiso PAMA Actual--} </p> <p>Chapter 4 {DOC 4PAMA.pdf PAMA Para el Complejo Metalurgico de La Oroya Periodo 2004-2011--} </p> <p>Chapter 5 {DOC 5PAMA.pdf Proyectos Incluidos en el PAMA para el Complejo Metalurgico de La Oroya Periodo 2004-2011--} </p> <p> <ul></p> <p>Section 5.6 {DOC 5.6PAMA.pdf Planta de Acido Sulfurico y Sistema de Acondicionamiento de Gases--} </p> <p>Section 5.7 {DOC 5.7PAMA.pdf Reduccion de Emision de Polvo por Chimenea Principal--} </p> <p>Section 5.8 {DOC 5.8PAMA.pdf Reduccion de Emision de Polvo Generado por Emisiones Fugitivas--} </p> <p>Section 5.9 {DOC 5.9PAMA.pdf Proyectos Amientales Complementarios--} </p> <p></ul> </p> <p>6 {DOC 6PAMA.pdf Anexos Indice--} </p> <p> <ul></p> <p>6.1 {DOC 6.1PAMA.pdf Anexos I: Cronograma de Inversiones 2004-2011--} </p> <p>6.2 {DOC 6.2PAMA.pdf Anexos II: Diagramas de Gantt de los proyectos considerados en el plan ambiental 2004-2011--} </p> <p>6.3 {DOC 6.3PAMA.pdf Anexos III: Air Lead Quality Improvement Expectations--} </p> <p>6.4 {DOC 6.4PAMA.pdf Anexos IV: Relative Contributions of La Oroya Main Stack--} </p> <p>6.5 {DOC 6.5PAMA.pdf Anexos V: Analysis of La Oroya Monitoring Data--} </p> <p>6.6 {DOC 6.6PAMA.pdf Anexos VI: Comparison of Human Health Risks Associated with Lead, Arsenic, Cadmium, and SO2 in La Oroya Antigua--} </p> <p></ul></p> ','', '', NOW(), 1),
              (1109,1109,1,'PAMA 2004 - 2011', '<p>{DOC 0.1PAMA.pdf Fundamentos Para La Modificación Del Pama Del Complejo Metalurgico de La Oroya--} </p> <p>{DOC 0.2PAMA.pdf Indice--} </p> <p>1. {DOC 1PAMA.pdf Resumen Ejecutivo--} </p> <p>2. {DOC 2PAMA.pdf Antecedentes--} </p> <p>3. {DOC 3PAMA.pdf Compromiso PAMA Actual--} </p> <p>4. {DOC 4PAMA.pdf Para el Complejo Metalurgico de La Oroya Periodo 2004-2011--} </p> <p>5. {DOC 5PAMA.pdf Proyectos Incluidos en el PAMA para el Complejo Metalurgico do La Oroya Periodo 2004-2011--} </p> <p> <ul></p> <p>5.6 {DOC 5.6PAMA.pdf Planta de Acido Sulfurico y Sistema de Acondicionamiento de Gases--} </p> <p>5.7 {DOC 5.7PAMA.pdf Reduccion de Emision de Polvo por Chimenea--} </p> <p>5.8 {DOC 5.8PAMA.pdf Reduccion de Emision de Polvo Generado por Emisiones Fugitivas--} </p> <p>5.9 {DOC 5.9PAMA.pdf Proyectos Amientales Complementarios--} </p> <p></ul> </p> <p>6. {DOC 6PAMA.pdf Anexos Indice--} </p> <p> <ul></p> <p>6.1 {DOC 6.1PAMA.pdf Anexo I: Cronograma de Inversiones 2004-2011--} </p> <p>6.2 {DOC 6.2PAMA.pdf Anexo II: Diagramas de Gantt de los proyectos considerados en el plan ambiental 2004-2011--} </p> <p>6.3 {DOC 6.3PAMA.pdf Anexo III: Expectativas para mejorar la calidad del aire con respeto al Plomo--} </p> <p>6.4 {DOC 6.4PAMAS.pdf Anexo IV: Contribuciones comparadas de emisiones de las chimeneas y fugitivas de La Oroya--} </p> <p>6.5 {DOC 6.5PAMA.pdf Anexo V: Análisis de los datos de monitoreo para La Oroya--} </p> <p>6.6 {DOC 6.6PAMA.pdf Anexo VI: Comparación de los riesgos a la salud humana asociados con Plomo, Arsénico, Cadmio, y Dióxido de Azufre en La Oroya Antigua--} </p> <p></ul></p> ', '', '', NOW(), 1);
INSERT INTO url_alias (src, dst, language) VALUES ('node/109','pama2004','en');
INSERT INTO url_alias (src, dst, language) VALUES ('node/1109','pama2004','es');
INSERT INTO node
            (nid,            vid,            type,  language,title,             uid, status, created, changed, comment, promote, moderate, sticky, tnid, translate) VALUES
            (110,     110,     'book','en',    'Court suspension of Sprayings',1,   1,      NOW(),   NOW(), 0,0,0,0,110,0),
            (1110,1110,'book','es',    'Tribunal suspende Fumigaciones',1,   1,      NOW(),   NOW(), 0,0,0,0,110,0);
INSERT INTO book (mlid, nid, bid) VALUES (10188,110,1),(10189,1110,1001);
INSERT INTO node_revisions
              (nid,       vid,       uid, title,              body,             teaser,          log, timestamp,format) VALUES
              (110,110,1,   'Court suspension of Sprayings', '<p>{DOC ACCION_POPULAR.pdf AIDA press release on \'accion popular\' June 26, 2003--}</p> ','', '', NOW(), 1),
              (1110,1110,1,'Tribunal suspende Fumigaciones', '<p>{DOC ACCION_POPULAR-SP.pdf Tribunal suspende Fumigaciones--}</p> ', '', '', NOW(), 1);
INSERT INTO url_alias (src, dst, language) VALUES ('node/110','plancolombia_accion_popular','en');
INSERT INTO url_alias (src, dst, language) VALUES ('node/1110','plancolombia_accion_popular','es');
INSERT INTO node
            (nid,            vid,            type,  language,title,             uid, status, created, changed, comment, promote, moderate, sticky, tnid, translate) VALUES
            (111,     111,     'book','en',    'Letter to State Council',1,   1,      NOW(),   NOW(), 0,0,0,0,111,0),
            (1111,1111,'book','es',    'Carta al Consejo de Estado',1,   1,      NOW(),   NOW(), 0,0,0,0,111,0);
INSERT INTO book (mlid, nid, bid) VALUES (10190,111,1),(10191,1111,1001);
INSERT INTO node_revisions
              (nid,       vid,       uid, title,              body,             teaser,          log, timestamp,format) VALUES
              (111,111,1,   'Letter to State Council', '<p>{DOC LETTER03-09.pdf Letter to State Council June 17, 2003--}</p> ','', '', NOW(), 1),
              (1111,1111,1,'Carta al Consejo de Estado', '<p>{DOC LETTER03-09.pdf Carta al Consejo de Estado--}</p> ', '', '', NOW(), 1);
INSERT INTO url_alias (src, dst, language) VALUES ('node/111','plancolombia_letter03','en');
INSERT INTO url_alias (src, dst, language) VALUES ('node/1111','plancolombia_letter03','es');
INSERT INTO node
            (nid,            vid,            type,  language,title,             uid, status, created, changed, comment, promote, moderate, sticky, tnid, translate) VALUES
            (112,     112,     'book','en',    'AIDA Critique of the PAMA Modification Request',1,   1,      NOW(),   NOW(), 0,0,0,0,112,0),
            (1112,1112,'book','es',    'El análisis de AIDA de la propuesta Modificatoria presentado por Doe Run',1,   1,      NOW(),   NOW(), 0,0,0,0,112,0);
INSERT INTO book (mlid, nid, bid) VALUES (10192,112,1),(10193,1112,1001);
INSERT INTO node_revisions
              (nid,       vid,       uid, title,              body,             teaser,          log, timestamp,format) VALUES
              (112,112,1,   'AIDA Critique of the PAMA Modification Request', '<p>Doe Run Peru has requested that the Peruvian government approve a modified environmental management plan for the smelter. Under this plan, Doe Run would focus in the short term on treating fugitive emissions, while postponing until 2011 the treatment of heavy metal and sulfur dioxide emissions from the main smoke-stack. </p> <p>Working with US experts, AIDA has reviewed the technical basis for DRP\'s modification request. We consider that no long-term modification should be approved unless sound scientific arguments demonstrate that the proposed changes would have significant beneficial impact on public health and contamination levels in La Oroya. In our view, DRP has not yet provided valid technical arguments to fully support the proposed modifications. The Peruvian government is evaluating the proposal and will likely decide by mid-2006 whether or not to accept Doe Run\'s plans. </p> <p>AIDA continues to engage the government of Peru, civil-society organizations, and the company to identify concrete actions that can protect human health in La Oroya in the short term. Every year of delay puts thousands of new-born children at risk of harm from the smelter. The problem can only be solved if Doe Run faces its responsibility to the population of La Oroya, and complies with its contractual obligations with Peru, by investing the funds necessary to drastically reduce contamination levels. </p> <p>{DOC ComentariosAIDA.pdf February 2006 - AIDA’s comments on the PAMA Modification Proposal (<b>Spanish Text</b>)} </p> <p>{DOC Comments_2004_PAMA_Modification.pdf 2004 - AIDA\'s critique of the "Technical Justification" for Doe Run\'s modification proposal} </p> <p><a href="/?q=pama2004">Read Doe Run\'s proposed PAMA modification</a></p> ','', '', NOW(), 1),
              (1112,1112,1,'El análisis de AIDA de la propuesta Modificatoria presentado por Doe Run', '<p>Doe Run Perú solicitó que el Gobierno Peruano apruebe un Plan de Manejo Ambiental modificado para la fundición. Bajo este plan, Doe Run se enfocaría en el corto plazo en tratar las emisiones fugitivas, mientras aplaza hasta el 2011 el tratamiento de metales pesados y emisiones de dióxido de azufre de la chimenea principal. </p> <p>Trabajando con expertos de EEUU, AIDA ha revisado la base técnica para el pedido de la modificación de DRP. Con base en estos estudios, consideramos que no se debe aprobar ninguna modificación a largo plazo, a menos que los argumentos científicos demuestren que los cambios propuestos tendrían un impacto beneficioso significativo en la salud pública y en los niveles de la contaminación en La Oroya. Desde nuestro punto de vista, DRP aún no ha presentado argumentos técnicos válidos que soporten plenamente las modificaciones propuestas. El Gobierno Peruano está evaluando la propuesta y decidirá si acepta o no los planes de Doe Run hacia mediados de 2006.</p> <p>AIDA continúa comprometida con el gobierno de Perú, las organizaciones de la sociedad civil, y la compañía para identificar las acciones concretas que pueden proteger la salud humana en La Oroya en el corto plazo. Cada uno de los años de demora arriesgan las vidas de millares de niños recién nacidos por la fundición. El problema sólo se puede resolver si Doe Run afronta su responsabilidad frente a la población de La Oroya, y cumple con sus obligaciones contractuales con Perú, invirtiendo los fondos necesarios para reducir drásticamente los niveles de la contaminación. </p> <p>{DOC ComentariosAIDA.pdf Febrero 2006 – Comentarios de AIDA sobre la Propuesta de Modificación del PAMA}</p> <p>{DOC COMENTARIOS.pdf 2004 - Lea la crítica de AIDA de la "Justificación Técnica" para la modificación de la propuesta de Doe Run.} </p> <p>{PAGE pama2004 Lea la modificación de PAMA propuesta por Doe Run Perú.}</p> ', '', '', NOW(), 1);
INSERT INTO url_alias (src, dst, language) VALUES ('node/112','aidacritique','en');
INSERT INTO url_alias (src, dst, language) VALUES ('node/1112','aidacritique','es');
INSERT INTO node
            (nid,            vid,            type,  language,title,             uid, status, created, changed, comment, promote, moderate, sticky, tnid, translate) VALUES
            (113,     113,     'page','en',    'Ravaging the oceans',1,   1,      NOW(),   NOW(), 0,0,0,0,113,0),
            (1113,1113,'page','es',    'Arrasando con los océanos',1,   1,      NOW(),   NOW(), 0,0,0,0,113,0);
INSERT INTO book (mlid, nid, bid) VALUES (10194,113,1),(10195,1113,1001);
INSERT INTO node_revisions
              (nid,       vid,       uid, title,              body,             teaser,          log, timestamp,format) VALUES
              (113,113,1,   'Ravaging the oceans', '<p>Oceans cover more than 70% of the Earth’s surface and serve a myriad of essential ecological functions, including buffering coastlines from weather and erosion, filtering pollutants, storing and cycling nutrients, and regulating the planet’s climate and water balance. The seas also safeguard rich marine biodiversity that sustains the cycle of life on Earth. </p> <p>Worldwide, more than six billion people obtain on average 15% of their protein from seafood. As demand increases, every year we take more than 900 million tons of marine wildlife from the sea, much of which is discarded as <a href="/?q=turtles.bycatch">bycatch</a>. <a href="/?q=fisheries_law">National and international law</a> govern the use of fisheries resources, but have failed to safeguard marine species against <a href="/?q=fisheries_economicandecological">over-fishing</a>. A lack of adequate enforcement mechanisms further weakens legal protection. As a result, marine populations are rapidly dwindling, with wide-ranging <a href="/?q=fisheries_economicandecological">economic and ecological effects</a>. </p> <p>Via AIDA, participating organizations in the Americas collaborate to develop and improve regulatory mechanisms for marine management. Lawyers working on our fisheries project are building expertise in marine and coastal policy, raising awareness of fisheries environmental issues, and forming a core group of Latin American environmental professionals experienced with marine environmental protection. Through this project, AIDA will assist and motivate national governments in designing and reforming ocean conservation policies. The effort includes ensuring that important information about oceans and fisheries management is available in Spanish, and identifying legal priorities for enactment and reform in various Latin American nations. </p> <p><CENTER><a href="/?q=donate">Donate to AIDA</a></CENTER></p> ','', '', NOW(), 1),
              (1113,1113,1,'Arrasando con los océanos', '<p>Los océanos cubren más del 70% de la superficie del planeta, y cumplen varias funciones ecológicas esenciales, incluyendo la protección de las costas de eventos meteorológicos y la erosión, así como la filtración de contaminantes. Los océanos también almacenan y recirculan nutrientes, y son responsables por la regulación del clima y del equilibrio del ciclo hidrológico del planeta. Adicionalmente salvaguardan la rica biodiversidad marina que sostiene el ciclo de la vida en la Tierra. </p> <p>Más de 6 mil millones de personas en el mundo obtienen un promedio de 15% de su proteína de comida proveniente del mar. Mientras la demanda aumenta, hoy en día se extraen más de 900 millones de toneladas de vida marina al año, la mayoría de la cual es desechada como <a href="/?q=turtles.bycatch">pesca incidental</a>. A pesar que existen normas de <a href="/?q=fisheries_law">derecho nacional e internacional</a> que regulan el acceso a, y el uso de los recursos marinos, éstas no han protegido las especies marinas contra la <a href="/?q=fisheries_economicandecological">pesca excesiva</a>. La falta de mecanismos adecuados para la ejecución de las normas ha debilitado la protección de la ley aún más. En consecuencia, las poblaciones marinas están disminuyendo rápidamente, con los <a href="/?q=fisheries_economicandecological">graves efectos económicos y ecológicos</a> que esto implica. </p> <p>A través de AIDA, varias organizaciones participantes en el hemisferio están colaborando para desarrollar y mejorar los mecanismos de regulación de gestión pesquera. Los y las abogados que trabajan en nuestro proyecto de pesquería están acumulando experiencia en política pesquera y costera, aumentando la sensibilidad en asuntos pesqueros ambientales, y creando una red de apoyo de profesionales latinoamericanos con experiencia en estos asuntos. Trabajando con ellos, AIDA apoyará y motivará a los gobiernos nacionales en el diseño y reforma de las políticas de conservación marina. Nuestro esfuerzo incluye el asegurar que la información importante sobre la gestión de los océanos y pesquerías esté disponible en español. </p> <p><CENTER><a href="/?q=donate">Apoye a AIDA</a></CENTER></p> ', '', '', NOW(), 1);
INSERT INTO url_alias (src, dst, language) VALUES ('node/113','fisheries_home','en');
INSERT INTO url_alias (src, dst, language) VALUES ('node/1113','fisheries_home','es');
INSERT INTO node
            (nid,            vid,            type,  language,title,             uid, status, created, changed, comment, promote, moderate, sticky, tnid, translate) VALUES
            (117,     117,     'book','en',    'Atlantic Cod',1,   1,      NOW(),   NOW(), 0,0,0,0,117,0),
            (1117,1117,'book','es',    'La Situación del Bacalao en el Atlántico',1,   1,      NOW(),   NOW(), 0,0,0,0,117,0);
INSERT INTO book (mlid, nid, bid) VALUES (10196,117,1),(10197,1117,1001);
INSERT INTO node_revisions
              (nid,       vid,       uid, title,              body,             teaser,          log, timestamp,format) VALUES
              (117,117,1,   'Atlantic Cod', '<p>In the North-Atlantic region off the coast of Canada and the northeastern United States, the world’s most abundant cod fishing grounds once dependably yielded a catch of 250,000 tons per year. But in 1992 and 1994 respectively, the Canadian and US governments were forced to declare emergency closures of their national cod fisheries. Cod levels had been brought to the lowest numbers ever and were in a state of collapse. How did it happen? </p> <p>Factory trawlers from Europe, as well as Russia, Asia and Cuba, had been putting intense pressure on US and Canadian cod fishery populations since the 1950’s, and by the late 60’s, cod catches had peaked at 800,000 tons. In 1976, the national Exclusive Economic Zones were extended to 200 nautical miles. Though these zones were off limits to foreign vessels, Canadian and US fleets soon replaced them. </p> <p>By the late 1980’s, it was clear that drastic measures would be necessary to rescue the cod fishery from a collapse. However, both governments balked under pressure from the industry and politicians representing fishing communities. Finally, two years apart, the closures were declared. In Canada, 40,000 people lost their jobs, and a $500 million a year industry was drawn to an abrupt halt. Communities up and down the coast that had been fishing for hundreds of years, and that depended upon fishing, were devastated. The resulting social welfare costs, and hence costs to taxpayers, are estimated to be in the billions.</p> ','', '', NOW(), 1),
              (1117,1117,1,'La Situación del Bacalao en el Atlántico', '<p>En el Atlántico Norte frente a las costas de Canadá y al noreste de Estados Unidos, las áreas de pesca de bacalao eran las más abundantes del mundo, al punto que históricamente se producían capturas de 250,000 toneladas al año. Sin embargo, en 1992 y 1994 respectivamente, los gobiernos de Canadá y de Estados Unidos se vieron forzados a declarar el cierre de las pesquerías nacionales de bacalao porque los niveles de captura habían descendido más que nunca y era evidente que habían colapsado. ¿Cómo sucedió esto? </p> <p>Los barcos pesqueros de arrastre de Europa, así como otros provenientes de Rusia, Asia y Cuba, habían ejercido mucha presión sobre las poblaciones de bacalao desde 1950, al punto que a finales de los años sesenta las capturas de bacalao habían llegado hasta las 800,000 toneladas. En 1976, la Zona Económica Exclusiva (ZEE) se extendió a 200 millas náuticas para uso particular de cada país. Aunque las flotas extranjeras ya no podían pescar dentro de la ZEE, las flotas nacionales (canadienses y estadounidenses) crecieron hasta reemplazarlas, por lo cual la presión sobre el recurso continuó. </p> <p>A finales de 1980, estaba claro que eran necesarias medidas drásticas para rescatar las pesquerías de bacalao de un colapso. No obstante, ambos gobiernos se resistieron ante la presión de la industria y de los políticos que representaban a las comunidades pesqueras. Finalmente, en los años 1992 y 1994 se declararon los cierres. En Canadá, 40,000 personas perdieron sus trabajos, y una industria que producía $500 millones por año sufrió un abrupto alto. Las comunidades costeras que habían pescado por cientos de años, y que dependían de esta pesquería fueron devastadas. Los costos resultantes en términos de bienestar social, y consecuentemente, para los contribuyentes de impuestos han sido estimados en billones de dólares.</p> ', '', '', NOW(), 1);
INSERT INTO url_alias (src, dst, language) VALUES ('node/117','fisheries_atlanticcod','en');
INSERT INTO url_alias (src, dst, language) VALUES ('node/1117','fisheries_atlanticcod','es');
INSERT INTO node
            (nid,            vid,            type,  language,title,             uid, status, created, changed, comment, promote, moderate, sticky, tnid, translate) VALUES
            (114,     114,     'book','en',    'AIDA Finances',1,   1,      NOW(),   NOW(), 0,0,0,0,114,0),
            (1114,1114,'book','es',    'Finanzas de AIDA',1,   1,      NOW(),   NOW(), 0,0,0,0,114,0);
INSERT INTO book (mlid, nid, bid) VALUES (10198,114,1),(10199,1114,1001);
INSERT INTO node_revisions
              (nid,       vid,       uid, title,              body,             teaser,          log, timestamp,format) VALUES
              (114,114,1,   'AIDA Finances', '<p>AIDA is a not-for-profit organization, raising just as many funds as needed to run our programs. We are not a business and do not aim to make money. Rather, we seek to serve the public interest by fighting for environmental protection and justice in the Western Hemisphere. </p> <p>Not-for-profit organizations are largely supported by individual contributors like you! The remainder is provided by charitable foundations dedicated to helping people and the environment. AIDA receives no contributions from corporations or other profit-seeking businesses. </p> <p>Find out how you can help save precious lives and natural resources by visiting our <a href="/?q=donate">Donate</a> page. </p> <p><a href="http://www.guidestar.org/controller/searchResults.gs?action_gsReport=1&npoId=691046">See AIDA\'s US tax forms</a> </p> <p>{DOC Audit_Report.pdf View AIDA\'s 2006-2007 Financial Statement}</p> ','', '', NOW(), 1),
              (1114,1114,1,'Finanzas de AIDA', '<p>En AIDA somos una organización no gubernamental sin fines de lucro, que recauda justo los fondos suficientes para poder implementar nuestros programas. No somos un negocio, ni buscamos ganar dinero para nuestro propio beneficio. Al contrario, buscamos proteger el interés público, luchando para la protección ambiental y justicia en las Américas. </p> <p>En gran parte, las organizaciones sin fines de lucro reciben su apoyo de donantes individuales como usted! El resto proviene de las Fundaciones que tienen por objetivo ayudar a las personas y proteger el medio ambiente. AIDA no recibe ningún apoyo de corporaciones, empresas o de otros negocios privados. </p> <p>Entérese de como puede ayudar protegiendo la vida y los recursos naturales, <a href="/?q=donate">apoyándonos</a>. </p> <p> </p> <p><a href="http://www.guidestar.org/controller/searchResults.gs?action_gsReport=1&npoId=691046">Declaración de Impuestos de AIDA en EEUU</a>. </p> <p>{DOC Audit_Report.pdf Vea el Informe Financiero de AIDA 2006-2007}</p> ', '', '', NOW(), 1);
INSERT INTO url_alias (src, dst, language) VALUES ('node/114','aidafinances','en');
INSERT INTO url_alias (src, dst, language) VALUES ('node/1114','aidafinances','es');
INSERT INTO node
            (nid,            vid,            type,  language,title,             uid, status, created, changed, comment, promote, moderate, sticky, tnid, translate) VALUES
            (115,     115,     'book','en',    'Welcome',1,   1,      NOW(),   NOW(), 0,0,0,0,115,0),
            (1115,1115,'book','es',    'Bienvenido',1,   1,      NOW(),   NOW(), 0,0,0,0,115,0);
INSERT INTO book (mlid, nid, bid) VALUES (10200,115,1),(10201,1115,1001);
INSERT INTO node_revisions
              (nid,       vid,       uid, title,              body,             teaser,          log, timestamp,format) VALUES
              (115,115,1,   'Welcome', '<p>This is the private area of AIDA, used for members to post private documents. </p> <p>Everyone shares a password to this site. Please keep the password secret.</p> ','', '', NOW(), 1),
              (1115,1115,1,'Bienvenido', '<p>Este sitio es para AIDA.</p> ', '', '', NOW(), 1);
INSERT INTO url_alias (src, dst, language) VALUES ('node/115','welcome_page','en');
INSERT INTO url_alias (src, dst, language) VALUES ('node/1115','welcome_page','es');
INSERT INTO node
            (nid,            vid,            type,  language,title,             uid, status, created, changed, comment, promote, moderate, sticky, tnid, translate) VALUES
            (116,     116,     'book','en',    'Unmet goals in 2003',1,   1,      NOW(),   NOW(), 0,0,0,0,116,0),
            (1116,1116,'book','es',    'Condiciones incumplidas de 2003',1,   1,      NOW(),   NOW(), 0,0,0,0,116,0);
INSERT INTO book (mlid, nid, bid) VALUES (10202,116,1),(10203,1116,1001);
INSERT INTO node_revisions
              (nid,       vid,       uid, title,              body,             teaser,          log, timestamp,format) VALUES
              (116,116,1,   'Unmet goals in 2003', '','', '', NOW(), 1),
              (1116,1116,1,'Condiciones incumplidas de 2003', '', '', '', NOW(), 1);
INSERT INTO url_alias (src, dst, language) VALUES ('node/116','plancolombia_unmetgoals2003','en');
INSERT INTO url_alias (src, dst, language) VALUES ('node/1116','plancolombia_unmetgoals2003','es');
INSERT INTO node
            (nid,            vid,            type,  language,title,             uid, status, created, changed, comment, promote, moderate, sticky, tnid, translate) VALUES
            (118,     118,     'book','en',    'The Chilean Sea Bass',1,   1,      NOW(),   NOW(), 0,0,0,0,118,0),
            (1118,1118,'book','es',    'Bacalao de Profundidad',1,   1,      NOW(),   NOW(), 0,0,0,0,118,0);
INSERT INTO book (mlid, nid, bid) VALUES (10204,118,1),(10205,1118,1001);
INSERT INTO node_revisions
              (nid,       vid,       uid, title,              body,             teaser,          log, timestamp,format) VALUES
              (118,118,1,   'The Chilean Sea Bass', '<p>The Patagonian Toothfish (<em>Dissostichus eleginoides</em>) is also commonly known as Chilean Sea Bass, and in Chile as “bacalao de profundidad” or “merluza negra”. In recent years, it has become an exceedingly popular fish, with consumer demand making it one of the highest priced fish per pound on the market. Chile is the world’s largest producer of toothfish products, worth $90 million per year. Argentina exports $30-36 million per year. Both countries export most of their catch to the United States and Japan. </p> <p>The Patagonian Toothfish is a very long-lived and slowly developing species. It can live for 50 years and does not breed until it is at least 10 years old. This late development means that immature fish, especially females, must avoid predators for several years and survive many fishing seasons before they can replenish their numbers. </p> <p>In the mid 1980’s, overfishing forced dozens of Spanish, South Korean and Japanese industrial <a href="/?q=fisheries_longliners">long liners</a> out of their national waters. The vessels moved to Chilean waters where they caught fish such as Austral Hake and Golden Kingclip. </p> <p>In response to the incursion of foreign fishing vessels in their waters, Chilean and Argentinean vessels began to exploit the previously unpopular Patagonian Toothfish in the late 1980s. Between 1986 and 1992, landings of the species by Chilean and Argentine fleets in their respective economic zones quadrupled. By the early 1990s, the fisheries began to collapse for species such as Austral Hake and Golden Kingclip that had attracted foreign fishing fleets to the area in the first place. These industrial fishing fleets then also began to target the Patagonian Toothfish. </p> <p>As an example of the devastating impact that <a href="/?q=fisheries_fishtech">large-scale fishing</a> can have on a species, in 1986 researchers estimated that the aggregate amount of Chilean Sea Bass living in an area of the Southern Ocean just east of South America, was well in excess of 60,000 metric tons. By 1999, after large-scale fishing by foreign fleets, scientists estimated that less than 25,000 metric tons remained in the area. Attempts at regulation have forced many vessels to relocate to the Indian and Pacific Oceans, where unregulated fishing continues. </p> <p>CCAMLR, the <a href="/?q=fisheries_law">Convention for the Conservation of Antarctic Marine Living Resources</a>, was intended to regulate fishing in arctic waters. Despite shortening the fishing season for the Patagonian Toothfish and mandating closed seasons in an attempt to reduce seabird mortality, the problems in the fishery continue. Widespread non-compliance with the convention has also been reported.</p> ','', '', NOW(), 1),
              (1118,1118,1,'Bacalao de Profundidad', '<p>El bacalao de profundidad (<em>Dissostichus eleginoides</em>) es conocido en Chile como “<em>mero chileno del Sur</em>” o “<em>merluza negra</em>.” Recientemente, este pez se ha vuelto extremadamente popular, con mucha demanda por parte de los consumidores, convirtiéndose en uno de los peces con los precios más altos en el mercado. Chile es el mayor productor de derivados de bacalao de profundidad, con el mayor volumen de capturas dentro de sus aguas nacionales; dichos derivados equivalen a $90 millones de dólares por año. Por su parte, Argentina exporta entre $30 y $36 millones de dólares de estos productos por año. Ambos países exportan la mayoría de sus capturas hacia los Estados Unidos y Japón. </p> <p>El bacalao de profundidad es una especie que goza de larga vida y tiene un lento desarrollo. Puede vivir hasta 50 años y no se reproduce hasta tener por lo menos 10 años de vida. Este tardío desarrollo implica que los peces inmaduros, especialmente las hembras, deben evadir a los depredadores durante varios años y sobrevivir muchas temporadas de pesca antes de reproducirse nuevamente. </p> <p> </p> <p>A mediados de los años 80, la sobrepesca forzó a docenas de <a href="/?q=fisheries_longliners">barcos palangreros</a> españoles, surcoreanos y japoneses a salir de sus aguas nacionales. Estos barcos se encaminaron hacia aguas chilenas donde capturaron peces como “<em>la merluza austral</em>” (<em>Merluccius Australis</em>) y “<em>el congrio dorado</em>” (<em>Genypterus blacodes</em>) </p> <p>En respuesta a la incursión de barcos de pesca extranjeros en sus aguas nacionales, los barcos chilenos y argentinos empezaron a explotar al anteriormente impopular bacalao de profundidad. Entre 1986 y 1992, las capturas de esta especie realizadas por embarcaciones chilenas y argentinas, en sus respectivas Zona Económica Exclusiva (ZEE), se cuadriplicaron. A principios de los años 90, las pesquerías de especies como la merluza austral y el congrio dorado que en el pasado habían atraído a los barcos extranjeros hacia el área comenzaron a colapsar. A raíz del colapso, estas flotas industriales también definieron como su objetivo al bacalao de profundidad. </p> <p>Como ejemplo del impacto que <a href="/?q=fisheries_fishtech">la pesca a gran escala</a> puede representar para una especie, en 1986 algunos investigadores estimaron que el total de vida marina en el fondo del mar chileno, un área del Océano Pacífico de América del Sur, era de más de 60,000 toneladas métricas. En 1999, luego de la pesca a gran escala realizada por las flotas extranjeras, los científicos estimaron que quedaban menos de 25,000 toneladas métricas en el área. Los esfuerzos nacionales para regular la pesca han provocado que muchas flotas se reubiquen en los Océanos Índico y Pacífico, donde la pesca no regulada aún continúa. </p> <p>La <a href="/?q=fisheries_law">Convención para la Conservación de los Recursos Vivos Marinos Antárticos</a> intenta regular la pesca en aguas antárticas. A pesar de la reducción de la temporada de pesca del bacalao de profundidad y la vigencia de un mandato de cierre de temporada de pesca, para disminuir la mortalidad de las aves marinas, todavía hay problemas en la pesquería. Entre otros, se reporta un incumplimiento generalizado de este Tratado.</p> ', '', '', NOW(), 1);
INSERT INTO url_alias (src, dst, language) VALUES ('node/118','fisheries_chileanseabass','en');
INSERT INTO url_alias (src, dst, language) VALUES ('node/1118','fisheries_chileanseabass','es');
INSERT INTO node
            (nid,            vid,            type,  language,title,             uid, status, created, changed, comment, promote, moderate, sticky, tnid, translate) VALUES
            (119,     119,     'page','en',    'Economic and Ecological Effects',1,   1,      NOW(),   NOW(), 0,0,0,0,119,0),
            (1119,1119,'page','es',    'Efectos Económicos y Ecológicos',1,   1,      NOW(),   NOW(), 0,0,0,0,119,0);
INSERT INTO book (mlid, nid, bid) VALUES (10206,119,1),(10207,1119,1001);
INSERT INTO node_revisions
              (nid,       vid,       uid, title,              body,             teaser,          log, timestamp,format) VALUES
              (119,119,1,   'Economic and Ecological Effects', '<p>Vast and incomprehensible as the night sky, the oceans seem endless. The life within, in all its complexity, is hidden below the surface and the effects of excessive use are not immediately evident. Consequently, the oceans suffer acutely from the “<a href="/?q=fisheries_tragedyofthecommons">tragedy of the commons</a>.” Without grasping the impact of millions of distinct actions, we have long taken far too much from the seas. </p> <p>All too often, governments ignore the warning signs of environmental imbalances and favor shortsighted economic considerations over long-term ecosystem health. Fearing the political repercussions of reduced profits and unemployment, decision makers hesitate to place limits on fishing. Such inaction has dire consequences. </p> <p>Fish populations decline when more is taken than is reproduced. Crews respond by taking smaller, younger specimens, the ability of the species to reproduce falters, and it may become commercially extinct. In response, boats head for new fishing grounds and target different species, and the cycle begins anew. Today, with the use of <a href="/?q=fisheries_fishtech">advanced fishing technologies</a>, the cycle runs its course more rapidly than ever. </p> <p>When one species suffers, so do all those that depend on its role within the ecosystem. Similarly, a fishery collapse harms not only captains and crewmembers, but also dock and processing plant workers, shop and restaurant owners, and those who rely on the fish for food. If the government provides financial assistance, taxpayers shoulder the final burden. Examples of fishery collapses such as the <a href="/?q=fisheries_chileanseabass">Chilean Sea Bass (aka The Patagonian Toothfish)</a>, the <a href="/?q=fisheries_nassau">Nassau grouper</a> and the <a href="/?q=fisheries_atlanticcod">Atlantic Cod</a> demonstrate that while responsible fisheries management may cost some jobs in the short term, inaction is far more damaging in the long-term.</p> ','', '', NOW(), 1),
              (1119,1119,1,'Efectos Económicos y Ecológicos', '<p>Vasto e incomprensible como el cielo en las noches, los océanos también parecen infinitos. La vida ahí dentro, en toda su complejidad, se esconde bajo la superficie por lo cual los efectos del uso excesivo no son inmediatamente evidentes. Por eso los océanos sufren gravemente de la “<a href="/?q=fisheries_tragedyofthecommons">tragedia de los comunes</a>”. Sin entender el impacto de millones de distintas acciones humanas, hemos por mucho tiempo atrapado demasiado de los océanos. </p> <p>Es muy común que los gobiernos ignoren las señales preventivas de desbalances ambientales y favorezcan las consideraciones económicas a corto plazo por encima de la salud de los ecosistemas a largo plazo. Temiendo las repercusiones políticas que implica la reducción de ganancias y el desempleo, los tomadores de decisiones dudan en establecer límites a la pesca. Tal pasividad tiene consecuencias graves. </p> <p>Las poblaciones de peces disminuyen cuando se toma más de lo que se reproduce. Al mismo tiempo, las embarcaciones pesqueras atrapan especimenes más jóvenes y de menor tamaño, afectando la habilidad de las especies para reproducirse, pudiendo extinguirse, incluso para fines comerciales. En respuesta, los botes se dirigen a nuevas tierras e inician la pesca de otras especies, y el ciclo comienza de nuevo. Hoy día, con el uso de <a href="/?q=fisheries_fishtech">tecnologías avanzadas de pesca</a> el ciclo se realiza mucho más rápido que antes. </p> <p>Cuando una especie sufre, todas las que dependen de su papel dentro del ecosistema también lo hacen. Similarmente, el colapso de una pesquería perjudica no solo a los capitanes y miembros de la tripulación, sino también a los trabajadores del muelle y de la planta procesadora, dueños de tiendas y restaurantes, y a todos los que dependen del pescado para alimentarse. Si el gobierno proveyera asistencia financiera, los contribuyentes de impuestos soportarían la carga final. Algunos ejemplos de pesquerías colapsadas como el bacalao de <a href="/?q=fisheries_chileanseabass">profundidad chileno</a>, el <a href="/?q=fisheries_nassau">mero rayado</a> y el <a href="/?q=fisheries_atlanticcod">bacalao del Atlántico</a>, demuestran que mientras el manejo responsable de las pesquerías puede significar algunos trabajos a corto plazo, la falta de acción es más dañina a largo plazo.</p> ', '', '', NOW(), 1);
INSERT INTO url_alias (src, dst, language) VALUES ('node/119','fisheries_economicandecological','en');
INSERT INTO url_alias (src, dst, language) VALUES ('node/1119','fisheries_economicandecological','es');
INSERT INTO node
            (nid,            vid,            type,  language,title,             uid, status, created, changed, comment, promote, moderate, sticky, tnid, translate) VALUES
            (120,     120,     'book','en',    'The Nassau Grouper',1,   1,      NOW(),   NOW(), 0,0,0,0,120,0),
            (1120,1120,'book','es',    'El Mero Rayado',1,   1,      NOW(),   NOW(), 0,0,0,0,120,0);
INSERT INTO book (mlid, nid, bid) VALUES (10208,120,1),(10209,1120,1001);
INSERT INTO node_revisions
              (nid,       vid,       uid, title,              body,             teaser,          log, timestamp,format) VALUES
              (120,120,1,   'The Nassau Grouper', '<p>The Nassau Grouper is an important food source and marketplace item across the Caribbean and West Indies. Recreational divers are attracted to its bright colors, curiosity and size – it is one of the largest fish found around coral reefs. Unlike Atlantic Cod or Chilean Sea Bass, groupers have not been decimated by large factory ships. Nevertheless, overfishing is endangering the species. </p> <p>Each year, groupers congregate in specific places to spawn. They follow the phases of the moon, with up to 100,000 groupers gathering in a particular location at the same mid-winter time every year. Because locals know when and where these “aggregations” occur, they can fish the groupers with spear guns and gill nets while the fish are concentrated in a small area. The work is easy, but the targeted fishing causes tremendous harm to grouper populations. </p> <p>Aggregations evolved to improve the grouper’s chances of reproduction. The fishing of aggregations destroys this advantage because fewer and smaller individuals remain to breed. Smaller females are less reproductively mature and release fewer eggs. Aggregation fishing thus kills today’s groupers and reduces the numbers of future generations. </p> <p>Scientists believe that a minimum number of fish is required to form an aggregation, and that aggregation sites are limited. While such gatherings once occurred throughout the Caribbean, one third have been lost to overfishing. With each site that disappears, the chance that grouper populations will recover decreases. Nassau Grouper numbers have dwindled by 80% since 1975. If fishing of spawning groupers continues, aggregations are expected to disappear by 2013. </p> <p>The Nassau Grouper is listed as threatened by the American Fisheries Society and endangered by the World Conservation Union (IUCN). In the United States, it is fully protected (catch and release only is permitted), and may be placed on the U.S. Endangered Species List. In other waters, they do not enjoy such protections.</p> ','', '', NOW(), 1),
              (1120,1120,1,'El Mero Rayado', '<p>El mero rayado es una fuente importante de alimento y un artículo de mercado en todo el mar Caribe. Los buzos se ven atraídos por sus colores brillantes, por lo raro que es y por su tamaño (es uno de los peces más grandes encontrados alrededor de los arrecifes coralinos). A diferencia del bacalao del Atlántico y de la merluza negra, el mero rayado no ha sido diezmado por los grandes barcos industriales. No obstante, la sobrepesca artesanal pone en peligro la especie. </p> <p>Cada año, los meros rayados se congregan en lugares específicos para reproducirse. Esta especie sigue las fases de la luna, y a mediados del invierno, suelen congregarse más de 100.000 meros a engendrar en un mismo lugar y al mismo tiempo. Los habitantes de estas regiones conocen los sitios y las épocas en que se congregan los meros, razón por la cual su pesca se facilita. Los pescadores artesanales utilizan arpones y redes agalleras para capturarlos cuando los meros están concentrados en un área pequeña. El trabajo es sencillo pero este tipo de pesca ocasiona un tremendo impacto en las poblaciones de meros rayados. </p> <p>El mecanismo de reproducción por medio de congregaciones es el resultado de un proceso de evolución que incrementa las posibilidades de reproducción de la especie. La pesca de las congregaciones afecta dichas posibilidades, debido a que menos individuos de menor tamaño pueden reproducirse. Las hembras más pequeñas son menos maduras para reproducirse y liberan menos huevos. Así, al pescar las congregaciones no solo se mata a los meros de hoy en día sino también se reduce su número futuro. </p> <p>Los científicos consideran que un número mínimo de peces es necesario para formar una congregación y que los lugares para congregarse con fines de reproducción son limitados. A pesar que esas reuniones en el pasado ocurrían en todo el Caribe, hoy en día un tercio de los sitios se ha perdido debido a la sobrepesca. Con cada sitio de congregación que desaparece, la posibilidad que las poblaciones de meros rayados se recupere disminuyen. El número de meros rayados ha disminuido en un 80% desde 1975. Si la pesca de los meros en el período de reproducción continúa, se espera que las congregaciones para reproducción desaparezcan para el año 2013. </p> <p>El Mero Rayado está en la lista de especies amenazadas de la Sociedad Americana de Pesquerías y en la lista de especies en peligro de la Unión Mundial para la Naturaleza (UICN). En los Estados Unidos está completamente protegido (sólo se permite capturarlo y liberarlo posteriormente), y puede que sea incluido en la Lista de Especies en Peligro de los Estados Unidos. En otras aguas, los meros no gozan de dichas protecciones.</p> ', '', '', NOW(), 1);
INSERT INTO url_alias (src, dst, language) VALUES ('node/120','fisheries_nassau','en');
INSERT INTO url_alias (src, dst, language) VALUES ('node/1120','fisheries_nassau','es');
INSERT INTO node
            (nid,            vid,            type,  language,title,             uid, status, created, changed, comment, promote, moderate, sticky, tnid, translate) VALUES
            (121,     121,     'book','en',    'The Tragedy of the Commons',1,   1,      NOW(),   NOW(), 0,0,0,0,121,0),
            (1121,1121,'book','es',    'La Tragedia de los Comunes',1,   1,      NOW(),   NOW(), 0,0,0,0,121,0);
INSERT INTO book (mlid, nid, bid) VALUES (10210,121,1),(10211,1121,1001);
INSERT INTO node_revisions
              (nid,       vid,       uid, title,              body,             teaser,          log, timestamp,format) VALUES
              (121,121,1,   'The Tragedy of the Commons', '<p>The concept of the “tragedy of the commons” was created by the mathematician William Foster, in 1833, and applied by the biologist Garret Hardin in 1968 to describe the seemingly inevitable fate of common resources that are not subject to strict regulation.</p> <p>The commons are any shared resource, from the village water well to global commons such as fishing grounds in international waters. The theory holds that rational individuals, seeking to maximize their gain, will each choose to increase their usage of the common resource. They make this choice because the cost of their use is shared amongst all users, and the individual’s gain will be greater than his or her share of the cost. The cost in terms of degradation is also small relative to the gain, and the individual thinks that the resource can absorb the loss. Because all rational individuals behave this way, the total effect is unsustainable.</p> <p>In the traditional example, imagine the “commons,” a communally owned pasture. Thinking that a slightly larger flock will not harm the commons, a shepherd decides to increase his or her flock by just one sheep. However, when every shepherd does the same, the commons is destroyed by overgrazing, and everyone suffers the loss.</p> <p>Two alternatives for preventing the destruction of the commons exist. The first is strict government regulation and oversight to control the actions of individuals seeking to maximize profits. Via such controls, governments can safeguard the public nature of resources and protect the interests of all citizens. A second alternative is resource privatization. Privatization creates the economic incentives for individuals to carefully manage resources, but bestows public goods and the economic benefit derived from these on only a small part of the population.</p> ','', '', NOW(), 1),
              (1121,1121,1,'La Tragedia de los Comunes', '<p>La paradoja de “la tragedia de los comunes” fue formulada por el matemático William Foster en 1833, y aplicada por el biólogo Garret Hardin en 1968 para describir el aparente e inevitable destino de los recursos comunes cuyo uso no se encuentra sometido a regulaciones estrictas. </p> <p>Los bienes comunes son recursos compartidos, que pueden ser desde el agua de un pueblo hasta bienes globales como las áreas de pesca en aguas internacionales. Esta teoría muestra cómo los individuos en busca de maximizar sus ganancias, aumentan el grado de uso de los recursos comunes. Se elige esta última opción porque el costo del uso individual se repartirá automáticamente entre todos los usuarios, y el beneficio particular será mayor que el costo individual. También, generalmente se piensa que el recurso puede absorber dicha pérdida. Debido a que todos los individuos se comportan de ésta manera el efecto total es insostenible.</p> <p>El ejemplo que usa la paradoja es un pastizal de uso común. Imagine como “recurso común” un pastizal comunal. Convencido (e incluso sin considerar) que un ligero aumento en el rebaño no dañará el campo, un pastor decide aumentar su rebaño con una oveja más. Sin embargo, cuando cada pastor hace lo mismo, el “recurso común” se destruye como consecuencia del sobrepastoreo, y todos los pastores sufren esta pérdida. </p> <p>Existen dos alternativas para prevenir la destrucción de los recursos comunes. </p> <p>La primera es el establecimiento de regulaciones gubernamentales estrictas que controlen las acciones de los usuarios que buscan maximizar sus ganancias. Por medio de estos controles los gobiernos pueden salvaguardar el carácter público de los recursos y proteger los intereses de todos los ciudadanos (incluidos los derechos de quienes no usan directamente los recursos). La segunda alternativa es la privatización de los recursos. Se considera que la privatización genera incentivos económicos para que los individuos manejen los recursos cuidadosamente; sin embargo, por medio de la privatización se conceden recursos públicos y sus consecuentes beneficios económicos únicamente a una pequeña parte de la población.</p> ', '', '', NOW(), 1);
INSERT INTO url_alias (src, dst, language) VALUES ('node/121','fisheries_tragedyofthecommons','en');
INSERT INTO url_alias (src, dst, language) VALUES ('node/1121','fisheries_tragedyofthecommons','es');
INSERT INTO node
            (nid,            vid,            type,  language,title,             uid, status, created, changed, comment, promote, moderate, sticky, tnid, translate) VALUES
            (122,     122,     'page','en',    'Modern Fishing Techniques',1,   1,      NOW(),   NOW(), 0,0,0,0,122,0),
            (1122,1122,'page','es',    'Técnicas Modernas de Pesca',1,   1,      NOW(),   NOW(), 0,0,0,0,122,0);
INSERT INTO book (mlid, nid, bid) VALUES (10212,122,1),(10213,1122,1001);
INSERT INTO node_revisions
              (nid,       vid,       uid, title,              body,             teaser,          log, timestamp,format) VALUES
              (122,122,1,   'Modern Fishing Techniques', '<p>The industrialization of fishing has drastically changed our relationship with the seas. Using modern equipment, fishing fleets take more from the sea than ever before. Some new fishing methods are grossly wasteful, killing vast numbers of non-target species and fish that are too small to sell. Two of these are the <a href="/?q=fisheries_trawlers">factory trawler</a> and the <a href="/?q=fisheries_longliners">longliner</a>. </p> <p><a href="/?q=fisheries_trawlers">Factory trawlers</a> and <a href="/?q=fisheries_longliners">longliners</a> are not only wasteful, but also expensive. The considerable capital investment and operating costs associated with these boats mean that high catch-rates are necessary to turn a profit. With the expansion of the fleets and increased competition for declining fish populations, such catch-rates cannot be sustained. The boats therefore face a choice between bankruptcy and turning to new waters where previously unexploited fish populations fall victim to the never-ending hunt. Unchecked, these enormous vessels destroy the oceans before our eyes.</p> ','', '', NOW(), 1),
              (1122,1122,1,'Técnicas Modernas de Pesca', '<p>La industrialización de la pesca ha cambiado drásticamente nuestra relación con los mares. Gracias al uso de equipo moderno, las flotas pesqueras toman del mar ahora más que nunca. Algunos de estos métodos nuevos de pesca malgastan dramáticamente los recursos, y desperdician gran cantidad de pesca acompañante, y de pesca objetivo que no alcanzan las tallas comerciales. Dos de éstas técnicas son el <a href="/?q=fisheries_trawlers">arrastre industrial</a> y el <a href="/?q=fisheries_longliners">palangre</a>. </p> <p>Ambas son técnicas que desperdician recursos y también muy costosas. El capital considerable de inversión y los altos costos de operación obligan a estos barcos a capturar inmensos volúmenes de pesca para tener ganancias. Con la expansión de las flotas pesqueras y el aumento de la competencia para atrapar peces, cada vez más escasos, el mantenimiento de estos niveles de captura es imposible a largo plazo. Por consiguiente, los barcos deben decidir entre la quiebra o dirigirse a nuevas aguas donde las poblaciones anteriormente inexplotadas caerán víctimas de una cacería interminable. Es claro que estos barcos destruyen los océanos ante nuestros ojos.</p> ', '', '', NOW(), 1);
INSERT INTO url_alias (src, dst, language) VALUES ('node/122','fisheries_fishtech','en');
INSERT INTO url_alias (src, dst, language) VALUES ('node/1122','fisheries_fishtech','es');
INSERT INTO node
            (nid,            vid,            type,  language,title,             uid, status, created, changed, comment, promote, moderate, sticky, tnid, translate) VALUES
            (123,     123,     'book','en',    'Factory Trawlers',1,   1,      NOW(),   NOW(), 0,0,0,0,123,0),
            (1123,1123,'book','es',    'Arrastre  industrial',1,   1,      NOW(),   NOW(), 0,0,0,0,123,0);
INSERT INTO book (mlid, nid, bid) VALUES (10214,123,1),(10215,1123,1001);
INSERT INTO node_revisions
              (nid,       vid,       uid, title,              body,             teaser,          log, timestamp,format) VALUES
              (123,123,1,   'Factory Trawlers', '<p>In the 1950’s, whaling was bringing the gentle giants of the ocean to the brink of extinction. Needing to diversify – and inspired by the ships that decimated whale populations – the whalers created the factory trawler. </p> <p>Historically, trawlers were smaller vessels that were tied to land by the need to unload fish and refuel. By contrast, modern factory trawlers modeled on whaling ships can be up to 100 meters long and have powerful diesel engines and large fuel tanks that permit long voyages without a need to refuel. Whereas whalers carried large animals, today’s massive trawlers accommodate not only the catch amassed during extended voyages, but also on-board processing facilities and freezers for keeping the product fresh. The catch can even be unloaded at sea and transported to market by other vessels. The ability to remain at sea for long periods and to travel great distances in search of fish provides a substantial advantage over smaller boats. </p> <p>From whalers, factory trawlers also borrowed a new design for hauling nets from the rear instead of over the side. This design improved towing power and gear handling. Modern nets are made of strong nylon and can be more than 2.5 miles long without breaking under the massive load. Where human hands once directed every aspect of fishing, the powerful diesel engines now drag the nets and haul catches of up to 400 tons. </p> <p>Factory trawlers use electronic guidance to fish with unrivaled efficiency and accuracy. Radar equipment allows the boats to operate at night and in fog, sonar technology locates the fish, and global positioning systems records the exact location of fruitful fishing grounds. Declassified military maps of the ocean floor reveal where these grounds are likely to be. With all this technology, factory trawlers can wipe out entire schools of fish, a practice which is particularly damaging if the fish are caught while spawning. </p> <p>Factory trawler nets scoop up practically everything in their wake. Because they fish indiscriminately, sometimes 50% or more of their catch is unwanted <a href="/?q=turtles.bycatch">bycatch</a>. This includes prohibited species and non-fish sea creatures such as squid, sea lions, seals and crab. A subset of factory trawlers – the bottom trawlers –cause more ocean habitat destruction than any other fishing method. These boats scrape and level the ocean floor, destroying physical features such as rock and coral, and crushing plants and animals alike. These nets are sometimes fitted with wheels and rollers that accentuate the damage already inflicted.</p> ','', '', NOW(), 1),
              (1123,1123,1,'Arrastre  industrial', '<p>En los años 50, los balleneros habían llevado a estos nobles gigantes de los océanos al borde de su extinción. Ante la necesidad de diversificar su pesca objetivo - e inspirados por las embarcaciones que diezmaron las poblaciones de la ballena - los balleneros crearon los barcos de arrastre industrial. </p> <p>Históricamente, los arrastreros eran embarcaciones pequeñas que frecuentemente debían reabastecerse y descargar su pesca. Por el contrario, los barcos de arrastre modernos siguiendo el modelo de los balleneros antiguos, pueden ser de más de 100 metros de largo. Además tienen grandes tanques de combustible los cuales posibilitan viajes largos sin necesidad de reabastecerse en puerto. Los balleneros llevaban grandes animales, mientras que los arrastreros de hoy en día no sólo acomodan la captura producida durante sus viajes, sino que también cuentan con las instalaciones necesarias para procesarla, congelarla y almacenarla. La captura incluso puede transferirse en el mar y ser transportada para comercialización por otras embarcaciones. La capacidad para permanecer en alta mar por períodos largos y viajar a través de grandes distancias en busca de peces les proporciona a los arrastreros industriales una ventaja sustancial por encima de barcos más pequeños. </p> <p>De los balleneros, las arrastreros industriales también copiaron un método para levantar sus capturas a bordo desde la proa en lugar de hacerlo desde los lados. Este método aumentó las posibilidades para remolcar la carga y manejar los aparejos de pesca. Las redes modernas están hechas de nylon fuerte, miden más de 4 km de largo y no se rompen aun cuando arrastren cargas pesadas. Entonces, donde antes las manos humanas efectuaban las tareas de pesca, ahora poderosos motores capturan y arrastran hasta 400 toneladas de peces. </p> <p>Los barcos arrastreros industriales usan guías electrónicas para dirigir sus actividades con una eficacia y exactitud sin competencia. El equipo de radar que usan, les permite operar por la noche y en la niebla, la tecnología de sonar localiza los peces, y los sistemas de posicionamiento globales les proporcionan información sobre la situación exacta de las zonas de pesca fructíferas. Los mapas militares desclasificados del océano revelan dónde es probable que se encuentren estas zonas. Con toda esta tecnología, los barcos de arrastre industrial pueden diezmar bancos enteros de peces, práctica que es particularmente dañina si son atrapados mientras están desovando. </p> <p>Las mallas de los barcos de arrastre industriales atrapan todo en su estela. Como estas embarcaciones pescan indiscriminadamente, a veces 50% o más de su captura es <a href="/?q=turtles.bycatch">pesca acompañante no deseada</a>. Esto incluye especies de captura prohibidas y otras criaturas marinas como calamares, leones marinos, focas y cangrejos. Un tipo de arrastreros – los arrastreros de fondo - causan más destrucción en los hábitat de los océanos que cualquier otro método de pesca. Estos barcos raspan y nivelan el suelo del océano, mientras destruyen elementos físicos como piedras y corales, y aplastan plantas y animales por igual. Los aparejos a veces incluyen ruedas y rodillos que agravan el daño infligido a las zonas de pesca.</p> ', '', '', NOW(), 1);
INSERT INTO url_alias (src, dst, language) VALUES ('node/123','fisheries_trawlers','en');
INSERT INTO url_alias (src, dst, language) VALUES ('node/1123','fisheries_trawlers','es');
INSERT INTO node
            (nid,            vid,            type,  language,title,             uid, status, created, changed, comment, promote, moderate, sticky, tnid, translate) VALUES
            (124,     124,     'book','en',    'Longliners',1,   1,      NOW(),   NOW(), 0,0,0,0,124,0),
            (1124,1124,'book','es',    'Palangre',1,   1,      NOW(),   NOW(), 0,0,0,0,124,0);
INSERT INTO book (mlid, nid, bid) VALUES (10216,124,1),(10217,1124,1001);
INSERT INTO node_revisions
              (nid,       vid,       uid, title,              body,             teaser,          log, timestamp,format) VALUES
              (124,124,1,   'Longliners', '<p>Longlining is an old fishing method, but technological advances allow longliners to fish greater quantities of fish more efficiently, with fewer crewmembers and in deeper waters than ever before. Longliners deploy a lengthy floating “mainline” that can be up to 130 km long and have up to 50,000 hooks. The lines are “set” and collected later in the day. Longliners can set multiple lines at once. </p> <p>Modern longliners benefit from highly automated equipment and new materials. Mainlines made of monofilament experience less resistance in the water than the older tarred versions, and are thus easier to haul in from deep water. This enables boats to use longer lines with more hooks. Hydraulic “setters” or “reels” deploy and haul in the lines. These reels are stronger, faster and more precise than manual operation. </p> <p>Modern longliners take advantage of the same radar, sonar, GPS and detailed maps that <a href="/?q=fisheries_trawlers">factory trawlers</a> use for precision fishing. They also use satellite imagery for ocean surface temperature readings and altimetry, and radio direction finders to track the free floating lines equipped with radio buoys. Other features that longliners share with factory trawlers are on-board processing and freezing, and the ability to remain at sea for long periods (up to three months). </p> <p>Finally, longliners use various light emitting devices, such as glowsticks and battery powered LED’s to attract fish. All of this enhances the ability to cover a large area, targeting fish not concentrated enough for other fishing methods. Each component- time of day, number of hooks, setting speed, vessel speed, floatline length, branchline length, mainline material, and bait type, can be manipulated for precision targeting. This efficiency has already decimated swordfish and <a href="/?q=fisheries_chileanseabass">Chilean Sea Bass</a> populations. </p> <p>Unfortunately, the baited hooks do a poor job selecting for the target species. The resulting bycatch is usually dead by the time the hooks are hauled on deck, making minimum catch sizes and species restrictions useless. One example of <a href="/?q=turtles.bycatch_longline">longline bycatch</a> is seabirds. Seabirds are attracted to the baited hooks on longlines, and are often caught in an attempt to grab the bait. When the line is let out, the birds are pulled underwater and drown. An estimated 300,000 birds die each year on longlines. Albatross populations are particularly threatened by longline fishing.</p> ','', '', NOW(), 1),
              (1124,1124,1,'Palangre', '<p>El palangre es un método de pesca viejo, pero los adelantos tecnológicos permiten que los actuales palangres pesquen como nunca antes mayores cantidades de peces, más eficazmente, con menos tripulación y en aguas más profundas. Los palangres despliegan una línea que queda flotando por más de 130 km y que puede tener mas de 50,000 anzuelos. También pueden desplegar varias líneas al mismo tiempo y recuperarlas el mismo día. </p> <p>Los palangres modernos se benefician de equipos muy automatizados y de nuevos materiales. Las líneas actuales son de monofilamento, material menos resistente en el agua que los anteriores, por lo cual son más fáciles de levantar desde aguas profundas. Esto permite que los barcos usen líneas más largas y con más anzuelos. Las líneas son desplegadas y arrastradas con la ayuda de motores hidráulicos, que son más fuertes, más rápidos y más precisos que la operación manual. </p> <p>Los palangres modernos se benefician del mismo radar, sonar, GPS y mapas detallados que los usados por barcos <a href="/?q=fisheries_trawlers">arrastreros industriales</a>. También usan imágenes satelitales para saber la temperatura superficial del océano y obtener lecturas de altimetría, y emplean radio buscadores para rastrear las líneas flotantes equipadas con radio. Otras características que los palangres comparten con los arrastreros industriales es la posibilidad de procesar a bordo las capturas y mantenerlas congeladas, así como la capacidad de permanecer en alta mar por períodos largos (más de tres meses). </p> <p>Finalmente, algunos palangres cuentan con dispositivos que emiten luz para atraer a los peces. Todo esto aumenta la capacidad de cubrir zonas grandes de pesca para atrapar peces que no se hubieran concentrado lo suficiente como para utilizar otros métodos de captura. Cada elemento – la duración, el número de anzuelos, la velocidad de despliegue, la velocidad del barco, la longitud de la línea flotante, la longitud del brazo, el material de la línea, y el tipo de carnada, puede ser manipulado para incrementar la precisión de las capturas. Esta eficacia ya ha diezmado las poblaciones del pez espada y del <a href="/?q=fisheries_chileanseabass">mero chileno</a>. </p> <p>Desgraciadamente, los anzuelos con carnadas de los palangres no sirven para seleccionar entre las especies capturadas. Los individuos no objetivo (pesca incidental como aves, tortugas, etc.) generalmente mueren antes que las líneas son recogidas, lo cual deja sin efecto las prohibiciones sobre especies pescadas y las tallas mínimas de las capturas. Un ejemplo de <a href="/?q=turtles.bycatch_longline">pesca incidental</a> son los albatros. Los anzuelos con carnadas de los palangres atraen a los albatros, que se enganchan a menudo en un intento por comerse la carnada. Cuando la línea es desplegada, los pájaros se enganchan y son arrastrados bajo el agua, ahogándose. Se estima que 300,000 aves marinas mueren cada año a causa de la utilización de los palangres. De hecho, las poblaciones del albatros están amenazadas particularmente por la pesca con palangre.</p> ', '', '', NOW(), 1);
INSERT INTO url_alias (src, dst, language) VALUES ('node/124','fisheries_longliners','en');
INSERT INTO url_alias (src, dst, language) VALUES ('node/1124','fisheries_longliners','es');
INSERT INTO node
            (nid,            vid,            type,  language,title,             uid, status, created, changed, comment, promote, moderate, sticky, tnid, translate) VALUES
            (125,     125,     'book','en',    'International Law',1,   1,      NOW(),   NOW(), 0,0,0,0,125,0),
            (1125,1125,'book','es',    'Derecho Internacional del Mar',1,   1,      NOW(),   NOW(), 0,0,0,0,125,0);
INSERT INTO book (mlid, nid, bid) VALUES (10218,125,1),(10219,1125,1001);
INSERT INTO node_revisions
              (nid,       vid,       uid, title,              body,             teaser,          log, timestamp,format) VALUES
              (125,125,1,   'International Law', '<p>Nations have created a multitude of treaties, conventions and agreements concerning marine issues. Each has a unique objective and approach. The following links connect to some of the most important treaties addressing fisheries issues in the Americas, and to other relevant information sources. </p> <p> </p> <p><a href="http://www.un.org/Depts/los/convention_agreements/convention_overview_convention.htm">The United Nations Convention on the Law of the Sea</a> (UNCLOS) was adopted in 1982 and established a number of important guidelines, including the Exclusive Economic Zones. </p> <p><a href="http://www.fao.org">The Food and Agriculture Organization of the United Nations</a> (FAO) aims to combat hunger and increase food security. The FAO assists with the development of sustainable fisheries policies and conducts fisheries monitoring. </p> <p> </p> <p><a href="http://www.iattc.org">The Inter-American Tropical Tuna Commission</a> (IATTC) managed regional yellowfin tuna fisheries from 1950 to 1979. Since then, the organization has mainly conducted research to facilitate management. The IATTC also helps operate the International Dolphin Conservation Program. </p> <p> </p> <p>The 1980 <a href="http://www.ccamlr.org">Convention for the Conservation of Antarctic Marine Living Resources</a> (CCAMLR) aims to maintain a viable ocean ecosystem. The Convention covers Antarctic marine living resources south of the Antarctic Convergence. </p> <p> </p> <p><a href="http://www.iccat.es">The International Commission for the Conservation of Atlantic Tuna</a> (ICCAT), counts the United States, Uruguay, Venezuela, Canada, Honduras and Panama as American members. The Commission is concerned with sustainable and maximized use of tuna and tuna-like species. </p> <p> </p> <p><a href="http://www.iwcoffice.org">The International Whaling Commission</a> (IWC) is the main body governing the whaling industry. The IWC endeavors to not only conserve, but also develop whale stocks. </p> <p> </p> <p><a href="http://www.nafo.ca">The Northwestern Atlantic Fisheries Organization</a> (NAFO) is a regional fisheries management organization that strives for sustainable and optimal use of fisheries resources. </p> <p> </p> <p><a href="http://www.cites.org">The Convention on International Trade of Endangered Species of Wild Flora and Fauna</a> (CITES) is an international agreement between 166 nations. CITES is designed to prevent the extinction of species by regulating trade in endangered species. </p> <p> </p> <p><a href="http://www.iphc.washington.edu">The International Council for the Exploration of the Sea</a> (ICES) was formed to preserve the Halibut fishery of the North Atlantic and the Bering Sea and maintain a maximum sustainable yield. Its members are the United States and Canada. </p> <p><a href="http://www.imo.org">The International Maritime Organization</a> (IMO) endeavors to improve safety and the environmental impact of the shipping industry. The IMO has 164 members. </p> <p> </p> <p><a href="http://www.ctmfm.gov.ar">The Bi-National Technical Commission for the Maritime Front</a> (<em>Comisión Técnica Mixta del Frente Marítimo</em>) (CTMFM), was formed by Argentina and Uruguay to conserve the environment and marine species, and to coordinate management of their Common Fishing Zone. </p> <p> </p> <p><a href="http://www.oldepesca.org">The Latin American Organization for the Development of Fisheries</a> (OLDEPESCA), aims to promote sustainable fisheries development and interamerican cooperation on fisheries issues, to increase the availability of marine food sources to regional low income populations and the consumption of marine products in general and the diversification and expansion of marine exports. </p> <p> </p> <p>Other useful links: </p> <p>Ocean Law presents an <a href="http://www.oceanlaw.net">Internet Guide to International Fisheries Law</a> and contains an abundance of useful links.</p> ','', '', NOW(), 1),
              (1125,1125,1,'Derecho Internacional del Mar', '<p>Existen muchos tratados, convenciones y acuerdos internacionales relacionados con aspectos marinos. Cada tratado tiene su propio objetivo y sistema de implementación. Los siguientes son vínculos a los tratados más importantes en materia de pesquerías en América y a otras fuentes relevantes de información al respecto. </p> <p><a href="http://www.un.org/Depts/los/convention_agreements/convention_overview_convention.htm">La Convención de las Naciones Unidas sobre el Derecho del Mar</a> (CONVEMAR en español y UNCLOS, por sus siglas en inglés) fue adoptada en 1982 y establece directrices fundamentales en materia marina y de pesquería, entre ellas los principios generales que regulan la Zona Económica Exclusiva (ZEE). </p> <p> </p> <p><a href="http://www.fao.org/index_es.htm">La Organización de las Naciones Unidas para la Alimentación y la Agricultura</a> (FAO por sus siglas en inglés) tiene como objeto erradicar el hambre y aumentar la seguridad alimentaria del mundo. La FAO contribuye con el desarrollo de políticas de pesca sostenible y con monitoreos pesqueros. </p> <p> </p> <p><a href="http://www.iattc.org">La Comisión Interamericana del Atún Tropical</a> (CIAT) administró las pesquerías regionales de atún de aleta amarilla de 1950 a 1979. Desde entonces la organización ha realizado investigaciones para facilitar el manejo de estas pesquerías. La CIAT también contribuye en la ejecución del Programa de Conservación del Delfín. </p> <p><a href="http://www.ccamlr.org">La Convención para la Conservación de los Recursos Vivos Marinos Antárticos</a>, que entró en vigor en 1982, busca la conservación y uso sustentable del ecosistema marino, particularmente los que están ubicados al sur de la Convergencia Antártica. </p> <p> </p> <p><a href="http://www.iccat.es">La Comisión Internacional para la Conservación del Atún del Atlántico</a> (CICAA) tiene como miembros del continente americano a Canadá, Estados Unidos, Honduras, Panamá, Uruguay y Venezuela. La Comisión está encargada de la maximización y uso sostenible del atún y de especies afines. </p> <p><a href="http://www.iwcoffice.org">La Comisión Ballenera Internacional</a> (CBI) es el ente encargado de regular la industria ballenera. Esta Comisión procura no solamente conservar, sino fortalecer la población de ballenas. </p> <p> </p> <p><a href="http://www.nafo.ca">La Organización Pesquera del Atlántico Noroeste</a> (NAFO) es una institución para el manejo de pesquerías regionales que se esfuerzan por el uso eficiente y sostenible de los recursos pesqueros. </p> <p> </p> <p><a href="http://www.cites.org/esp/index.shtml">La Convención sobre el Comercio de Especies Amenazadas de Fauna y Flora Silvestres</a> (CITES por sus siglas en inglés) es un acuerdo internacional en el que participan 164 naciones. CITES fue diseñado para prevenir la extinción de especies a través de la regulación de su comercio. </p> <p> </p> <p><a href="http://www.iphc.washington.edu">El Consejo Internacional para la Exploración del Mar</a> (CIEM) se conformó con el fin de preservar la pesquería del “mero” (conocido en inglés como <em>halibut</em>) en el Atlántico Norte y en el Mar de Bering. Sus miembros son Estados Unidos y Canadá. </p> <p> </p> <p><a href="http://www.imo.org/home.asp">La Organización Marina Internacional</a> (OMI) regula aspectos relacionados con la seguridad y el impacto ambiental de la industria pesquera. La OMI tiene 163 miembros. </p> <p> </p> <p><a href="http://www.ctmfm.gov.ar">La Comisión Técnica Mixta del Frente Marino</a> (CTMFM) se formó entre Argentina y Uruguay. Su finalidad es proteger el ambiente y las especies marinas. Además, coordina el manejo de la Zona Común de Pesca de los dos países. </p> <p> </p> <p><a href="http://www.oldepesca.org">La Organización Latinoamericana de Desarrollo Pesquero</a> (OLDEPESCA) promueve el desarrollo pesquero sostenible y la cooperación interamericana en el tema de la pesca. La finalidad de la Organización es aumentar el acceso a los recursos marinos de las poblaciones con bajos ingresos, promover el consumo de productos marinos en general; además de la diversificación y expansión de exportaciones marinas. </p> <p> </p> <p>Otros enlaces útiles: </p> <p><a href="http://www.oceanlaw.net/">Ocean Law</a> incluye una “Guía de Internet en Legislación Internacional sobre Pesquerías”, con abundantes y útiles enlaces.</p> ', '', '', NOW(), 1);
INSERT INTO url_alias (src, dst, language) VALUES ('node/125','fisheries_law','en');
INSERT INTO url_alias (src, dst, language) VALUES ('node/1125','fisheries_law','es');
INSERT INTO node
            (nid,            vid,            type,  language,title,             uid, status, created, changed, comment, promote, moderate, sticky, tnid, translate) VALUES
            (156,     156,     'book','en',    'Implementation of Peruvian Air Quality Law in the La Oroya Region',1,   1,      NOW(),   NOW(), 0,0,0,0,156,0),
            (1156,1156,'book','es',    'Ejecución de la Ley Peruana de Calidad de Aire en la region de La Oroya',1,   1,      NOW(),   NOW(), 0,0,0,0,156,0);
INSERT INTO book (mlid, nid, bid) VALUES (10220,156,1),(10221,1156,1001);
INSERT INTO node_revisions
              (nid,       vid,       uid, title,              body,             teaser,          log, timestamp,format) VALUES
              (156,156,1,   'Implementation of Peruvian Air Quality Law in the La Oroya Region', '<p> <ol> <li>{DOC Limpiar_el_Aire-2006.pdf March 2006 Draft: <i><b>Action Plan to Improve Air Qualtiy and Health in La Oroya</b></i> written by La Oroya Multisectoral Air-quality Board (<b>Spanish only</b>)} <li>{DOC Comentarios_de_AIDA-Limpiar_el_Aire.pdf AIDA Comments on the draft "Action Plan to Improve Air Qualtiy and Health in La Oroya" 06-03-31 (<b>Spanish only</b>)} </p> <p></ol></p> ','', '', NOW(), 1),
              (1156,1156,1,'Ejecución de la Ley Peruana de Calidad de Aire en la region de La Oroya', '<p> <ol> <li>{DOC Limpiar_el_Aire-2006.pdf Borrador Marzo 2006 del <b><i>Plan de Acción para el Mejoramiento de la Calidad del Aire y la Salud de La Oroya</i></b> (GESTA Zonal del Aire de La Oroya)} <li>{DOC Comentarios_de_AIDA-Limpiar_el_Aire.pdf Comentarios de AIDA sobre el Plan de Acción para el Mejoramiento de la Calidad del Aire y la Salud de La Oroya 06-03-31} </p> <p></ol></p> ', '', '', NOW(), 1);
INSERT INTO url_alias (src, dst, language) VALUES ('node/156','laoroya.airqualitylaw','en');
INSERT INTO url_alias (src, dst, language) VALUES ('node/1156','laoroya.airqualitylaw','es');
INSERT INTO node
            (nid,            vid,            type,  language,title,             uid, status, created, changed, comment, promote, moderate, sticky, tnid, translate) VALUES
            (126,     126,     'book','en',    'Conditions not met in 2003',1,   1,      NOW(),   NOW(), 0,0,0,0,126,0),
            (1126,1126,'book','es',    'Condiciones incumplidas de 2003',1,   1,      NOW(),   NOW(), 0,0,0,0,126,0);
INSERT INTO book (mlid, nid, bid) VALUES (10222,126,1),(10223,1126,1001);
INSERT INTO node_revisions
              (nid,       vid,       uid, title,              body,             teaser,          log, timestamp,format) VALUES
              (126,126,1,   'Conditions not met in 2003', '<p>Each year, the US Department of State certifies the eradication program in Colombia. On December 15th, 2003, the Department of State issued the most recent <a href="http://www.state.gov/g/inl/rls/rpt/aeicc/c10854.htm">report</a> certifying the spraying program. A detailed analysis of this report reveals that the US Congressional conditions related to the spraying program in Colombia have not been met. For instance, the report fails to demonstrate that the spraying does not pose unreasonable risk of adverse effects on the environment, or that complaints of harm to legal crops are appropriately evaluated and fair compensation provided. </p> <p>Read the AIDA analysis describing the deficiencies of the Department of State report and critical concerns with the Plan Colombia aerial eradication program. {DOC AIDA_on_DOS_2003_certification.pdf Unmet Goals: An Analysis of the 2003 Department of State Certification to Congress}</p> ','', '', NOW(), 1),
              (1126,1126,1,'Condiciones incumplidas de 2003', '<p>Cada año el Departamento de Estado de los Estados Unidos publica un informe acerca de la implementación del programa de fumigaciones en Colombia. El 15 de diciembre de 2003 el Departamento de Estado publicó el último <a href="http://usembassy.state.gov/colombia/wwwsea02.shtml">informe</a> certificando el programa de fumigaciones. Sin embargo, un análisis detallado demuestra que las condiciones establecidas por el Congreso de los Estados Unidos para las fumigaciones en Colombia no se cumplieron. Por ejemplo, el informe no demuestra que las fumigaciones no representan riesgos irrazonables de efectos negativos al ambiente, o que las quejas de los daños a cultivos lícitos han sido apropiadamente evaluadas y compensadas. </p> <p>Lea el análisis de AIDA describiendo las deficiencias del informe del Departamento de Estado y algunos de los aspectos más preocupantes acerca del programa de erradicación aérea del Plan Colombia. {DOC COMENTARIOS_CERTIFICACION_2003.pdf Objetivos Fallidos: Un análisis de la Certificación del Departamento de Estado al Congreso de EE.UU. de 2003}</p> ', '', '', NOW(), 1);
INSERT INTO url_alias (src, dst, language) VALUES ('node/126','plancolombia_conditionsnotmet2003','en');
INSERT INTO url_alias (src, dst, language) VALUES ('node/1126','plancolombia_conditionsnotmet2003','es');
INSERT INTO node
            (nid,            vid,            type,  language,title,             uid, status, created, changed, comment, promote, moderate, sticky, tnid, translate) VALUES
            (127,     127,     'book','en',    'AIDA Annual Report',1,   1,      NOW(),   NOW(), 0,0,0,0,127,0),
            (1127,1127,'book','es',    '',1,   1,      NOW(),   NOW(), 0,0,0,0,127,0);
INSERT INTO book (mlid, nid, bid) VALUES (10224,127,1),(10225,1127,1001);
INSERT INTO node_revisions
              (nid,       vid,       uid, title,              body,             teaser,          log, timestamp,format) VALUES
              (127,127,1,   'AIDA Annual Report', '<p> <br></p> <p></br></p> <p><a href="http://www.aida-americas.org/templates/aida/uploads/docs/BiannualReport06-07.pdf">2006-2007 Annual Report</a></p> <p> <br></p> <p></br> </p> <p><a href="http://www.aida-americas.org/templates/aida/uploads/docs/2005_Annual_Report.pdf">2005 Annual Report</a></p> <p> <br></p> <p></br> </p> <p><a href="http://www.aida-americas.org/templates/aida/uploads/docs/AIDA_Fiscal_Year_2003-2004_Annual_Report.pdf">2004 Annual Report</p> ','', '', NOW(), 1),
              (1127,1127,1,'', '<p> <br></p> <p></br></p> <p><a href="http://www.aida-americas.org/templates/aida/uploads/docs/INFORME_BIANUAL2006-2007.pdf">Informe Annual de AIDA, Año Fiscal 2006-2007</a> </p> <p> <br></p> <p></br></p> <p><a href="http://www.aida-americas.org/templates/aida/uploads/docs/Anual_esp_2005.pdf">Informe Annual de AIDA, Año Fiscal 2004-2005</a> </p> <p> <br></p> <p></br></p> <p><a href="http://www.aida-americas.org/templates/aida/uploads/docs/Anual_ESP.pdf">Informe Annual de AIDA, Año Fiscal 2003-2004</a></p> ', '', '', NOW(), 1);
INSERT INTO url_alias (src, dst, language) VALUES ('node/127','annualreport','en');
INSERT INTO url_alias (src, dst, language) VALUES ('node/1127','annualreport','es');
INSERT INTO node
            (nid,            vid,            type,  language,title,             uid, status, created, changed, comment, promote, moderate, sticky, tnid, translate) VALUES
            (128,     128,     'page','en',    'Human Rights and the Environment',1,   1,      NOW(),   NOW(), 0,0,0,0,128,0),
            (1128,1128,'page','es',    'Derechos Humanos y el Medio Ambiente',1,   1,      NOW(),   NOW(), 0,0,0,0,128,0);
INSERT INTO book (mlid, nid, bid) VALUES (10226,128,1),(10227,1128,1001);
INSERT INTO node_revisions
              (nid,       vid,       uid, title,              body,             teaser,          log, timestamp,format) VALUES
              (128,128,1,   'Human Rights and the Environment', '<p><b>Read our NEW book</b>: <a href="/?q=humanrights_guide2008">Guide to Environmental Defense</a>: Building a Strategy for the Litigation of Cases before the Inter-American System for Human Rights </p> <p>The Americas face enormous environmental challenges. The region contains some of the most polluted sites in the world, particularly in Latin American urban areas - where about three quarters of the population is centered. This pollution causes severe human health problems and constitutes a violation of basic human rights. Environmental degradation also destroys natural resources that are the basis for human and cultural survival in much of the hemisphere. </p> <p>AIDA works on cases to protect disadvantaged populations whose rights to health, life, culture, and a healthy environment are violated. Moreover, AIDA advocates for the improvement and enforcement of laws and treaties that protect human rights and the environment. These include efforts to protect communities from toxic pollution , and to prevent large-scale resource extraction that threatens the culture or subsistence of traditional communities. </p> <p>Several mechanisms to protect human rights and the environment exist in the Americas. At the national level Constitutional actions can be used to enforce the right to a healthy environment and other human rights. Twelve American nations have Constitutional provisions recognizing the right to a healthy environment. </p> <p>When national legal systems are not sufficient to protect human rights, the Inter-American Human Rights System provides another venue for redress. The System (consisting of the Inter-American Commission on Human Rights, the Inter-American Court on Human Rights, and the Inter-American Institute for Human Rights, part of the Organization of American States) was the first international structure to recognize the right to a healthy environment as a human right. </p> <p>In 2004, AIDA and other groups jointly organized <a href="/?q=agenda_taller">Human Rights and Environment Workshops</a> in Lima, Peru and in Mexico City, to strengthen the ability of civil society organizations to protect human rights threatened by environmental degradation. Participants worked on developing specific case strategies and learned about the Inter-American Human Rights System. The workshops highlighted several cases with a clear link between environmental harm and human rights violations. AIDA will continue and expand our casework in this field, with the aim to establish positive jurisprudence for human rights and environmental protection at all levels.</p> ','', '', NOW(), 1),
              (1128,1128,1,'Derechos Humanos y el Medio Ambiente', '<p><b>Lea nuestra NUEVA</b> "<a href="/?q=humanrights_guide2008">Guía de Defensa Ambiental</a>: Construyendo la Estrategia para el Litigio de Casos ante el Sistema Interamericano" </p> <p>El continente americano enfrenta enormes desafíos ambientales. En esta región se encuentran algunos de los sitios más contaminados en el mundo, particularmente en las áreas urbanas, en donde se concentran tres cuartas partes de la población. Esta contaminación causa problemas graves de salud y constituye una violación de derechos humanos esenciales. La degradación ambiental también destruye los recursos naturales que son la base de supervivencia humana y cultural. </p> <p>AIDA trabaja en casos para proteger poblaciones vulnerables cuyos derechos a la salud, la vida, la cultura y un medio ambiente sano han sido violados. Además, AIDA trabaja por la mejora y cumplimiento de leyes y tratados que protegen los derechos humanos y el medio ambiente. Esto incluye esfuerzos para proteger comunidades de la contaminación tóxica, y prevenir la extracción a gran escala de recursos que amenaza la cultura o subsistencia de comunidades tradicionales. </p> <p>Existen varios mecanismos en el continente americano para proteger derechos humanos y el ambiente. A nivel nacional por ejemplo, existen acciones constitucionales que pueden ser utilizadas para exigir el cumplimiento del derecho a un ambiente sano y otros derechos humanos. Doce naciones americanas tienen artículos constitucionales que reconocen el derecho a un ambiente sano. </p> <p>Cuando los sistemas judiciales nacionales no son suficientes para proteger los derechos humanos, el Sistema Interamericano de Derechos Humanos se convierte en otra instancia de reparación. El Sistema (conformado por la Comisión Interamericana de Derechos Humanos, la Corte Interamericana de Derechos Humanos y el Instituto Interamericano de Derechos Humanos, todos parte de la Organización de Estados Americanos) fue la primera estructura internacional reconocer el derecho a un ambiente sano como derecho humano. </p> <p>Durante el 2004, AIDA y otros grupos organizaron conjuntamente unos <a href="/?q=agenda_taller">Talleres sobre Derechos Humanos y Medio Ambiente</a> en Lima, Perú y en Ciudad de México, México, para fortalecer la capacidad de los ciudadanos para proteger sus derechos humanos amenazados por la degradación ambiental. Los participantes trabajaron en el desarrollo de estrategias específicas para casos actuales y aprendieron acerca del funcionamiento del Sistema Interamericano de Derechos Humanos. Además, los talleres resaltaron varios casos de daño ambiental claramente vinculados a violaciones de derechos humanos. En AIDA continuaremos ampliando nuestro trabajo en ésta área, con la meta de establecer jurisprudencia positiva para protección de derechos humanos y el ambiente a todos niveles.</p> ', '', '', NOW(), 1);
INSERT INTO url_alias (src, dst, language) VALUES ('node/128','humanrights','en');
INSERT INTO url_alias (src, dst, language) VALUES ('node/1128','humanrights','es');
INSERT INTO node
            (nid,            vid,            type,  language,title,             uid, status, created, changed, comment, promote, moderate, sticky, tnid, translate) VALUES
            (129,     129,     'book','en',    'Leatherback National Marine Park',1,   1,      NOW(),   NOW(), 0,0,0,0,129,0),
            (1129,1129,'book','es',    'Parque Nacional Marino las Baulas',1,   1,      NOW(),   NOW(), 0,0,0,0,129,0);
INSERT INTO book (mlid, nid, bid) VALUES (10228,129,1),(10229,1129,1001);
INSERT INTO node_revisions
              (nid,       vid,       uid, title,              body,             teaser,          log, timestamp,format) VALUES
              (129,129,1,   'Leatherback National Marine Park', '<p><b>Congratulations to the Costa Rican Supreme Court for reinforcing protection of the Leatherback National Marine Park! At the end of the May 2008, the Constitutional Chamber of the Costa Rican Supreme Court of Justice nullified a municipal zoning regulation that authorized construction in part of the Leatherback National Marine Park (LNMP). This decision effectively revoked all construction permits granted under the municipal regulation, safeguarding the leatherback sea turtles and their nesting beaches from threats posed by construction operations.</b> </p> <p>The ruling resulted from a <a href=http://www.aida-americas.org/templates/aida/uploads/docs/LEATHERBACK_PARK_PROTECTED_en.pdf>legal action</a> filed by the Leatherback Trust, with support from AIDA and <a href="http://www.cedarena.org">CEDARENA</a>, our Costa Rican participating organization. It sets a very important precedent for Costa Rica, which we hope will be replicated in other countries throughout the continent to protect and conserve marine biodiversity. </p> <p><b><a href=http://www.aida-americas.org/templates/aida/uploads/docs/Amparo_Baulas.pdf> The court’s decision (available in Spanish only)</a> also reinforces the <a href=http://www.aida-americas.org/templates/aida/uploads/docs/LEATHERBACK_PARK_PROTECTED_en.pdf>victory won by AIDA, CEDARENA, and Justice for Nature</a> at the beginning of May 2008, protecting the nesting areas of the leatherback turtles within the LNMP.</b> <a href=http://www.aida-americas.org/templates/aida/uploads/docs/BAULAS.pdf>In this case,</a> the same court ordered the Costa Rican environmental authority to fulfill its obligation to protect the park, including arranging for the government to expropriate private lands in the park slated for tourism development. </p> <p><a href="/?q=turtles.science">Leatherback sea turtles</a> are Jurassic animals, relatives of the dinosaurs and survivors of a glacial age. They have been declared an endangered species on the <a href="http://www.cites.org/eng/app/appendices.shtml">international level</a>. Like all sea turtles, leatherbacks are very sensitive and require silence and darkness while nesting. The presence of humans, buildings, and lights on nesting beaches can therefore prevent turtles from coming ashore to lay eggs, severely impacting turtle populations. </p> <p>The LNMP was created to protect the most important leatherback nesting beaches in the Eastern Pacific Ocean. In fact, 80% of the leatherback turtles that nested in Costa Rica between 2001 and 2002 did so within the park. Other nesting beaches in Costa Rica, including the Flamingo and Tamarindo, were destroyed because of poor planning. Unfortunately, Costa Rican authorities did not learn from these mistakes and take appropriate action to safeguard the LNMP. </p> <p>Thanks to these two court decision, however, <b>state authorities must now implement effective measures to guarantee conservation of marine protection areas, such as the Leatherback National Marine Park.</b> If they choose not to do so, they can be found in violation of international treaties such as the Convention on Biological Diversity and the Inter-American Convention for the Protection and Conservation of Marine Turtles, as well as constitutional law on environmental protection and other internal laws. </p> <p>For more information about our work protecting marine biodiversity, as well as other AIDA projects, please subscribe <a href=http://aida-americas.org/aida.php?page=166> here</a> to receive AIDA’s monthly email updates. Thank you!</p> ','', '', NOW(), 1),
              (1129,1129,1,'Parque Nacional Marino las Baulas', '<p><b>¡Felicitamos a las autoridades costarricenses por reforzar la protección al Parque Nacional Marino las Baulas! Al final de mayo de 2008 la Sala Constitucional de la Corte Suprema de Justicia de Costa Rica anuló el Reglamento de Zonificación Municipal que permitía la autorización de construcciones en área del Parque Nacional Marino las Baulas (PNMB). Esta decisión revierte todos los permisos otorgados y construcciones desarrolladas al amparo de dicho Reglamento. ¡Este precedente es muy importante para Costa Rica y la región y esperamos sea replicado en otros países en el continente!</b> </p> <p><b>Con este pronunciamiento la Sala refuerza <a href="http://www.aida-americas.org/templates/aida/uploads/docs/Parque_las_Baulas_Protegido_sp.pdf">la victoria obtenida por AIDA, CEDARENA y Justicia para la Naturaleza</a>, a inicios de mayo de 2008, <a href="http://www.aida-americas.org/templates/aida/uploads/docs/Amparo_Baulas.pdf">cuando ordenó a la autoridad ambiental cumplir con su obligación de proteger el Parque, obligación que incluye hacer los arreglos necesarios para que el Estado expropie los terrenos privados que se encuentren dentro del mismo.</b></a> </p> <p>Las <a href="/?q=turtles.science">tortugas baula</a> son animales jurásicos, contemporáneos de los dinosaurios y sobrevivientes de la época de las glaciaciones, declaradas internacionalmente en peligro crítico de <a href="http://www.cites.org/esp/app/appendices.shtml">extinción</a>. Las baulas, como todas las tortugas marinas, son muy sensibles y requieren ciertas condiciones para su anidación, como silencio y oscuridad. Por lo cual, la presencia de seres humanos, construcciones y luces en las playas de anidación pueden impedir que las tortugas se acerquen a la costa a desovar, causando una severa afectación sobre la población de tortugas. </p> <p>El PNMB fue creado para proteger las playas más importantes de anidación de la baula en el Océano Pacífico Oriental. De hecho, el 80% de las baulas que anidaron en Costa Rica entre el 2001 y 2002 lo hicieron en este Parque. Tristemente, otras playas de anidación, como Flamingo y Tamarindo, ya han sido destruidas por la falta de planificación y desarrollo inadecuado. Sin embargo, estas malas experiencias no han servido de lección para que las autoridades costarricenses tomaran las medidas necesarias para evitar estos impactos en el PNMB. </p> <p>En AIDA, como parte de nuestro objetivo de proteger los recursos marinos, estamos contribuyendo a la conservación de las tortugas baulas mediante el uso del derecho ambiental. Así, al conocer la situación del Parque Marino en marzo de 2005 presentamos, conjuntamente con CEDARENA y Justicia para la Naturaleza, una acción judicial <a href=http://www.aida-americas.org/templates/aida/uploads/docs/BAULAS.pdf>(Recurso de Amparo)</a> ante la Corte Suprema de Costa Rica contra <b>las autoridades que hubieran incumplido sus obligaciones respecto a la consolidación y protección del Parque.</b> <a href=http://www.aida-americas.org/templates/aida/uploads/docs/Parque_las_Baulas_Protegido_sp.pdf>Acción que ganamos a inicio de mayo de 2008.</a> </p> <p>De otra parte, en julio de 2006 apoyamos al Fideicomiso las Baulas, quien con la asesoría legal de <a href="http://www.cedarena.org">CEDARENA</a> y AIDA, presentó una acción de inconstitucionalidad contra el Reglamento de Zonificación municipal que afecta el Parque. Esta acción también fue exitosa, cuyos detalles compartimos al inicio de esta página. </p> <p>Gracias a estas dos sentencias de la Corte Suprema de Costa Rica, las autoridades estatales deben implementar medidas efectivas para garantizar la conservación de las áreas marinas protegidas, como el Parque de las Baulas en este caso. De no hacerlo, desconocen tratados internacionales como la <a href="http://www.cbd.int/">Convención de Biodiversidad</a> y la <a href="http://www.iacseaturtle.org/iacseaturtle/">Convención Interamericana para la Protección y Conservación de las Tortugas Marinas</a>, así como las disposiciones constitucionales de protección ambiental y otras normas internas. </p> <p>Para mayor información sobre nuestro trabajo en protección de la biodiversidad marina, así como otros proyectos de AIDA, por favor suscríbase para recibir los boletines mensuales de AIDA <a href=http://aida-americas.org/aida.php?page=166>aquí para recibir información de nuestras actividades.</a></p> ', '', '', NOW(), 1);
INSERT INTO url_alias (src, dst, language) VALUES ('node/129','turtles.leatherback','en');
INSERT INTO url_alias (src, dst, language) VALUES ('node/1129','turtles.leatherback','es');
INSERT INTO node
            (nid,            vid,            type,  language,title,             uid, status, created, changed, comment, promote, moderate, sticky, tnid, translate) VALUES
            (130,     130,     'book','en',    'Press Release April 05',1,   1,      NOW(),   NOW(), 0,0,0,0,130,0),
            (1130,1130,'book','es',    'Comunicados de Prensa',1,   1,      NOW(),   NOW(), 0,0,0,0,130,0);
INSERT INTO book (mlid, nid, bid) VALUES (10230,130,1),(10231,1130,1001);
INSERT INTO node_revisions
              (nid,       vid,       uid, title,              body,             teaser,          log, timestamp,format) VALUES
              (130,130,1,   'Press Release April 05', '<p>In April of 2005, a Lima civil court ordered the Peruvian Ministry of Health (MINSA) and the General Directorate for Environmental Health (DIGESA) to take steps to alleviate a public health crisis in La Oroya, Peru, a city where the Doe Run company of Missouri operates a large multi-metal smelter. </p> <p>The court ruled that MINSA and DIGESA have failed to carry out the government’s duty to protect the population in La Oroya. In spite of numerous studies showing a severe health crisis in the city, the government has taken no action to protect public health. </p> <p>The Doe Run smelter emits large amounts of toxic heavy metals and sulfur dioxide into the environs of the city. According to a recent study by the company and health authorities, the contamination is so severe that 99.9 percent of the children in the neighborhood closest to the smelter—La Oroya Antigua—have blood lead levels that far exceed the permissible levels recommended by the World Health Organization. </p> <p> <ul> <li>{DOC Court_Victory__April_2005.doc Read AIDA’s full Press Release about the court decision-- }</li> <li>{DOC April_2005_Court_Order.pdf Read the Court Order in Spanish-- }</li></ul> </p> <p><b><center><a href="/?q=laoroya">Read More about the La Oroya Smelter</a></center></b></p> ','', '', NOW(), 1),
              (1130,1130,1,'Comunicados de Prensa', '<p>En Abril del 2005, el 22º Juzgado Civil de Lima ordenó al Ministerio de Salud del Perú (MINSA) y a la Dirección General de Salud Ambiental (DIGESA), la implementación de medidas concretas para el mejoramiento de la crisis de salud pública en La Oroya, Perú, la ciudad donde la compañía estadounidense, Doe Run, opera un complejo metalúrgico de metales múltiples. </p> <p>La sentencia determinó que MINSA y DIGESA han incumplido las leyes de salud aplicables. Adicionalmente, la juez declaró que el gobierno no ha tomado acciones para proteger la salud de los afectados, a pesar que numerosos estudios evidencian la crisis de salubridad en La Oroya. </p> <p>La actividad metalúrgica produce una alta contaminación por metales pesados y dióxido de azufre. Según el último estudio realizado por DIGESA y por la compañía, la contaminación es tan alta que más del 99% de los niños menores de seis años, que habitan en el vecindario más cercano al Complejo—La Oroya Antigua—padecen de niveles de plomo en sangre mayores a los límites establecidos por la Organización Mundial de la Salud (OMS). </p> <p> <ul> <li>{DOC La_Oroya_2005.doc Lea el comunicado de AIDA sobre la sentencia-- }</li> <li>{DOC Resolucion_Juez_22_Civil.pdf Lea la sentencia del Juzgado Civil en español-- }</li></ul> </p> <p><b><center><a href="/?q=laoroya">Lea más acerca de la fundición en La Oroya</a></center></b></p> ', '', '', NOW(), 1);
INSERT INTO url_alias (src, dst, language) VALUES ('node/130','laoroya.april05pr','en');
INSERT INTO url_alias (src, dst, language) VALUES ('node/1130','laoroya.april05pr','es');
INSERT INTO node
            (nid,            vid,            type,  language,title,             uid, status, created, changed, comment, promote, moderate, sticky, tnid, translate) VALUES
            (131,     131,     'page','en',    'Reference Documents',1,   1,      NOW(),   NOW(), 0,0,0,0,131,0),
            (1131,1131,'page','es',    'Documentos Adicionales',1,   1,      NOW(),   NOW(), 0,0,0,0,131,0);
INSERT INTO book (mlid, nid, bid) VALUES (10232,131,1),(10233,1131,1001);
INSERT INTO node_revisions
              (nid,       vid,       uid, title,              body,             teaser,          log, timestamp,format) VALUES
              (131,131,1,   'Reference Documents', '<p> <ul> <li><a href="http://www.aida-americas.org/templates/aida/uploads/docs/CRITIQUEBLACKSMITH.pdf">Critique of the May 2008 Blacksmith Institute report on La Oroya</a> <li><a href="/?q=laoroya.studies">Studies on Impacts to Health</a></li> <li><a href="/?q=laoroya.enviroquality">Studies on Environmental Quality</a></li> <li><a href="/?q=laoroya.remediation">Obligations and Plans for Environmental and Health Protection</a></li> <li><a href="/?q=laoroya.chronologicalsum">Chronological Summaries</a></li> <li><a href="/?q=laoroya.isoinfo">ISO 14001 Information</a></li> <li><a href="/?q=laoroya.economic">Economic Issues</a></li> <li><a href="/?q=laoroya.courtdecisions">Court Decisions and Cases</a></li> <li><a href="/?q=laoroya.pressreleases">Press Releases</a></li> <li><a href="/?q=laoroya.usefullinks">Useful Links!</a></li></ul></p> ','', '', NOW(), 1),
              (1131,1131,1,'Documentos Adicionales', '<p> <ul> <li><a href="http://www.aida-americas.org/templates/aida/uploads/docs/CRITICABLACKSMITH.pdf">Crítica al Informe del Instituto Blacksmith sobre La Oroya, Mayo de 2008</a> <li><a href="/?q=laoroya.studies">Estudios de Impactos en la Salud</a></li> <li><a href="/?q=laoroya.enviroquality">Estudios de Calidad Ambiental</a></li> <li><a href="/?q=laoroya.remediation">Obligaciones y Planes para Protección Ambiental y de Salud</a></li> <li><a href="/?q=laoroya.chronologicalsum">Resumen Cronológico de los Eventos Relacionados con La Oroya</a></li> <li><a href="/?q=laoroya.isoinfo">Certifican con ISO 14001 a DRP</a></li> <li><a href="/?q=laoroya.economic">Asuntos Económicos</a></li> <li><a href="/?q=laoroya.courtdecisions">Decisiones de la Corte y Casos</a></li> <li><a href="/?q=laoroya.pressreleases">Comunicados de Prensa</a></li> <li><a href="/?q=laoroya.usefullinks">Enlaces Utiles!</a></li></ul></p> ', '', '', NOW(), 1);
INSERT INTO url_alias (src, dst, language) VALUES ('node/131','laoroya.additionaldocuments','en');
INSERT INTO url_alias (src, dst, language) VALUES ('node/1131','laoroya.additionaldocuments','es');
INSERT INTO node
            (nid,            vid,            type,  language,title,             uid, status, created, changed, comment, promote, moderate, sticky, tnid, translate) VALUES
            (132,     132,     'book','en',    'Press Releases',1,   1,      NOW(),   NOW(), 0,0,0,0,132,0),
            (1132,1132,'book','es',    'Comunicados de Prensa',1,   1,      NOW(),   NOW(), 0,0,0,0,132,0);
INSERT INTO book (mlid, nid, bid) VALUES (10234,132,1),(10235,1132,1001);
INSERT INTO node_revisions
              (nid,       vid,       uid, title,              body,             teaser,          log, timestamp,format) VALUES
              (132,132,1,   'Press Releases', '<p><center><a href="/?q=lo_subscribe"><b> <FONT COLOR="#ff8000"> Sign up now for La Oroya News!</FONT></b></a></center> </p> <p> <ol> <li><a href="http://www.aida-americas.org/templates/aida/uploads/docs/LO_DOE_RUN_english.pdf"><b>Doe Run Smelter in La Oroya, Peru, Loses Environmental Certification </b> (April 9, 2008)</a> <li><a href="http://www.aida-americas.org/templates/aida/uploads/docs/Press_La_Oroya_IACHR_CALL_URGENT_MEASURES.doc"><b>Human Rights Body Calls on Peru to Protect Citizens from Contamination by American-owned Smelter!</b> (September 5, 2007)</a> <li>{DOC IACHR_PETITION_TO_STATE_07-04-24.doc <b>IACHR Forwards La Oroya Human Rights Petition to Peruvian Government</b> for Comment} <li>{DOC Press_La_Oroya07-03-21.doc <b>AIDA and participating organizations submit La Oroya petition to the Inter-American Commission on Human Rights (March 21, 2007)</b>} <li><a href="/?q=laoroya.legalvictory0606"><b>Legal victory!</b> - Peruvian Constitutional Tribunal orders the government to address the public health emergency in La Oroya</a> <b>(June 2006)</b> <li><a href="/?q=laoroya.iachr"><b>Inter-American Commission on Human Rights</b> asked to Prevent a Public Health Crisis in La Oroya, Peru</a> <b>(November 2005)</b> <li><a href="/?q=laoroya.april05pr"><b>Judge Orders</b> Measures to Protect Public Health in La Oroya</a> <b>(April 2005)</b> <li>{DOC Plomo.pdf <b>Health risks in La Oroya are higher than expected</b>: Lead and lead compounds classified as carcinogens (Spanish text)} <b>(February 2004)</b> </p> <p></ol> </p> <p><center><a href="/?q=subscribe"><b> <FONT COLOR="#ff8000"> Sign up now for AIDA Monthly Updates</b></a> and stay informed!</FONT></center> </p> <p><center><a href="/?q=laoroya"><b>Read more about La Oroya!</b></a></center></p> ','', '', NOW(), 1),
              (1132,1132,1,'Comunicados de Prensa', '<p> <ol> <li><a href="http://www.aida-americas.org/templates/aida/uploads/docs/LO_DOE_RUN_spanish.pdf"><b>El Complejo Metalúrgico Doe Run En La Oroya, Perú, Pierde Su Certificado Ambiental </b> (Abril 9, 2008)</a> <li><a href="http://www.aida-americas.org/templates/aida/uploads/docs/LA_OROYA_CIDH_OTORGA_MEDIDAS.doc">Comisión Interamericana de Derechos Humanos (CIDH) <b>solicita al Estado Peruano implementar Medidas Cautelares de Urgencia para Proteger Vida de Pobladores de La Oroya Víctimas de la Contaminación!</b> (Septiembre 5, 2007)<a> <li>{DOC CIDH_ENVIA_INFO_AL_EDO07-04-24.doc <b>CIDH Remite Petición de Derechos Humanos de La Oroya</b> al estado Peruano para Comentarios} <li>{DOC NOTA_DE_PRENSA07-03-21.doc <b>AIDA y organizaciones participantes llevan el caso de La Oroya a la Comisión Interamericana de Derechos Humanos 07-03-21</b>} <li><a href="/?q=laoroya.legalvictory0606"><b>Victoria legal!</b> - El Tribunal Constitucional Peruano ordena al Gobierno atender la emergencia de salud pública en La Oroya</a> <b>(Junio 2006)</b> <li><a href="/?q=laoroya.iachr">Solicitan Medidas Cautelares ante <b>CIDH</b> para Enfrentar Crisis de Salud Publica en La Oroya, Peru</a> <b>(Noviembre 2005)</b> <li><a href="/?q=laoroya.april05pr"><b>Juez Ordena</b> Medidas para Recuperación de Salud Pública en La Oroya</a> <b>(Abril 2005)</b> <li>{DOC Plomo.pdf Riesgo de Salud en La Oroya es Mayor de lo Pensado: Plomo y Compuestos de Plomo Clasificados como Cancerígenos} <b>(Febrero 2004)</b> </p> <p></ol> </p> <p><center><a href="/?q=subscribe"><b><font color="99CC66">Suscríbase ahora a nuestras actualizaciones mensuales</font></b></a> y manténgase informado!</center> </p> <p><center><a href="/?q=laoroya"><b>Lea más acerca de La Oroya<b></a></center></p> ', '', '', NOW(), 1);
INSERT INTO url_alias (src, dst, language) VALUES ('node/132','laoroya.pressreleases','en');
INSERT INTO url_alias (src, dst, language) VALUES ('node/1132','laoroya.pressreleases','es');
INSERT INTO node
            (nid,            vid,            type,  language,title,             uid, status, created, changed, comment, promote, moderate, sticky, tnid, translate) VALUES
            (133,     133,     'book','en',    'AIDA Critique of CICAD Study',1,   1,      NOW(),   NOW(), 0,0,0,0,133,0),
            (1133,1133,'book','es',    'AIDA Critica a Estudio de CICAD',1,   1,      NOW(),   NOW(), 0,0,0,0,133,0);
INSERT INTO book (mlid, nid, bid) VALUES (10236,133,1),(10237,1133,1001);
INSERT INTO node_revisions
              (nid,       vid,       uid, title,              body,             teaser,          log, timestamp,format) VALUES
              (133,133,1,   'AIDA Critique of CICAD Study', '<p>The 2005 Environmental and Human Health Assessment of the Aerial Spray Program for Coca and Poppy Control in Colombia, prepared for CICAD of the <a href="http://www.cicad.oas.org/">Organization of American States</a>, provides a long-overdue analysis of many components of the spray program. However, the study does not assess, in whole or part, many of the greatest potential ecological and human health risks posed by the aerial eradication program. Thus, the CICAD study does not provide conclusive evidence that the spray program is safe for the environment or human health. Rather, it underscores the urgency of conducting additional analyses to assess potentially severe impacts of the program. These potential impacts include: </p> <p> <ul> <li>Increased deforestation from illicit crop displacement,</li> <li>Declines in threatened amphibian populations in spray areas,</li> <li>Adverse effects on endangered and endemic species (those found only in Colombia),</li> <li>Harmful health effects from secondary impacts of the spray program, such as displacement and loss of food and legal cash crops.</li></ul> </p> <p> </p> <p>{DOC CICAD_STUDY.pdf Read full AIDA critique of the} </p> <p><a href="http://www.cicad.oas.org/en/glifosateFinalReport.pdf">Read the CICAD-OAS report</a> </p> <p><a href="http://www.idea.unal.edu.co/public/docs/Observ_IDEA_a_doc_CICAD.pdf">Read Colombian scientist critique of the CICAD report (in Spanish)</a> </p> <p><CENTER><a href="/?q=donate">Donate to AIDA</a></CENTER></p> ','', '', NOW(), 1),
              (1133,1133,1,'AIDA Critica a Estudio de CICAD', '<p>La Evaluación del Ambiente y la Salud Humana del Programa de Fumigación Aérea para el Control de la Coca y la Amapola en Colombia, que se realizó en 2005, publicado por la <a href="http://www.cicad.oas.org/">Organización de Estados Americanos</a>, proporciona un análisis largamente esperado de los muchos componentes del programa de fumigación. Sin embargo, el estudio no evalúa, ni total ni parcialmente, muchos de los riesgos potenciales más significativos para el medio ambiente y la salud humana que representa el programa de erradicación. Por consiguiente, el estudio de la OEA no ofrece pruebas contundentes que el programa de fumigación sea seguro para el ambiente y la salud humana. Al contrario, hace hincapié en la necesidad urgente de llevar a cabo estudios adicionales para evaluar los graves impactos potenciales del programa, que incluyen: </p> <p> <ul> <li>Mayor deforestación debida al desplazamiento de cultivos ilícitos;</li> <li>Disminución de las poblaciones de anfibios amenazadas en las áreas fumigadas;</li> <li>Efectos adversos en las especies en peligro y endémicas (es decir, las que se encuentran únicamente en Colombia);</li> <li>Afectaciones a la salud por los impactos secundarios del programa de fumigación, tales como el desplazamiento y la pérdida de cultivos lícitos de alimentos y de supervivencia.</li></ul> </p> <p> </p> <p>{DOC AIDA_Critica_Estudio_de_CICAD.pdf} </p> <p> </p> <p><a href="http://www.cicad.oas.org/es/glisfosatoInformeFinal.pdf">Lea el informe de la OEA</a> </p> <p> </p> <p><a href="http://www.idea.unal.edu.co/public/docs/Observ_IDEA_a_doc_CICAD.pdf">Lea la crítica de científicos Colombianos sobre el reporte</a> </p> <p><CENTER><a href="/?q=donate">Apoye a AIDA</a></CENTER></p> ', '', '', NOW(), 1);
INSERT INTO url_alias (src, dst, language) VALUES ('node/133','plancolombia_cicadstudy','en');
INSERT INTO url_alias (src, dst, language) VALUES ('node/1133','plancolombia_cicadstudy','es');
INSERT INTO node
            (nid,            vid,            type,  language,title,             uid, status, created, changed, comment, promote, moderate, sticky, tnid, translate) VALUES
            (134,     134,     'book','en',    'CICAD Interim Report & US Department of State Report to US Congress',1,   1,      NOW(),   NOW(), 0,0,0,0,134,0),
            (1134,1134,'book','es',    'Informe Provisional de la CICAD, Informe del Departamento de Estado al Congreso',1,   1,      NOW(),   NOW(), 0,0,0,0,134,0);
INSERT INTO book (mlid, nid, bid) VALUES (10238,134,1),(10239,1134,1001);
INSERT INTO node_revisions
              (nid,       vid,       uid, title,              body,             teaser,          log, timestamp,format) VALUES
              (134,134,1,   'CICAD Interim Report & US Department of State Report to US Congress', '<p>CICAD and the Department of State recently submitted the following documents to the US Congress in fulfillment of the additional reporting requirements imposed in June 2005.</p> <p> <ul> <li>{DOC Report_to_Congress_August2006.pdf Department of State\'s Report to Congress on Status of CICAD Study, August 2006} <li>{DOC CICAD_Rep_July2006.pdf CICAD Interim Report on Follow-Up Studies, July 2006} <li>{DOC Lab_Rep_May2006.pdf Lab Results of Toxicity Tests on African Frog, May 2006} <li>{DOC EPA_Analysis_May2006.pdf EPA Analysis of Lab Toxicity Tests on African Frog, May 2006} <li>{DOC BrainStudy.pdf Study accompanying documents sent to Congress, by Richard Brain (University of Guelph)}</p> <p></ul></p> <p>In June of 2005, the United States Congress imposed new reporting requirements for the Plan Colombia aerial eradication program. At the same time, more than 2000 Colombian citizens requested that there be NO <a href="/?q=plancolombia_nospraying">spraying in Colombia’s National Parks</a>. </p> <p> </p> <p>AIDA and other NGOs provided the US Congress with vital information regarding the potential dangers and environmental harm associated with the spraying program. As a result, in developing the fiscal year 2006 government budget, the Congressional Committees on Appropriation imposed a significant reporting requirement on the State Department. The Committees directed the Secretary of State: </p> <p> <ul></p> <p>“in consultation with the EPA and appropriate Colombian authorities, to submit a report, not later than 180 days after enactment of the Act, with the following information: the results of a GIS analysis of the proximity of small shallow water bodies to coca and poppy fields and of tests to determine the toxicity of the spray mixture to Colombian amphibians; and, an assessment of potential impacts of the spray program on threatened species, including in Colombia’s national parks.”</ul> </p> <p> </p> <p>This requirement will hopefully fill a void in the information that has been available regarding the potential environmental impacts of the herbicide-spraying program. </p> <p> </p> <p>For more information, please review the materials submitted to lawmakers in the United States: </p> <p> <ul> <li><a href="/?q=plancolombia_cicadstudy">AIDA’s Critique of the CICAD-Organization of American States evaluation of the spraying program.</a></li> <li>{DOC ALTERNATIVE_DEVELOPMENT.pdf A sign-on letter from Colombian organizations requesting a shift in US policy away from fumigation and toward sustainable alternative development strategies -}</li> <li><a href="http://www.lawg.org/countries/colombia/rethinking.htm">Other NGO and citizen position papers</a></li></ul> </p> <p><b><a href="/?q=plancolombia">Read more about Plan Colombia Spraying</a></b> </p> <p><CENTER><a href="/?q=donate">Donate to AIDA</a></CENTER></p> ','', '', NOW(), 1),
              (1134,1134,1,'Informe Provisional de la CICAD, Informe del Departamento de Estado al Congreso', '<p>CICAD y el Departamento de Estado recientemente presentaron los siguientes documentos al Congreso de los Estados Unidos en cumplimiento de los requisitos adicionales para informes, impuesto en el Junio 2005. </p> <p> <ul> <li>{DOC Report_to_Congress_August2006.pdf Informe del Departamento de Estado para el Congreso de los Estados Unidos sobre la situación del Estudio de CICAD} <li>{DOC CICAD_Rep_July2006.pdf Informe Provisional de la CICAD sobre el Seguimiento de los Estudios} <li>{DOC Lab_Rep_May2006.pdf Resultados de Laboratorio en las Pruebas Practicadas en Rana Africana} <li>{DOC EPA_Analysis_May2006.pdf Análisis de EPA de los Resultados de Laboratorio en las Pruebas Practicadas en Rana Africana} <li>{DOC BrainStudy.pdf Estudio que acompaña los documentos enviados al Congreso, por Richard Brain (Universidad de Guelph)} </p> <p></ul> </p> <p>En Junio de 2005, el Congreso de los Estados Unidos impuso nuevas exigencias de informes para el programa de erradicación aérea del Plan Colombia. Al mismo tiempo, más de 2000 Colombianos/as exigieron que NO <a href="/?q=plancolombia_nospraying">se fumigen los Parques Nacionales de Colombia</a>. </p> <p>AIDA y otras organizaciones no gubernamentales proporcionaron información esencial al Congreso estadounidense sobre los posibles peligros y daños ambientales asociados con el programa de fumigaciones. Por ello, en el desarrollo del presupuesto gubernamental para el año fiscal 2006, los Comités de Apropiaciones del Congreso impusieron exigencias significativas de informes al Departamento de Estado. Los Comités exigieron al Secretario de Estado que: </p> <p> <ul></p> <p>“En consulta con la EPA y las autoridades colombianas apropiadas, presenten un informe, no después de 180 días de la promulgación de la Ley, con la siguiente información: los resultados de un análisis con sistemas de información geográfica de la proximidad de cuerpos de agua pequeños de poca profundidad a cultivos de coca y amapola, de estudios para determinar la toxicidad de la mezcla fumigada en anfibios colombianos; y, una evaluación de los posibles impactos del programa de fumigación sobre especies amenazadas, incluyendo las de los parques nacionales de Colombia”.</ul> </p> <p> </p> <p>Se tiene la esperanza que este requerimiento llenará el vacío en la información disponible con respecto a los posibles impactos ambientales del programa de fumigación con herbicidas. </p> <p>Para más información, puede acceder a los documentos remitidos a los legisladores en los Estados Unidos: </p> <p> <ul> <li><a href="/?q=plancolombia_cicadstudy">Crítica de AIDA sobre la evaluación de la CICAD-Organización de los Estados Americanos del programa de fumigación.</li> <li>{DOC DESARROLLO_ALTERNATIVO.pdf Carta de organizaciones colombianas pidiendo un cambio en la política de los Estados Unidos que reemplace la fumigación por estrategias alternativas de desarrollo sostenible -</a></li> <li><a href="http://www.lawg.org/countries/colombia/rethinking.htm">Otros documentos de ciudadanos y ONGs</a></li></ul> </p> <p><b><a href="/?q=plancolombia">Lea más acerca de las fumigaciones del Plan Colombia</a></b> </p> <p><CENTER><a href="/?q=donate">Apoye a AIDA</a></CENTER></p> ', '', '', NOW(), 1);
INSERT INTO url_alias (src, dst, language) VALUES ('node/134','plancolombia_reportingrequirements','en');
INSERT INTO url_alias (src, dst, language) VALUES ('node/1134','plancolombia_reportingrequirements','es');
INSERT INTO node
            (nid,            vid,            type,  language,title,             uid, status, created, changed, comment, promote, moderate, sticky, tnid, translate) VALUES
            (135,     135,     'book','en',    'Spraying in National Parks',1,   1,      NOW(),   NOW(), 0,0,0,0,135,0),
            (1135,1135,'book','es',    'Fumigaciones en Parques Nacionales de Colombia',1,   1,      NOW(),   NOW(), 0,0,0,0,135,0);
INSERT INTO book (mlid, nid, bid) VALUES (10240,135,1),(10241,1135,1001);
INSERT INTO node_revisions
              (nid,       vid,       uid, title,              body,             teaser,          log, timestamp,format) VALUES
              (135,135,1,   'Spraying in National Parks', '<p>AIDA is working to prevent the Colombian government from spraying herbicides in Colombia’s national parks as part of the US-funded coca-crop eradication program. Instead of aerial spraying, AIDA and many other citizen groups and NGOs favor long-term participatory sustainable development projects –including manual eradication- that will protect Colombian parks and biodiversity. </p> <p>Some grave concerns with the proposal to spray the parks include: </p> <p> <ul> <li>The herbicide mixture used could cause serious environmental harm to some of the most biodiverse areas in the world – Colombia’s national parks.</li> <li>The spraying program has caused the displacement of coca crops to more remote regions, thus increasing deforestation and expanding the area affected by the chemical contamination associated with coca processing. The spraying program itself is one reason why coca cultivation now occurs in some parks.</li> <li>Aerial spraying of herbicides in the national parks violates Colombian laws and international environmental agreements.</li> <li>More effective methods for eradicating illicit crops exist, and have been proven successful in preserving biodiversity hotspots. These strategies should be implemented in Colombia’s national parks.</li></ul> </p> <p> </p> <p>Flagrantly disregarding Colombian environmental laws, in 2003 the Colombian government authorized the spraying of national parks. However, thanks to pressure from AIDA and other dedicated organizations and citizens, the government reversed this decision. In March 2004, the Colombian Ministry of Environment, Housing and Land stated that parks should not be sprayed until other alternatives – like manual eradication -- have been tried. </p> <p>Nevertheless, in April 2005, Colombian officials again stated that they would spray coca crops in national parks using a mixture of glyphosate and surfactants. This latest proposal appears to target mainly the Sierra Nevada de Santa Marta, Sierra de la Macarena, and Catatumbo-Barí National Parks. </p> <p>In September of 2004, AIDA filed suit to challenge the Colombian government decision to authorize spraying in the parks. We are confident that the Colombian State Council will eventually make the right decision, and issues a ruling that protects Colombia’s environment and biodiversity, and upholds Colombian law. </p> <p>{DOC CARTA_URIBE_2005.pdf Read AIDA’s 2005 letter to President Uribe opposing sprayings in National Parks} </p> <p>{DOC CARTA_URIBE_2004.pdf Read AIDA’s 2004 letter to President Uribe opposing sprayings in National Parks} </p> <p><a href="/?q=plancolombia">Read more about Plan Colombia Spraying</a> </p> <p><CENTER><a href="/?q=donate">Donate to AIDA</a></CENTER></p> ','', '', NOW(), 1),
              (1135,1135,1,'Fumigaciones en Parques Nacionales de Colombia', '<p>AIDA esta trabajando para evitar que el gobierno Colombiano, en la implementación del programa de erradicación de cultivos de coca financiado por el gobierno de Estados Unidos, fumigue los Parques Nacionales con herbicidas. En lugar de ello, AIDA y muchas otros grupos de ciudadanos y ONG’s proponemos la implementación de proyectos participativos de desarrollo alternativo sostenible que puedan proteger los parques y la biodiversidad colombiana. </p> <p>Algunas de las preocupaciones más graves de las fumigaciones en parques incluyen: </p> <p> <ul> <li>La mezcla de herbicida que se usa puede causar serios impactos ambientales en algunas de las áreas más biodversas del planeta: los Parques Nacionales Colombianos</li> <li>El programa de fumigaciones ha causado el desplazamiento de cultivos de coca a áreas más aisladas, incrementando la deforestación y aumentando el área afectada por la contaminación de plaguicidas usados en cultivos de coca. Las fumigaciones mismas son una de las razones por las cuales existen cultivos de coca en los parques.</li> <li>La fumigación aérea de plaguicidas en parques nacionales viola las leyes colombianas y tratados internacionales ambientales.</li> <li>Existen métodos mucho más efectivos para erradicar los cultivos de uso ilícito, que han dado resultados en la conservación de áreas estratégicas de biodiversidad. Estos métodos deberían implementarse en los Parques Nacionales de Colombia.</li></ul> </p> <p>Ignorando de manera flagrante las normas ambientales colombianas, en 2003 el gobierno autorizó la fumigación en parques nacionales. A pesar de ello, y gracias a la presión de AIDA y otras organizaciones y ciudadanos comprometidos, el gobierno se abstuvo de implementar la decisión. En Marzo de 2004 la Ministra de Ambiente, Vivienda y Desarrollo Territorial declaró que no se iban a fumigar los parques antes de implementar otras alternativas. </p> <p>A pesar de ello, en Abril de 2005, funcionarios colombianos nuevamente expresaron la intención de fumigar cultivos de coca en parques nacionales, usando una mezcla de glifosato más surfactantes. Esta propuesta se implementaría en los Parques de la Sierra Nevada de Santa Marta, Sierra de la Macarena y Catatumbo-Barí. </p> <p>Por ser ilegal, en Septiembre de 2004 AIDA demandó la decisión del gobierno colombiano de fumigar los Parques. Esperamos que el Consejo de Estado tome la decisión correcta, dicte una sentencia que proteja el ambiente y la biodiversidad, y haga cumplir las normas en Colombia. </p> <p>{DOC CARTA_URIBE_2004.pdf Lea la carta de AIDA al Presidente Uribe contra las fumigaciones en Parques Nacionales, 2004} </p> <p>{DOC CARTA_URIBE_2005.pdf Lea la carta de AIDA al Presidente Uribe contra las fumigaciones en Parques Nacionales, 2005}</p> <p><a href="/?q=plancolombia">Lea más acerca de las fumigaciones del Plan Colombia</a> </p> <p><CENTER><a href="/?q=donate">Apoye a AIDA</a></CENTER></p> ', '', '', NOW(), 1);
INSERT INTO url_alias (src, dst, language) VALUES ('node/135','plancolombia_nospraying','en');
INSERT INTO url_alias (src, dst, language) VALUES ('node/1135','plancolombia_nospraying','es');
INSERT INTO node
            (nid,            vid,            type,  language,title,             uid, status, created, changed, comment, promote, moderate, sticky, tnid, translate) VALUES
            (146,     146,     'book','en',    'Government Documents',1,   1,      NOW(),   NOW(), 0,0,0,0,146,0),
            (1146,1146,'book','es',    '',1,   1,      NOW(),   NOW(), 0,0,0,0,146,0);
INSERT INTO book (mlid, nid, bid) VALUES (10242,146,1),(10243,1146,1001);
INSERT INTO node_revisions
              (nid,       vid,       uid, title,              body,             teaser,          log, timestamp,format) VALUES
              (146,146,1,   'Government Documents', '<p>  <h5>COMMUNICATIONS WITH U.S. GOVERNMENT</h5> </br> </p> <p> <ol> <li><a href="http://www.state.gov/g/inl/rls/rpt/aeicc/c10854.htm">DoS 2003 Certification to the US Congress</a> <li><a href="/?q=plancolombia_conditionsnotmet2003">Conditions not met in 2003</a> <li>{DOC LETTER_TO_EPA.pdf Letter from Earthjustice to EPA (June 2003)--} <li>{DOC LETTER_TO_STATE.pdf Letter from Earthjustice to the Department of State (June 2003)--} <li><a href="http://www.earthjustice.org/urgent/documents/EPA_Letter_7-11-03.pdf">Reply from EPA (July 2003)</a> <li>{DOC RESPONSE_TO_EPA.pdf Earthjustice Response to EPA (October 2003)--} <li>{DOC REPLY_DOS.pdf Reply from the Department of State (August 2003)--} <li>{DOC RESPONSE_TO_STATE.pdf Earthjustice Response to the Department of State (October 2003)--} </p> <p></ol> </p> <p>Other Government Documents:</p> <p>{DOC LETTER03-09.pdf <b>Letter to State Council June 17, 2003</b> (Spanish only)}</p> ','', '', NOW(), 1),
              (1146,1146,1,'', '<p> <li><a href="http://usembassy.state.gov/colombia/wwwsea02.shtml">Certificación del Departamento de Estado al Congreso de los EEUU</a> <li><a href="/?q=plancolombia_conditionsnotmet2003">Condiciones incumplidas de 2003</a> <li>{DOC LETTER03-09.pdf <b>Carta al Consejo de Estado</b>} <li>{DOC 2002_Comments_on_DoS-SP.pdf Amenazas al Ambiente y a la Salud Humana por las Fumigaciones-Críticas a ls Certificación del Departamento de Estado presentada al Congreso de los EEUU en 2002--}</li>  <h4>COMUNICACIONES CON EL GOBIERNO DE LOS EE.UU. (en inglés)</h4>  <ol> <li>{DOC LETTER_TO_EPA.pdf Letter from Earthjustice to EPA (June 2003)--} <li>{DOC LETTER_TO_STATE.pdf Letter from Earthjustice to the Department of State (June 2003)--} <li><a href="http://www.earthjustice.org/urgent/documents/EPA_Letter_7-11-03.pdf">Reply from EPA (July 2003)</a> <li>{DOC RESPONSE_TO_EPA.pdf Earthjustice Response to EPA (October 2003)--} <li>{DOC REPLY_DOS.pdf Reply from the Department of State (August 2003)--} <li>{DOC RESPONSE_TO_STATE.pdf Earthjustice Response to the Department of State (October 2003)--} </p> <p></ol></p> ', '', '', NOW(), 1);
INSERT INTO url_alias (src, dst, language) VALUES ('node/146','plancolombia_governmentdoc','en');
INSERT INTO url_alias (src, dst, language) VALUES ('node/1146','plancolombia_governmentdoc','es');
INSERT INTO node
            (nid,            vid,            type,  language,title,             uid, status, created, changed, comment, promote, moderate, sticky, tnid, translate) VALUES
            (136,     136,     'book','en',    'Jop opening',1,   1,      NOW(),   NOW(), 0,0,0,0,136,0),
            (1136,1136,'book','es',    'Oferta de trabajo',1,   1,      NOW(),   NOW(), 0,0,0,0,136,0);
INSERT INTO book (mlid, nid, bid) VALUES (10244,136,1),(10245,1136,1001);
INSERT INTO node_revisions
              (nid,       vid,       uid, title,              body,             teaser,          log, timestamp,format) VALUES
              (136,136,1,   'Jop opening', '<p>AIDA (www.aida-americas.org) is a small U.S.- based international environmental non-profit organization. AIDA is seeking contractors to help produce a 400-word monthly news article (The Update) for the general public on selected aspects of AIDA’s work, and possibly other AIDA communications projects. See: http://www.aida-americas.org/aida.php?page=news_updates. </p> <p>1) Author: Writing the Update requires interviewing individuals, reviewing background materials, conducting limited research online, writing and editing, and selecting graphics and captions. Candidates must be able to demonstrate excellent writing skills in English; proficiency in speaking, reading, and writing in Spanish; strong interpersonal skills; and an ability work independently and meet deadlines. Familiarity with environmental issues is a plus. (Maximum 12 hours per month) </p> <p>2) Web Designer & Coder: Preparing and distributing the Update involves designing and coding the web page; uploading the Update, graphics, and related web pages to our CMS; and distributing the Update using Email Now. Candidates must possess proficiency with Dreamweaver or similar html design program; good eye for detail and attractive web presentation; strong interpersonal skills; and an ability to work independently and meet deadlines. (Maximum 4 hours per month.) </p> <p>Hourly pay is negotiable, on a non-profit scale, and depending on experience. </p> <p>To apply, please submit your resume, cover letter, and a relevant sample work product to Kirsten Anderson at: <a href="aida@aida-americas.org">aida@aida-americas.org</a>.</p> ','', '', NOW(), 1),
              (1136,1136,1,'Oferta de trabajo', '<p>AIDA (www.aida-americas.org), una pequeña organización internacional sin fines de lucro con sede en Estados Unidos, está buscando prestadores de servicio externos que ayuden a producir un artículo mensual de 400 palabras (la Actualización) para el público en general sobre aspectos específicos del trabajo de AIDA y, posiblemente, de otros de sus proyectos de comunicación. Ve aquí para más información: http://www.aida-americas.org/aida.php?page=169&lang=es. </p> <p>1) Autor: Escribir la Actualización requiere la entrevista con personas, la revisión de materiales sobre el contexto, realizar una mínima investigación en línea, escribir y editar, y seleccionar gráficas y titulares. Los candidatos deben demostrar una excelente habilidad para redactar en español; una suficiencia para hablar, leer y escribir en inglés; y capacidad para trabajar independientemente y cumplir con fechas límite de entrega. La familiaridad con temas medioambientales es una ventaja. (Un máximo de 12 horas por mes.) </p> <p>2) Diseñador de páginas Web y codificación: La preparación y distribución de la Actualización involucra el diseño y la codificación de la página Web; cargar la actualización, las gráficas y páginas de Internet relacionadas en nuestro Sistema Gestor de Contenidos (CMS, por sus siglas en inglés); y la distribución de la Actualización mediante el servicio Email Now. Los candidatos deben poseer una suficiencia en el manejo de Dreamweaver o un programa similar de diseño html; buen ojo para presentaciones Web detalladas y atractivas; fuertes habilidades interpersonales; y una capacidad para trabajar independientemente y cumplir con fechas límite de entrega. (Un máximo de 4 horas por mes.) </p> <p>El pago por hora es negociable, sobre una escala sin fines de lucro, y dependiendo de la experiencia. </p> <p>Para hacer una solicitud, por favor remite tu currículum vitae, un texto breve que explique por qué deseas laborar con AIDA y un ejemplo de tu trabajo a Kirsten Anderson en la dirección electrónica: <a href="aida@aida-americas.org">aida@aida-americas.org</a>.</p> ', '', '', NOW(), 1);
INSERT INTO url_alias (src, dst, language) VALUES ('node/136','job_updates','en');
INSERT INTO url_alias (src, dst, language) VALUES ('node/1136','job_updates','es');
INSERT INTO node
            (nid,            vid,            type,  language,title,             uid, status, created, changed, comment, promote, moderate, sticky, tnid, translate) VALUES
            (137,     137,     'book','en',    'What is Plan Colombia?',1,   1,      NOW(),   NOW(), 0,0,0,0,137,0),
            (1137,1137,'book','es',    '¿Qué es el Plan Colombia?',1,   1,      NOW(),   NOW(), 0,0,0,0,137,0);
INSERT INTO book (mlid, nid, bid) VALUES (10246,137,1),(10247,1137,1001);
INSERT INTO node_revisions
              (nid,       vid,       uid, title,              body,             teaser,          log, timestamp,format) VALUES
              (137,137,1,   'What is Plan Colombia?', '<p><b><a href="#What">What is Plan Colombia?</a> </p> <p><a href="#prog">What is the aerial eradication program?</a> </p> <p><a href="#cond">What conditions should the eradication program fulfill in Colombia?</a> </p> <p><a href="#EMP">Has the eradication program fulfilled the EMP conditions?</a> </p> <p><a href="#ccts">What do the Colombian courts say?</a> </p> <p><a href="#hr">Human rights and other norms the eradication program disregards</a> </p> <p><a href="#eff">Some effects of the aerial eradication program</a> </p> <p><a href="#tool">Is the aerial eradication program an effective tool for reducing drug production?</a> </p> <p><a href="#alt">What are the alternatives?</a> </p> <p><a href="#bib">Bibliography</a></b> </p> <p>{DOC engbrochure.pdf <b>Plan Colombia Brochure</b> available in PDF format} </p> <p><a name="What" /> </p> <p><b>What is Plan Colombia?</b> </p> <p>Plan Colombia is a strategy adopted by the governments of Colombia and the United States to combat the production and trafficking of cocaine and heroin. The program was started in 2000 to strengthen anti-drug and counter-guerilla operations in Colombia. As of 2003, the United States had contributed more than $3 billion; 80% was directed to the police and armed forces, while less than 20% was designated for socio-economic aid. </p> <p><a name="prog" /> </p> <p><b>What is the aerial eradication program?</b> </p> <p>The Illicit Crops Aerial Eradication Program is part of Plan Colombia, and is the program under which aerial fumigations are carried out. The program is implemented by the U.S. Department of State and Colombia\'s National Narcotics Directorate (known by its Spanish acronym, DNE). Spraying has been carried out in the departments of Antioquia, Bolívar, Boyacá, Cauca, Caquetá, Cesar, Córdoba, Guaviare, Huila, Nariño, Norte de Santander, Putumayo, Santander, Tolima, and Vichada, among others. </p> <p>The Colombian aerial eradication program uses an herbicide mixture (known commercially as "Roundup") that contains the active ingredient glyphosate, surfactants (substances that improve and increase the active ingredient\'s effect), and water. At first, a mixture containing Roundup Export was used, but the use of this mixture gave rise to numerous reports of severe harms to human health and the environment. This is not surprising considering that the U.S. Environmental Protection Agency (EPA) warned that this herbicide could cause severe skin irritation and irreversible eye damage. The herbicide was changed to another formulation of Roundup, but there is still no conclusive data on the long-term human health and environmental impacts caused by either Roundup Export or the mixture now in use. </p> <p><a name="cond" /> </p> <p><b>What conditions should the eradication program fulfill in Colombia?</b> </p> <p>The aerial eradication program must comply with the Environmental Management Plan (EMP), a set of criteria established by Colombia\'s Ministry of Environment, Housing, and Land Development (MAVDT) to protect people and the environment from harms caused by glyphosate spraying. The most important criteria include: preparation of environmental and socioeconomic studies; designation of buffer zones to protect sensitive areas; implementation of a monitoring and oversight plan; and an independent technical audit. The U.S. Congress has also made compliance with the EMP a prerequisite for funding the purchase of the chemicals used in spraying. </p> <p><a name="EMP" /> </p> <p><b>Has the eradication program fulfilled the EMP conditions?</b> </p> <p>No. In June 2003, the MAVDT sanctioned the DNE for failing to comply with the Environmental Management Plan. </p> <p>Specifically, the MAVDT did not conduct environmental studies to determine the adverse effects of the spraying program or ways to mitigate these. The DNE also failed to carry out the required verification, monitoring, and research programs. Instead of forcing the DNE to comply with these requirements, in September 2003, the MAVDT changed the EMP at the DNE\'s request. The changes redistribute the responsibilities of the authorities in charge of the eradication program, reduce or eliminate buffer zones around sensitive areas, lift the ban on spraying within Colombia\'s national parks system, and increase the permitted flight altitude. Because of the latter change, there is a greater risk of glyphosate drift due to wind. The modifications to the EMP, along with the decision by the National Council on Narcotics (CNE) to authorize fumigations of Colombia\'s national parks in violation of environmental regulations, and the elimination of the requirement for an independent technical audit, demonstrate a systematic disregard for, rather than an intention to comply with, the laws. </p> <p><a name="ccts" /> </p> <p><b>What do the Colombian courts say?</b> </p> <p>Colombian court rulings have also been ignored. </p> <p>1) In October 2002, the Colombian Council of State ruled that the eradication program must comply with the EMP approved in 2001. The MAVDT\'s finding of noncompliance with the EMP\'s most important conditions, along with the subsequent modification of the EMP, demostrate the failure to comply with the State Council\'s decision. </p> <p>2) In May 2003, Colombia\'s Constitutional Court reaffirmed the government\'s obligation to consult with indigenous peoples about spraying on their land. So far, the government has initiated consultations with the Amazonian indigenous people who filed a lawsuit, but has not done so with other indigenous communities affected by the spraying program. </p> <p>3) In June 2003, the Cundinamarca Administrative Court ordered the DNE to suspend sprayings until it could comply with the EMP and conduct a scientific and medical study on the glyphosate mixture\'s impacts on the health of the inhabitants of sprayed areas. The decision was appealed before the State Council, and therefore has yet to be satisfied despite the risk to human beings and the environment. </p> <p><a name="hr" /> </p> <p><b>Human rights and other norms the eradication program disregards:</b> </p> <p>Given the conditions under which the eradication program is implemented, the basic human rights to health, food, freedom from displacement, citizen participation, and a healthy and ecologically balanced environment are being violated. Other laws being violated include the environmental regulations related to Management Plans, regulations related to pesticide use and management, and even Colombia\'s anti-narcotics law, which states that plans for coca, marijuana, or poppy eradication must be approved by health and environmental authorities. Colombia\'s natural resource laws and the regulations for Colombia\'s national parks system, which expressly prohibit the use of toxic substances in those areas, have also been disregarded. </p> <p>The eradication program also ignores the UN Convention against Illicit Traffic in Narcotic Drugs and Psychotropic Substances, which establishes that eradication measures must protect the environment. It further disregards ILO Convention 169, which requires consultation with indigenous and tribal communities prior to spraying their lands. </p> <p><a name="eff" /> </p> <p><b>Some effects of the aerial eradication program:</b> </p> <p>The eradication program has had significant negative impacts on the environment and health of the people affected. This is demonstrated by the fact that: more than 6,000 complaints have been filed with the Colombian Ombudsman\'s Office; nearly 3,000 complaints were made to the DNE in 2003; hundreds of people in Buesaco, Nariño filed a class action lawsuit in Colombia; and Ecuadorian citizens filed a lawsuit in U.S. courts against one of the companies carrying out the sprayings. In addition, the eradication program contributes to human displacement because it fuels the social and armed conflicts in the affected areas, as witnessed in Putumayo and Catatumbo. The aerial spraying program has also destroyed crops and livestock, polluted water sources, and pushed coca and poppy crops further into more distant and ecologically sensitive areas. </p> <p>Noncompliance with regulations, changing rules, disregard for court rulings, and a lack of transparency and citizen participation represent a threat to Colombian democracy. Compliance with laws and judicial rulings as well as comprehensive studies on the long-term environmental and health damage caused by the glyphosate mixture should be minimum requirements for the eradication program to continue. </p> <p><a name="tool" /> </p> <p><b>Is the aerial eradication program an effective tool for reducing drug production?</b> </p> <p>At first glance, it might seem to be. The U.N. Office on Drugs and Crime reported that the amount of land used for growing illicit crops in Colombia decreased 47% between 2000 and 2003. However, the eradication program has increased pressure on coca production in Peru and Bolivia; production has clearly increased in these neighboring countries; and coca crops have been moved to several new regions in Colombia. Ways of growing coca have also changed. Instead of cultivating large tracts of land, much smaller plots with greater plant density are being used. Finally, at the international level, the amounts of cocaine and heroin have not decreased, even though reducing supply was one of the spraying program\'s primary objectives. </p> <p><a name="alt" /> </p> <p><b>What are the alternatives?</b> </p> <p>Many alternatives to the way in which the eradication program is being implemented exist. For example, instead of indiscriminately spraying all coca and poppy crops, medium- and long-term programs to establish alternative crops should be implemented. These should include the option of voluntary eradication and provide adequate economic and institutional resources. </p> <p>Specifically, alternative crop programs should: </p> <p>1) take into account each region\'s social and cultural conditions; </p> <p>2) include tools for strengthening communities; </p> <p>3) provide timely and effective technical assistance; </p> <p>4) assist with the creation of markets to guarantee that the farmers\' products will be bought at fair prices; and </p> <p>5) link rural communities to natural resource conservation programs in areas where illicit crops are grown. </p> <p><a name="bib" /> </p> <p><b>Bibliography:</b> </p> <p> <ul> <li>AIDA, 2003. Memorandum, Changes in Colombia\'s environmental laws to implement aerial fumigations.</li> <li>Bureau for International Narcotics and Law Enforcement Affairs, US State Department, 2003.</li> <li>Center for International Policy (CIP), Press Release, March 22, 2004.</li> <li>Colombian National Narcotics Directorate (DNE), Estadísticas del Observatorio de Drogas en Colombia [Statistics of the Colombian Drug Observatory].</li> <li>Consejo de Estado, M.P. Dr. Alejandro Ordónez Maldonado, October 10, 2002.</li> <li>Consejo de Estado, M.P. Nicolás Pájaro Peñaranda, October 19, 2004.</li> <li>Consejo Nacional de Estupefacientes, CNE, Resoluciones No. 001/1994, No. 0005/2001, No. 0013/2003, No. 0031/2003.</li> <li>Corte Constitucional, Magistrado Ponente Dr. Alvaro Tafur Galvis, Sentencia SU-383, May 13, 2003.</li> <li>Defensoría Delegada para los Derechos Colectivos y el Ambiente. Resolución No 004 febrero 12, 2001, Informe No. 1, February 9, 2001.</li> <li>EPA, Assistant Administrator Johnson to Secretary of State, August and September, 2002.</li> <li>Graham Farrell, "A global empirical review of drug crop eradication and United Nations" Journal of Drug Issues, Spring 1998, Vol. 28, Issue 2.</li> <li>International Narcotics Control Board, 2003 Annual Report, available at http://www.incb.org/s/index.htm.</li> <li>Ministerio del Ambiente, Vivienda y Desarrollo Territorial, Resoluciones No. 1065/2001, No. 341/2001, 99/2003, No. 670/2003.</li> <li>Moreno-Sanchez, Kraybill, Thompson, "An Econometric Analysis of Coca Eradication Policy in Colombia," World Development Vol.31, No.2, 2003.</li> <li>New York Times, September 18, 2003.</li> <li>Salinas Abdala, Yamile. "Recomendaciones defensoriales frente al programa de erradicación aérea de cultivos ilícitos con glifosato,” Cartagena de Indias, June 18, 2003.</li> <li>Tribunal Administrativo de Cundinamarca, M. P. Dra. Ayda Vides Paba, June 13, 2003, Ref.: 01-0022.</li> <li>Tullis, Lamond. Unintended Consequences: Illegal Drugs and Drug Policies in Nine Countries. Boulder, CO: Lynne Reiner Publishers, 1995. pp. 125-127.</li> <li>U.N. Office on Drugs and Crime and the Government of Colombia, "Colombia: Encuesta de Coca," June 2004.</li> <li>U.S. Department of State, Bureau for International Narcotics and Law Enforcement Affairs, International Narcotics Control Strategy Report, March 2004.</li></ul></p> ','', '', NOW(), 1),
              (1137,1137,1,'¿Qué es el Plan Colombia?', '<p><b><a href="#what">¿Qué es el Plan Colombia?</a> </p> <p><a href="#PECIG">¿Qué es el PECIG?</a> </p> <p><a href="#cond">¿Qué condiciones debe cumplir el PECIG en Colombia?</a> </p> <p><a href="#ha">¿Se ha cumplido con el PMA del PECIG?</a> </p> <p><a href="#las">¿Que dicen las cortes colombianas?</a> </p> <p><a href="#otras">Derechos Humanos y otras normas que el PECIG desconoce</a> </p> <p><a href="#al">Algunas consecuencias del PECIG</a> </p> <p><a href="#prod">¿Es el PECIG una herramienta eficaz para disminuir la producción de drogas?</a> </p> <p><a href="#alt">¿Cuáles son las alternativas?</a> </p> <p><a href="#bib">Bibliografía</a> </p> <p></b></p> <p>{DOC brochure.pdf <b>Folleto</b> disponible en formato PDF} </p> <p><a name="what" /> </p> <p><b>¿Qué es el Plan Colombia?</b> </p> <p>Una estrategia de los gobiernos de Colombia y de los Estados Unidos contra la producción y tráfico de cocaína y heroína. Se inició en el año 2000 para fortalecer las operaciones anti-narcóticos y de contraguerrilla en Colombia. Hasta el 2003, los Estados Unidos habían aportado más de USD $3 mil millones: 80% para las Fuerzas Militares y la Policía y menos del 20% para ayuda socioeconómica. </p> <p><a name="PECIG" /> </p> <p><b>¿Qué es el PECIG?</b> </p> <p>El Programa de Erradicación de Cultivos Ilícitos con Glifosato (PECIG) hace parte del Plan Colombia y es mediante el cual se realizan las fumigaciones aéreas. Este programa es implementado por el Departamento de Estado de los EEUU y la Dirección Nacional de Estupefacientes (DNE) de Colombia. Entre otros, se ha fumigado en los departamentos de: Antioquia, Bolívar, Boyacá, Cauca, Caquetá, Cesar, Córdoba, Guaviare, Huila, Nariño, Norte de Santander, Putumayo, Santander, Tolima y Vichada. </p> <p>El PECIG usa una mezcla de pesticida (conocido comercialmente como “Roundup”) compuesta por Glifosato como ingrediente activo, surfactantes (sustancias que mejoran y amplían el efecto del ingrediente activo) y agua. Al principio se usó Roundup Export en una mezcla cuyo uso generó multiples informes denunciando graves daños en la salud humana y en el ambiente. Lo anterior no es sorprendente, dado que la Agencia de Protección Ambiental de los Estados Unidos (EPA) advirtió que el pesticida usado podía causar irritación severa en la piel y daño irreversible en los ojos. El pesticida se cambió a otra formulación de Roundup, pero hasta el momento no existen datos concluyentes que evalúen a largo plazo los daños sobre seres humanos y animales de éste, ni de la mezcla que se usa en la actualidad. </p> <p><a name="cond" /> </p> <p><b>¿Qué condiciones debe cumplir el PECIG en Colombia?</b> </p> <p>El PECIG debe cumplir con el Plan de Manejo Ambiental (PMA), que es un conjunto de condiciones fijadas por el Ministerio del Ambiente, Vivienda y Desarrollo Territorial (MAVDT) en Colombia para proteger el medio ambiente y las personas de los daños que las fumigaciones causan. Dentro de las condiciones más importantes se incluyen estudios ambientales y socioeconómicos, definición de franjas de seguridad para proteger zonas sensibles, implementación de un plan de monitoreo y vigilancia y una auditoría técnica independiente. El Congreso de los EEUU también exigió el cumplimiento del PMA para financiar la compra de químicos con los cuales se fumiga. </p> <p><a name="ha" /> </p> <p><b>¿Se ha cumplido con el PMA del PECIG?</b> </p> <p>No. En Junio del 2003 el MAVDT sancionó a la DNE por no cumplir el PMA. Específicamente, por no realizar los estudios ambientales para determinar los daños que el PECIG causa y la forma de mitigarlos, ni el programa de verificación y control, ni los programas de investigación requeridos. En lugar de hacer cumplir estos requisitos, en septiembre del 2003 el MAVDT, por solicitud de la DNE, modificó el PMA. En las modificaciones, además de redistribuir las funciones de las entidades a cargo del PECIG, se eliminó o disminuyó las franjas de seguridad para las áreas sensibles, se excluyó la prohibición de fumigar el Sistema Nacional de Parques Nacionales Naturales (SNPNN) y se incrementó la altura de los vuelos. Por ello, el riesgo del efecto deriva es mayor por el impacto de los vientos. Todo esto, sumado a la decisión del Consejo Nacional de Estupefacientes (CNE) de autorizar las fumigaciones del SNPNN en contra de las normas ambientales y la eliminación de la exigencia de una auditoría técnica que sea externa, evidencia el desconocimiento sistemático de las normas en lugar de la intención de hacerlas cumplir. </p> <p><a name="las" /> </p> <p><b>¿Que dicen las cortes colombianas?</b> </p> <p>Las sentencias de las cortes colombianas también se han ignorado. </p> <p> <ul><b>1)</b> El Consejo de Estado (octubre, 2002), decidió una acción popular instaurada en Nariño, exigiendo que el PECIG cumpla con el PMA aprobado en el 2001. La sanción del MAVDT por el incumplimiento de las condiciones más importantes y más aún, la modificación del PMA, evidencian el incumplimiento de la decisión del Consejo de Estado. <br /><b>2)</b> La Corte Constitucional (mayo, 2003), reiteró la obligación del gobierno colombiano de consultar con los pueblos indígenas la ejecución del PECIG en sus territorios. Hasta el momento, el gobierno sólo ha iniciado el proceso de consulta con los indígenas del Amazonas que demandaron, pero no con los demás pueblos indígenas afectados por el PECIG. <br /><b>3)</b> El Tribunal Administrativo de Cundinamarca (junio, 2003) ordenó a la DNE suspender las fumigaciones hasta que cumpla el PMA y se realice un estudio médico-científico sobre los efectos de la mezcla de glifosato en la salud de los habitantes de las zonas fumigadas. La Consejo de Estado decidió en la apelación (Octubre 2004) no suspender las fumigaciones, pero insistió en el cumplimiento estricto del PMA del 2001 por el riesgo para el ambiente y los seres humanos.</ul> </p> <p><a name="otras" /> </p> <p><b> </p> <p>Derechos Humanos y otras normas que el PECIG desconoce:</b> </p> <p>Dadas las condiciones bajo las cuales se aplica el PECIG, se violan los derechos humanos a la salud, a la alimentación, a no ser desplazado, a la participación ciudadana, y a un ambiente sano y ecológicamente equilibrado. Se desconocen también las normas ambientales aplicables para los PMA, las normas de uso y manejo de pesticidas e incluso el Estatuto Anti-Narcóticos, que obliga consultar a las autoridades ambientales y de salud acerca de la forma de erradicar cultivos de coca, amapola o marihuana. Adicionalmente, se desconocen el Código de Recursos Naturales y la Reglamentación del Sistema Nacional de Parques Nacionales Naturales, que prohíben expresamente el uso de sustancias tóxicas en estas zonas. </p> <p>El PECIG ignora también la Convención de las Naciones Unidas contra el Tráfico Ilícito de Estupefacientes y Sustancias Sicotrópicas, que exige que las medidas de erradicación protejan el medio ambiente; y la Convención 169 de la OIT, acerca de la obligación de consultar el PECIG con las comunidades indígenas y tribales, antes de fumigar sus territorios. </p> <p><a name="al" /> </p> <p><b>Algunas consecuencias del PECIG:</b> </p> <p>El PECIG ha ocasionado importantes consecuencias negativas para el ambiente y la salud humana de las personas afectadas. Así lo demuestran las más de 6,000 quejas ante la Defensoría del Pueblo colombiana, casi 3,000 quejas presentadas durante el 2003 ante la DNE e incluso demandas judiciales de cientos de personas, como la acción de grupo de Buesaco, Nariño, o la de ciudadanos ecuatorianos en contra de una empresa fumigadora en las cortes de los EEUU. Aún más, el PECIG es una importante causa de desplazamiento, por que es un factor que agrava el conflicto social y armado en donde se implementa, como ha sucedido en el Putumayo y en Catatumbo. El PECIG también ha destruido cultivos y animales, contaminado fuentes de agua y motivado el desplazamiento de los cultivos de coca y amapola hacia áreas más lejanas y ambientalmente más sensibles. </p> <p>El incumplimiento y modificación de las normas, la ignorancia de las decisiones de los jueces, y la falta de transparencia y participación ciudadana constituyen una amenaza a la democracia colombiana. Por lo anterior, la observancia de las leyes y sentencias judiciales, así como la elaboración de estudios integrales que determinen los daños ambientales y en la salud humana que la mezcla de glifosato causa en Colombia a largo plazo, son condiciones mínimas para que el PECIG se continúe implementando. </p> <p><a name="prod" /> </p> <p><b>¿Es el PECIG una herramienta eficaz para disminuir la producción de drogas?</b> </p> <p>A simple vista pudiera parecer que sí lo es. La Oficina de Crimen y Drogas de las Naciones Unidas informó que el área de los cultivos de uso ilícito en Colombia se redujo en un 47% entre el 2000 y el 2003. Sin embargo, el PECIG ha aumentado la presión sobre la producción de coca en Perú y Bolivia; la producción ha aumentado claramente en éste último país, y los cultivos se han desplazado a varias regiones de Colombia. La forma de cultivar coca también ha cambiado, pues en lugar de cultivar grandes extensiones de tierra, ahora se cultivan parcelas mucho más pequeñas, y la densidad de las plantas es mayor. Finalmente, ni la cantidad de cocaína ni de heroína a nivel internacional han disminuido, a pesar de ser éste uno de los objetivos principales de las fumigaciones. </p> <p><a name="alt" /> </p> <p><b>¿Cuáles son las alternativas?</b> </p> <p>Muchas son las alternativas existentes a la forma en que el PECIG se está implementando. Por ejemplo, en lugar de fumigar indiscriminadamente todos los cultivos de coca y de amapola, se deben ejecutar programas alternativos a mediano y largo plazo que incluyan la posibilidad de hacer erradicación voluntaria, y que brinden los recursos económicos e institucionales adecuados. Concretamente, los programas alternativos deben: </p> <p> <ul>1) considerar las condiciones sociales y culturales de cada región; <br />2) incluir herramientas para fortalecer las comunidades; <br />3) brindar asistencia técnica oportuna y eficiente; <br />4) crear una red de comercialización adecuada, que garantice a los campesinos la compra de sus productos a precios justos, y que cree mercados para dichos productos; <br />5) vincular a las comunidades rurales en zonas de cultivos de uso ilícito a proyectos de conservación de los recursos naturales.</ul> </p> <p>Para mayor información, comuníquese con AIDA a: plancolombia@aida-americas.org </p> <p><a name="bib" /> </p> <p><b>Bibliografía:</b> </p> <p> <ul> <li>AIDA, 2003. Memorando Cambios de leyes ambientales en Colombia para implementar las fumigaciones.</li> <li>Bureau for International Narcotics and Law Enforcement Affairs, U.S State Department, 2003.</li> <li>Center for Internacional Policy (CIP), comunicado de prensa, marzo 22, 2004.</li> <li>Consejo de Estado, M. P. Dr. Alejandro Ordónez Maldonado, octubre 10, 2002.</li> <li>Consejo de Estado, M.P. Nicolás Pájaro Peñaranda, octubre 19, 2004.</li> <li>Consejo Nacional de Estupefacientes, CNE, Resoluciones No. 001/1994, No. 0005/2001, No. 0013/2003, No. 0031/2003.</li> <li>Corte Constitucional, Magistrado Ponente Dr. Alvaro Tafur Galvis, Sentencia SU-383, mayo 13, 2003.</li> <li>Defensoría Delegada para los Derechos Colectivos y el Ambiente. Resolución No 004 febrero 12, 2001, Informe No. 1, febrero 9, 2001.</li> <li>Departamento de Estado, EEUU, Oficina Internacional de Narcóticos y Asuntos de Ejecución Legal, Informe de la Estrategia Internacional de Control de Narcóticos (INCSR en inglés) marzo, 2004.</li> <li>Dirección Nacional de Estupefacientes, Estadísticas del Observatorio de Drogas en Colombia.</li> <li>EPA, Asistente de la Dirección, Johnson al Secretario de Estado, agosto y septiembre, 2002.</li> <li>Graham Farrell, "A global empirical review of drug crop eradication and United Nations" Journal of Drug Issues, Spring 1998, Vol. 28, Issue 2.</li> <li>Junta Internacional de Fiscalización de Estupefacientes, Informe Anual 2003. (http://www.incb.org/s/index.htm)</li> <li>Lamond Tullis, Unintended Consequences: Illegal Drugs and Drug Policies in Nine Countries”; 1995, Lynne Rienner Publishers, Inc. Boulder, CO, p. 125-127.</li> <li>Ministerio del Ambiente, Vivienda y Desarrollo Territorial, Resoluciones No. 1065/2001, No. 341/2001, 99/2003, No. 670/2003.</li> <li>Moreno-Sanchez, Kraybill, Thompson, "An Econometric Analysis of Coca Eradication Policy in Colombia," World Development Vol.31, No.2, 2003.</li> <li>New York Times, septiembre 18, 2003.</li> <li>Oficina de las Naciones Unidas para el Control de las Drogas y Crimen y el Gobierno de Colombia, "Colombia: Encuesta de Coca", junio 2004.</li> <li>Salinas Abdala, Yamile. “Recomendaciones defensoriales frente al programa de erradicación aérea de cultivos ilícitos con glifosato, Cartagena de Indias, junio 18 de 2003.</li> <li>Tribunal Administrativo de Cundinamarca, M. P. Dra. Ayda Vides Paba, junio 13, 2003, Ref.: 01-0022.</li></ul></p> ', '', '', NOW(), 1);
INSERT INTO url_alias (src, dst, language) VALUES ('node/137','plancolombia_brochure','en');
INSERT INTO url_alias (src, dst, language) VALUES ('node/1137','plancolombia_brochure','es');
INSERT INTO node
            (nid,            vid,            type,  language,title,             uid, status, created, changed, comment, promote, moderate, sticky, tnid, translate) VALUES
            (138,     138,     'book','en',    'AIDA T-Shirts',1,   1,      NOW(),   NOW(), 0,0,0,0,138,0),
            (1138,1138,'book','es',    '',1,   1,      NOW(),   NOW(), 0,0,0,0,138,0);
INSERT INTO book (mlid, nid, bid) VALUES (10248,138,1),(10249,1138,1001);
INSERT INTO node_revisions
              (nid,       vid,       uid, title,              body,             teaser,          log, timestamp,format) VALUES
              (138,138,1,   'AIDA T-Shirts', '<p>AIDA is selling <b>100% organic cotton Patagonia T-shirts</b> with our four-color logo for $15. To place an order, please send a check or money order to <a href="/?q=contact">AIDA in Oakland</a>.</p> ','', '', NOW(), 1),
              (1138,1138,1,'', '<p>AIDA está vendiendo <b>camisetas hechas de algodón Patagonia totalmente orgánico</b>, con nuestro logotipo a cuatro colores por US$15!! Para hacer un pedido, por favor envíe un cheque u orden de pago a <a href="/?q=contact">AIDA en Oakland</a>.</p> ', '', '', NOW(), 1);
INSERT INTO url_alias (src, dst, language) VALUES ('node/138','help_products','en');
INSERT INTO url_alias (src, dst, language) VALUES ('node/1138','help_products','es');
INSERT INTO node
            (nid,            vid,            type,  language,title,             uid, status, created, changed, comment, promote, moderate, sticky, tnid, translate) VALUES
            (139,     139,     'page','en',    'Internship and Job Opportunities',1,   1,      NOW(),   NOW(), 0,0,0,0,139,0),
            (1139,1139,'page','es',    '',1,   1,      NOW(),   NOW(), 0,0,0,0,139,0);
INSERT INTO book (mlid, nid, bid) VALUES (10250,139,1),(10251,1139,1001);
INSERT INTO node_revisions
              (nid,       vid,       uid, title,              body,             teaser,          log, timestamp,format) VALUES
              (139,139,1,   'Internship and Job Opportunities', '<p> <br></p> <p><a href="/?q=136">Author and web designer</a> </p> <p> <br></p> <p><a href="/?q=188">Communications internship and volunteer opportunity</a> </p> <p> <br></p> <p><a href="/?q=81">Other internships and volunteer opportunities</a></p> ','', '', NOW(), 1),
              (1139,1139,1,'', '<p> <br></p> <p><a href="/?q=136">Autor y diseñador de la web</a> </p> <p> <br></p> <p><a href="/?q=188">Pasantía en comunicación y oportunidad de voluntariado</a> </p> <p> <br></p> <p><a href="/?q=81">Otras pasantías y oportunidades de voluntariado</a></p> ', '', '', NOW(), 1);
INSERT INTO url_alias (src, dst, language) VALUES ('node/139','help_volunteer','en');
INSERT INTO url_alias (src, dst, language) VALUES ('node/1139','help_volunteer','es');
INSERT INTO node
            (nid,            vid,            type,  language,title,             uid, status, created, changed, comment, promote, moderate, sticky, tnid, translate) VALUES
            (140,     140,     'book','en',    'Studies on Impacts to Health',1,   1,      NOW(),   NOW(), 0,0,0,0,140,0),
            (1140,1140,'book','es',    'Estudios de Impactos en la Salud',1,   1,      NOW(),   NOW(), 0,0,0,0,140,0);
INSERT INTO book (mlid, nid, bid) VALUES (10252,140,1),(10253,1140,1001);
INSERT INTO node_revisions
              (nid,       vid,       uid, title,              body,             teaser,          log, timestamp,format) VALUES
              (140,140,1,   'Studies on Impacts to Health', '<p> <ol> <li><a href="http://www.aida-americas.org/templates/aida/uploads/docs/INFORME_UNIVERSIDAD_SAN_LUIS_MISSOURI.pdf"><b>Study on Environmental Contamination in Homes in the Cities of La Oroya and Concepción, and Health Impacts Among Residents,</b> University of St. Louis, Missouri, December, 2005 (Spanish Text)</a> </p> <p> <br> <li><b>CDC Report</b> - Development of an Integrated Intervention Plan to Reduce Exposure to Lead and Other Contaminants in the Mining Center of La Oroya, Perú <br /><i>(Prepared by: Centers for Disease Control and Prevention/Agency for Toxic Substances and Disease Registry, May 2005)</i> </p> <p> <ul> <li>{DOC CDC_Report__August_2005.pdf CDC Report on La Oroya, August 2005}</li> <li>{DOC CDC_Appendix_G.pdf CDC Report - Appendix G}</li> <li>{DOC CDC_Appendices_A_F_H_L.pdf CDC Report - Appendicies: A - F & H - L (Appendix B is in Spanish)}</li></ul> </p> <p> <br> <li><b><a href="/?q=laoroya.health_statistics">Blood Lead Study</b> of a Selected Population in La Oroya, DIGESA, November 1999</a> </p> <p></br> </p> <p> <br> <li><a href="http://www.slu.edu/Documents/university/KnowledgeWinter07.pdf"><b>Research Meets Mission in Peru, </b> Saint Louis University School of Public Health researchers help clean up the air in La Oroya, Peru, Winter 2007</a> </p> <p></br> </p> <p> <br> <li><a href="http://www.aida-americas.org/templates/aida/uploads/docs/Peru_Serrano_1.pdf"><b>Environmental contamination in La Oroya, Peru, and its health effects in community residents</b></a> </p> <p></ol></p> ','', '', NOW(), 1),
              (1140,1140,1,'Estudios de Impactos en la Salud', '<p> <ol> <li><a href="http://www.aida-americas.org/templates/aida/uploads/docs/INFORME_UNIVERSIDAD_SAN_LUIS_MISSOURI.pdf"><b> Estudio Sobre la Contaminación Ambiental en los Hogares de La Oroya y Concepción y sus Efectos en la Salud de sus Residentes,</b> Universidad de San Luis, Missouri, Diciembre 2005</a> </p> <p> <br> <li><b>Informe de la CDC</b>: Desarrollo de un Plan de Intervención Integral para Reducir la Exposición al Plomo y otros Contaminantes en el Centro Minero de La Oroya, Perú. <br /><i>(Preparado por: los Centros de Control y Prevención de Enfermedades/Agencia para el Registro de Sustancias Tóxicas y, Agosto de 2005)</i> </p> <p> <ul> <li>{DOC Informe_CDC_La_Oroya.pdf Informe CDC La Oroya 2005}</li> <li>{DOC Anexo_H.pdf Anexo H: Tres Estudios de Caso de Fundiciones}</li> <li>{DOC Anexo_I.pdf Anexo I Quelación}</li> <br></p> <p><b>Anexos adicionales en inglés:</b> <li>{DOC CDC_Appendix_G.pdf Anexo G}</li> <li>{DOC CDC_Appendices_A_F_H_L.pdf Anexos A-F y H-L}</li></ul> </p> <p> <br> <li><b><a href="/?q=laoroya.health_statistics">Estudio de Plomo en Sangre</b> en una Poblacion Seleccionada de La Oroya, DIGESA, Noviembre de 1999</a> </p> <p></br> </p> <p> <br> <li><a href="http://www.slu.edu/Documents/university/KnowledgeWinter07.pdf"><b>Se implementa investigación en Perú</b> investigadores de la Escuela de Salud Pública de la Universidad de Saint Louis, en los Estados Unidos, ayudan a limpiar el aire en La Oroya, Perú, Invierno 2007 (solamente en inglés) </p> <p></a> </p> <p></br> </p> <p> <br> <li><a href="http://www.aida-americas.org/templates/aida/uploads/docs/Peru_Serrano_1.pdf"><b>Contaminación ambiental en La Oroya, Perú, y sus efectos sobre la salud de los oroínos</b></a> </p> <p></ol></p> ', '', '', NOW(), 1);
INSERT INTO url_alias (src, dst, language) VALUES ('node/140','laoroya.studies','en');
INSERT INTO url_alias (src, dst, language) VALUES ('node/1140','laoroya.studies','es');
INSERT INTO node
            (nid,            vid,            type,  language,title,             uid, status, created, changed, comment, promote, moderate, sticky, tnid, translate) VALUES
            (152,     152,     'book','en',    'Doe Run, Peru Requests PAMA Extensions 2005',1,   1,      NOW(),   NOW(), 0,0,0,0,152,0),
            (1152,1152,'book','es',    '',1,   1,      NOW(),   NOW(), 0,0,0,0,152,0);
INSERT INTO book (mlid, nid, bid) VALUES (10254,152,1),(10255,1152,1001);
INSERT INTO node_revisions
              (nid,       vid,       uid, title,              body,             teaser,          log, timestamp,format) VALUES
              (152,152,1,   'Doe Run, Peru Requests PAMA Extensions 2005', '<p><center><I><b>Spanish text except where noted as English</b></I></center> </p> <p>{DOC VOL_1_DOCUMENTO_DE_PRORROGA_Diciembre_17_2005.pdf <b>TEXTO Vol 1: Official request for PAMA extension - December 2005</b>} </p> <p><b>ANEXOS</b> </p> <p><b>ANEXO I : DESARROLLO DE INGENIERIA Y CRONOGRAMAS DE LOS PROYECTOS EN EJECUCION</b> </p> <p>A. Planos de ingeniería y diagramas de Gantt del proyecto de tratamiento de aguas industriales. </p> <p> <ul> <li>{DOC CRONOGRAMA_CONSTR_PTAI.pdf Diagramas de Gantt del proyecto de tratamiento de aguas industriales}</li> <li>{DOC 1_PLANTA_GRAL_AGUAS_INDUSTRIALES2.pdf Planta de Tratamiento de Aguas Residuales}</li> <li>{DOC 2_PRE_TRATAMIENTO.pdf Pretratamiento}</li> <li>{DOC 3_PRODUCT_QUIMIC_SODA_ACIDO_POLIMEROS.pdf Producto Químico cal preparada}</li> <li>{DOC 4_PRODUCTO_QUIMICO_CAL.pdf Producto Químico cal preparada}</li> <li>{DOC 5_AJUSTE_FINAL_Y_RECUPERACION.pdf Ajuste final y recuperación}</li> <li>{DOC 6_DESHIDRATACION_DE_LODOS.pdf Deshidratación de lodos}</li> <li>{DOC 7_TK_DE_ECUALIZACION.pdf Tanque de Ecualización}</li> <li>{DOC 8_CLARIFICADOR.pdf Clarificador}</li> <li>{DOC 9_PRODUCTO_QUIMICO_Cal_ALMACENAJE.pdf Productos químicas Cal- Almacenaje}</li></ul> </p> <p>B. Planos de ingeniería y diagramas de Gantt del proyecto de tratamiento de aguas servidas. </p> <p> <ul> <li>{DOC CRONOGRAMA_CONSTR_PTARS.pdf Diagramas de Gantt del proyecto de tratamiento de aguas servidas}</li> <li>{DOC PLANO_HUAYMANTA_1.pdf Planta de Tratamiento de Aguas Huaymanta: Distribución General}</li> <li>{DOC PLANO_HUAYMANTA_2.pdf Planta de Tratamiento de Aguas Huaymanta: Secciones}</li> <li>{DOC PLANO_HUAYMANTA_3.pdf Planta de Tratamiento de Aguas Huaymanta: Distribución Hidráulica}</li> <li>{DOC PLANO_CHULEC_1.pdf Planta de Tratamiento Chulec: Distribución Principal}</li> <li>{DOC PLANO_CHULEC_2.pdf Planta de Tratamiento Chulec: Instalaciones eléctricas}</li> <li>{DOC PLANO_CHULEC_3.pdf Planta de Tratamiento Chulec: Tanque de aireación y ecualización}</li> <li>{DOC PLANO_FUNDICION_1.pdf Planta de Tratamiento Fundición: Distribución General}</li> <li>{DOC PLANO_FUNDICION_2.pdf Planta de Tratamiento Fundición: Cámara de ecualización y elevación General}</li> <li>{DOC PLANO_FUNDICION_3.pdf Planta de Tratamiento Fundición: Instalaciones Hidráulicas}</li></ul> </p> <p><b>ANEXO II : ESTUDIOS RELACIONADOS CON EL PROYECTO PLANTAS DE ACIDO SULFURICO</b> </p> <p> <ul> <li>{DOC ANALISIS_DE_LA_MAQUINA_SINTERIZACION.pdf <b>English</b>: La Oroya Trip Report February, 2005 (Análisis de la máquina de sinterización - La Oroya)}</li> <li>{DOC MODERNIZACION_CIRCUITO_COBRE.pdf Ingeniería de Perfil: Estudio modernización fundición - Circuito Cobre}</li> <li>{DOC ESPECIES_DE_INTERES.pdf Ingeniería factibilidad integral fundición - recuperación y control de especies de interés}</li> <li>{DOC ESTUDIO_FACTIBIL_PLANTA_ACIDO.pdf <b>English</b>: Sulfuric Acid Plant Technical Feasibility Study (Estudio de factibilidad técnica para la planta de ácido sulfúrico actual)}</li> <li>{DOC REPOTENCIACION_PLANTA_ACIDO_ACTUAL.pdf <b>English</b>: Sulfuric Acid Plant Replacement Dry Tower, Pump Tank and Acid Coolers (Repotenciación de la planta de ácido sulfúrico actual: Ingeniería de detalle para el reemplazo de la torre de secado, tanque de retención y enfriadora de ácido sulfúrico)}</li> <li>{DOC NUEVA_PLANTA_ACIDO_CIRCUITO_PLOMO.pdf <b>English</b>: New Sulfuric Acid Plant to treat off-gas from the Lead Sinter machine (Nueva planta de ácido sulfúrico para el tratamiento de los gases de la máquina de sinterización de plomo: Ingeniería Básica)}</li> <li>{DOC NUEVA_PLANTA_ACIDO_FUNDICION_COBRE.pdf <b>English</b>: New Sulfuric Acid Plant to treat the Copper Smelter off-gas (Nueva planta de ácido sulfúrico para el tratamiento de los gases de la fundición de cobre: Ingeniería Conceptual)}</li></ul> </p> <p>{DOC PROGRAMA_MONITOREO_PARTICIPACION.pdf <b>ANEXO III : PROGRAMA DE MONITOREO Y SEGUIMIENTO CON PARTICIPACIÓN CIUDADANA</b>} </p> <p>{DOC ACTAS_TALLERES_DE_INFORMACION.pdf <b>ANEXO IV : ACTAS DE LOS CUATRO TALLERES DE INFORMACIÓN</b>} </p> <p>{DOC ACTAS_AUDIENCIAS_PUBLICAS.pdf <b>ANEXO V : ACTAS DE LAS TRES AUDIENCIAS PÚBLICAS</b>} </p> <p> </p> <p><b>ANEXO VI : ESTADOS FINANCIEROS AUDITADOS DE LOS ULTIMOS CINCO EJERCICIOS: 1999-2000, 2000-2001, 2001-2002, 2002-2003 y 2003-2004</b> </p> <p> <ul> <li>{DOC ESTADOS_FINANCIEROS_DRP_2004_2003.pdf Estados Financieros al 31 DIC 2004 y de 2003}</li> <li><a href="http://www.minem.gob.pe/archivos/dgaam/estudios/oroya/2_ANEXOS_DEL_I_AL_XI/6_ANEXO_VI_ESTADOS_FINANCIEROS/2_ESTADOS_FINANCIEROS_2003_2002/ESTADOS_FINANCIEROS_DRP_2003_2002.pdf">Estados Financieros al 31 DIC 2003 y de 2002</a></li> <li><a href="http://www.minem.gob.pe/archivos/dgaam/estudios/oroya/2_ANEXOS_DEL_I_AL_XI/6_ANEXO_VI_ESTADOS_FINANCIEROS/3_ESTADOS_FINANCIEROS_2002_2001/VI-03_ESTADOS_FINANCIEROS_2002_2001.pdf">Estados Financieros al 31 DIC 2002 y de 2001</a></li> <li><a href="http://www.minem.gob.pe/archivos/dgaam/estudios/oroya/2_ANEXOS_DEL_I_AL_XI/6_ANEXO_VI_ESTADOS_FINANCIEROS/4_ESTADOS_FINANCIEROS_2001_2000/ESTADOS_FINANCIEROS_DRP_%202001_2000.pdf">Estados Financieros al 31 DIC 2001 y de 2000</a> <li>{DOC ESTADOS_FINANCIEROS_DRP_2000_1999.pdf Estados Financieros al 31 DIC 2000 y de 1999}</li></ul> </p> <p>{DOC BORRADOR_CONTRATO_FIDEICOMISO.pdf <b>ANEXO VII : BORRADOR DE CONTRATO DE FIDEICOMISO EN ADMINISTRACIÓN</b>} </p> <p> </p> <p><b>ANEXO VIII : ESTUDIOS ESPECIALIZADOS</b> </p> <p> <ul> <li>{DOC REPORTE_MODELAMIENTO_MCVEHIL.pdf Modelamiento de dispersión de la calidad del aire para el estudio de riesgos para la salud humana. Complejo metalúrgico La Oroya}</li> <li>{DOC ESTUDIO_DE_RIESGO_DIC_12_05.pdf Informe del estudio de riesgo para la salud humana - Complejo Metalúrgico de La Oroya}</li> <li>{DOC INSTITUTO_INVESTIGACION_NUTRICIONAL.pdf Evaluación de consumo de plomo, calcio, hierro y zinc en alimentos por madres y niños en La Oroya Antigua}</li> <ul>Opinión al estudio de análisis de riesgo a la salud de La Oroya <li>{DOC OPINION_DE_DIGESA_AL_ESTUDIO_ANALISIS_DE_RIESGO.pdf Opinión de DIGESA}</li> <li>{DOC RESPUESTA_A_COMENTARIOS_DEL_MEM_Y_DIGESA.pdf Respuestas a comentarios}</li></ul></ul> </p> <p><b>ANEXO IX : DESARROLLO DE INGENIERIA Y CRONOGRAMA VALORIZADO DE LOS PROYECTOS PLANTAS DE ACIDO SUFURICO</b> </p> <p>A. Planos del desarrollo de ingeniería. </p> <p> <ul> <li>{DOC 1_PRE_1_347_01_0_031_FUTURAS_PLANTAS_DE_ACIDO.PDF Plano 1}</li> <li>{DOC 2_PRE_1_347_01_0_030_FUTURAS_PLANTAS_DE_ACIDO.PDF Plano 2}</li> <li>{DOC 3LAYOUT.pdf Plano 3}</li> <li>{DOC 4LAYOUT.pdf Plano 4}</li> <li>{DOC 5LAYOUT.pdf Plano 5}</li></ul> </p> <p>B. Diagramas de Gantt. </p> <p> <ul> <li>{DOC PLANTAACIDOZINC.pdf Repotenciación de Planta de Acido Existente : Circuito de Zinc}</li> <li>{DOC 2_PLANTA_ACIDO_PLOMO.pdf Nueva Planta de Acido Sulfurico: Circuito de Plomo}</li> <li>{DOC PLANTAACIDOCOBRE.pdf Nueva Planta de Acido Sulfurico : Circuito de Cobre}</li></ul> </p> <p>C. Presupuestos de inversión, tablas y curvas de desembolsos. </p> <p>ZINC </p> <p> <ul> <li>{DOC 1_BARRAS_ZINC.pdf Repotenciación de la Planta de Acido Sulfurico Actual- Zinc Cronograma de Desembolsos}</li> <li>{DOC 2_CURVA_ZINC.pdf Repotencación de la Planta de Acido Sulfurico actual- Zinc Cronograma de Desembolsos acumulado}</li> <li>{DOC 3_VALORIZADO_ZINC.pdf Planta de Acido de Zinc - Cograma Valorizado}</li></ul> </p> <p>PLOMO </p> <p> <ul> <li>{DOC 1_BARRAS_PLOMO.pdf Nueva Planta de Acido Sulfurico - Plomo - Cronograma de Desembolsos}</li> <li>{DOC 2_CURVA_PLOMO.pdf Nueva Planta de Acido Sulfurico - Plomo Cronograma de Desembolsos Acumulado}</li> <li>{DOC 3_VALORIZADO_PLOMO.pdf Planta de Acido de Plomo - Cronograma Valorizado}</li></ul> </p> <p>COBRE </p> <p> <ul> <li>{DOC 1_BARRAS_COBRE.pdf Nueva Planta de Acido Sulfurico - Cobre - Cronograma de Desembolsos}</li> <li>{DOC 2_CURVA_COBRE.pdf Nueva Planta de Acido Sulfurico - Cobre Cronograma de Desembolsos Acumulado}</li> <li>{DOC 3_VALORIZADO_COBRE.pdf Planta de Acido de Cobre - Cronograma Valorizado}</li></ul> </p> <p>D. {DOC MERCADO_ACIDO.pdf El mercado de ácido sulfúrico en Chile proyectado al año 2013} </p> <p>E. {DOC TRANSPORTE_ACIDO.pdf Propuesta económica para transporte de ácido sulfúrico} </p> <p>F. {DOC TERMINAL_CARGIO_ACIDO.pdf Terminal carguío ácido sulfúrico} </p> <p>G. {DOC TRANSPORTE_ACIDO_TINTAYA.pdf Transporte terrestre de ácido sulfúrico a BHP Billiton Tintaya} </p> <p> </p> <p><b>ANEXO X : DESARROLLO DE INGENIERIA Y CRONOGRAMAS DE PROYECTOS PRIORITARIOS DE MITIGACION AMBIENTAL</b> </p> <p>A. Planos de ingeniería y diagramas de Gantt del proyecto de emisiones por chimenea. </p> <p> <ul> <li>{DOC 01_BAG_HOUSE_PLANTA.PDF Instalación de bag house - Planta}</li> <li>{DOC 02_DUCTO_VENTILADOR.PDF Ducto de conexión a ventilador}</li> <li>{DOC 03_DUCTO_COTTRELL_CENTRAL.PDF Ducto de conexión a cottrell central}</li> <li>{DOC 04_DIAGRAMA_DE_FLUJO_ARSENICO.PDF Diagrama de flujo de la Planta de Arsénico actual}</li> <li>{DOC 05_DIAGRAMA_HORNO_REVERBERO.PDF Diagrama de flujo de Horno Reverbero}</li> <li>{DOC CRONOGRAMA.pdf Proyectos de reduccion de emision de polvo por la chimenea}</li></ul> </p> <p>B. Planos de ingeniería y diagramas de Gantt del proyecto de emisiones fugitivas. </p> <p> <ul> <li>{DOC 06_AGLOMERAC_AIRE_PRESION.PDF B1 -}</li> <li>{DOC 07_FLUJO_DE_AGLOMERACION.PDF B2 -}</li> <li>{DOC 08_BAG_HOUSE_ARREGLO_GRAL.PDF B3 -}</li> <li>{DOC 09_CAMAS_DE_FUSION_A_002.PDF B4 -}</li> <li>{DOC 10_CAMAS_DE_FUSION_A_003.PDF B5 -}</li> <li>{DOC 11_ANODICOS.PDF B6 -}</li> <li>{DOC 12_P05489_01R11.PDF B7 -}</li> <li>{DOC 13_UBICACION_BAG_HOUSE.PDF B8 -}</li> <li>{DOC CRONOG_EMISIONES_FUGITIVAS.pdf B9 -}</li></ul> </p> <p> </p> <p>C. Diagramas de Gantt de los proyectos complementarios. </p> <p> <ul> <li>{DOC GANTT_PROY_COMPLEMENTARIOS.pdf PAMA Para el Complejo Metalúrgico de La Oroya / (2004- 2010) - Proyectos Complementarios}</li> <li>{DOC PLANO_PAVIM_FUNDICION.PDF Pavimentación Total}</li></ul> </p> <p><b>ANEXO XI : REDUCCION DE EMISION DE MATERIAL PARTICULADO POR CHIMENEA: PLANOS DE ARREGLOS Y TABLAS</b> </p> <p> <ul> <li>{DOC PRE1_318_00_0_006.PDF Plano Nº PRE-1-318-00-0-006: Situación actual - Año 2005}</li> <li>{DOC PRE1_318_00_0_007.PDF Plano Nº PRE-1-318-00-0-007: Situación futura - Año 2007}</li> <li>{DOC PRE1_318_00_0_008.PDF Plano Nº PRE-1-318-00-0-008: Situación futura - Año 2009}</li> <li>{DOC PRE1_318_00_0_009.PDF Plano Nº PRE-1-318-00-0-009: Situación futura - Año 2011}</li></ul></p> ','', '', NOW(), 1),
              (1152,1152,1,'', '<p>{DOC VOL_1_DOCUMENTO_DE_PRORROGA_Diciembre_17_2005.pdf <b>TEXTO Vol 1: Solicitud oficial de prórroga del PAMA de Diciembre, 2005</b>} </p> <p><b>ANEXOS</b> </p> <p><b>ANEXO I : DESARROLLO DE INGENIERIA Y CRONOGRAMAS DE LOS PROYECTOS EN EJECUCION</b> </p> <p>A. Planos de ingeniería y diagramas de Gantt del proyecto de tratamiento de aguas industriales. </p> <p> <ul> <li>{DOC CRONOGRAMA_CONSTR_PTAI.pdf Diagramas de Gantt del proyecto de tratamiento de aguas industriales}</li> <li>{DOC 1_PLANTA_GRAL_AGUAS_INDUSTRIALES2.pdf Planta de Tratamiento de Aguas Residuales}</li> <li>{DOC 2_PRE_TRATAMIENTO.pdf Pretratamiento}</li> <li>{DOC 3_PRODUCT_QUIMIC_SODA_ACIDO_POLIMEROS.pdf Producto Químico cal preparada}</li> <li>{DOC 4_PRODUCTO_QUIMICO_CAL.pdf Producto Químico cal preparada}</li> <li>{DOC 5_AJUSTE_FINAL_Y_RECUPERACION.pdf Ajuste final y recuperación}</li> <li>{DOC 6_DESHIDRATACION_DE_LODOS.pdf Deshidratación de lodos}</li> <li>{DOC 7_TK_DE_ECUALIZACION.pdf Tanque de Ecualización}</li> <li>{DOC 8_CLARIFICADOR.pdf Clarificador}</li> <li>{DOC 9_PRODUCTO_QUIMICO_Cal_ALMACENAJE.pdf Productos químicas Cal- Almacenaje}</li></ul> </p> <p>B. Planos de ingeniería y diagramas de Gantt del proyecto de tratamiento de aguas servidas. </p> <p> <ul> <li>{DOC CRONOGRAMA_CONSTR_PTARS.pdf Diagramas de Gantt del proyecto de tratamiento de aguas servidas}</li> <li>{DOC PLANO_HUAYMANTA_1.pdf Planta de Tratamiento de Aguas Huaymanta: Distribución General}</li> <li>{DOC PLANO_HUAYMANTA_2.pdf Planta de Tratamiento de Aguas Huaymanta: Secciones}</li> <li>{DOC PLANO_HUAYMANTA_3.pdf Planta de Tratamiento de Aguas Huaymanta: Distribución Hidráulica}</li> <li>{DOC PLANO_CHULEC_1.pdf Planta de Tratamiento Chulec: Distribución Principal}</li> <li>{DOC PLANO_CHULEC_2.pdf Planta de Tratamiento Chulec: Instalaciones eléctricas}</li> <li>{DOC PLANO_CHULEC_3.pdf Planta de Tratamiento Chulec: Tanque de aireación y ecualización}</li> <li>{DOC PLANO_FUNDICION_1.pdf Planta de Tratamiento Fundición: Distribución General}</li> <li>{DOC PLANO_FUNDICION_2.pdf Planta de Tratamiento Fundición: Cámara de ecualización y elevación General}</li> <li>{DOC PLANO_FUNDICION_3.pdf Planta de Tratamiento Fundición: Instalaciones Hidráulicas}</li></ul> </p> <p><b>ANEXO II : ESTUDIOS RELACIONADOS CON EL PROYECTO PLANTAS DE ACIDO SULFURICO</b> </p> <p> <ul> <li>{DOC ANALISIS_DE_LA_MAQUINA_SINTERIZACION.pdf <b>Inglés</b>: La Oroya Trip Report February, 2005 (Análisis de la máquina de sinterización - La Oroya)}</li> <li>{DOC MODERNIZACION_CIRCUITO_COBRE.pdf Ingeniería de Perfil: Estudio modernización fundición - Circuito Cobre}</li> <li>{DOC ESPECIES_DE_INTERES.pdf Ingeniería factibilidad integral fundición - recuperación y control de especies de interés}</li> <li>{DOC ESTUDIO_FACTIBIL_PLANTA_ACIDO.pdf <b>Inglés</b>: Sulfuric Acid Plant Technical Feasibility Study (Estudio de factibilidad técnica para la planta de ácido sulfúrico actual)}</li> <li>{DOC REPOTENCIACION_PLANTA_ACIDO_ACTUAL.pdf <b>Inglés</b>: Sulfuric Acid Plant Replacement Dry Tower, Pump Tank and Acid Coolers (Repotenciación de la planta de ácido sulfúrico actual: Ingeniería de detalle para el reemplazo de la torre de secado, tanque de retención y enfriadora de ácido sulfúrico)}</li> <li>{DOC NUEVA_PLANTA_ACIDO_CIRCUITO_PLOMO.pdf <b>Inglés</b>: New Sulfuric Acid Plant to treat off-gas from the Lead Sinter machine (Nueva planta de ácido sulfúrico para el tratamiento de los gases de la máquina de sinterización de plomo: Ingeniería Básica)}</li> <li>{DOC NUEVA_PLANTA_ACIDO_FUNDICION_COBRE.pdf <b>Inglés</b>: New Sulfuric Acid Plant to treat the Copper Smelter off-gas (Nueva planta de ácido sulfúrico para el tratamiento de los gases de la fundición de cobre: Ingeniería Conceptual)}</li></ul> </p> <p>{DOC PROGRAMA_MONITOREO_PARTICIPACION.pdf <b>ANEXO III : PROGRAMA DE MONITOREO Y SEGUIMIENTO CON PARTICIPACIÓN CIUDADANA</b>} </p> <p>{DOC ACTAS_TALLERES_DE_INFORMACION.pdf <b>ANEXO IV : ACTAS DE LOS CUATRO TALLERES DE INFORMACIÓN</b>} </p> <p>{DOC ACTAS_AUDIENCIAS_PUBLICAS.pdf <b>ANEXO V : ACTAS DE LAS TRES AUDIENCIAS PÚBLICAS</b>} </p> <p> </p> <p><b>ANEXO VI : ESTADOS FINANCIEROS AUDITADOS DE LOS ULTIMOS CINCO EJERCICIOS: 1999-2000, 2000-2001, 2001-2002, 2002-2003 y 2003-2004</b> </p> <p> <ul> <li>{DOC ESTADOS_FINANCIEROS_DRP_2004_2003.pdf Estados Financieros al 31 DIC 2004 y de 2003}</li> <li><a href="http://www.minem.gob.pe/archivos/dgaam/estudios/oroya/2_ANEXOS_DEL_I_AL_XI/6_ANEXO_VI_ESTADOS_FINANCIEROS/2_ESTADOS_FINANCIEROS_2003_2002/ESTADOS_FINANCIEROS_DRP_2003_2002.pdf">Estados Financieros al 31 DIC 2003 y de 2002</a></li> <li><a href="http://www.minem.gob.pe/archivos/dgaam/estudios/oroya/2_ANEXOS_DEL_I_AL_XI/6_ANEXO_VI_ESTADOS_FINANCIEROS/3_ESTADOS_FINANCIEROS_2002_2001/VI-03_ESTADOS_FINANCIEROS_2002_2001.pdf">Estados Financieros al 31 DIC 2002 y de 2001</a></li> <li><a href="http://www.minem.gob.pe/archivos/dgaam/estudios/oroya/2_ANEXOS_DEL_I_AL_XI/6_ANEXO_VI_ESTADOS_FINANCIEROS/4_ESTADOS_FINANCIEROS_2001_2000/ESTADOS_FINANCIEROS_DRP_%202001_2000.pdf">Estados Financieros al 31 DIC 2001 y de 2000</a> <li>{DOC ESTADOS_FINANCIEROS_DRP_2000_1999.pdf Estados Financieros al 31 DIC 2000 y de 1999}</li></ul> </p> <p>{DOC BORRADOR_CONTRATO_FIDEICOMISO.pdf <b>ANEXO VII : BORRADOR DE CONTRATO DE FIDEICOMISO EN ADMINISTRACIÓN</b>} </p> <p> </p> <p><b>ANEXO VIII : ESTUDIOS ESPECIALIZADOS</b> </p> <p> <ul> <li>{DOC REPORTE_MODELAMIENTO_MCVEHIL.pdf Modelamiento de dispersión de la calidad del aire para el estudio de riesgos para la salud humana. Complejo metalúrgico La Oroya}</li> <li>{DOC ESTUDIO_DE_RIESGO_DIC_12_05.pdf Informe del estudio de riesgo para la salud humana - Complejo Metalúrgico de La Oroya}</li> <li>{DOC INSTITUTO_INVESTIGACION_NUTRICIONAL.pdf Evaluación de consumo de plomo, calcio, hierro y zinc en alimentos por madres y niños en La Oroya Antigua}</li> <ul>Opinión al estudio de análisis de riesgo a la salud de La Oroya <li>{DOC OPINION_DE_DIGESA_AL_ESTUDIO_ANALISIS_DE_RIESGO.pdf Opinión de DIGESA}</li> <li>{DOC RESPUESTA_A_COMENTARIOS_DEL_MEM_Y_DIGESA.pdf Respuestas a comentarios}</li></ul></ul> </p> <p><b>ANEXO IX : DESARROLLO DE INGENIERIA Y CRONOGRAMA VALORIZADO DE LOS PROYECTOS PLANTAS DE ACIDO SUFURICO</b> </p> <p>A. Planos del desarrollo de ingeniería. </p> <p> <ul> <li>{DOC 1_PRE_1_347_01_0_031_FUTURAS_PLANTAS_DE_ACIDO.PDF Plano 1}</li> <li>{DOC 2_PRE_1_347_01_0_030_FUTURAS_PLANTAS_DE_ACIDO.PDF Plano 2}</li> <li>{DOC 3LAYOUT.pdf Plano 3}</li> <li>{DOC 4LAYOUT.pdf Plano 4}</li> <li>{DOC 5LAYOUT.pdf Plano 5}</li></ul> </p> <p>B. Diagramas de Gantt. </p> <p> <ul> <li>{DOC PLANTAACIDOZINC.pdf Repotenciación de Planta de Acido Existente : Circuito de Zinc}</li> <li>{DOC 2_PLANTA_ACIDO_PLOMO.pdf Nueva Planta de Acido Sulfurico: Circuito de Plomo}</li> <li>{DOC PLANTAACIDOCOBRE.pdf Nueva Planta de Acido Sulfurico : Circuito de Cobre}</li></ul> </p> <p>C. Presupuestos de inversión, tablas y curvas de desembolsos. </p> <p>ZINC </p> <p> <ul> <li>{DOC 1_BARRAS_ZINC.pdf Repotenciación de la Planta de Acido Sulfurico Actual- Zinc Cronograma de Desembolsos}</li> <li>{DOC 2_CURVA_ZINC.pdf Repotencación de la Planta de Acido Sulfurico actual- Zinc Cronograma de Desembolsos acumulado}</li> <li>{DOC 3_VALORIZADO_ZINC.pdf Planta de Acido de Zinc - Cograma Valorizado}</li></ul> </p> <p>PLOMO </p> <p> <ul> <li>{DOC 1_BARRAS_PLOMO.pdf Nueva Planta de Acido Sulfurico - Plomo - Cronograma de Desembolsos}</li> <li>{DOC 2_CURVA_PLOMO.pdf Nueva Planta de Acido Sulfurico - Plomo Cronograma de Desembolsos Acumulado}</li> <li>{DOC 3_VALORIZADO_PLOMO.pdf Planta de Acido de Plomo - Cronograma Valorizado}</li></ul> </p> <p>COBRE </p> <p> <ul> <li>{DOC 1_BARRAS_COBRE.pdf Nueva Planta de Acido Sulfurico - Cobre - Cronograma de Desembolsos}</li> <li>{DOC 2_CURVA_COBRE.pdf Nueva Planta de Acido Sulfurico - Cobre Cronograma de Desembolsos Acumulado}</li> <li>{DOC 3_VALORIZADO_COBRE.pdf Planta de Acido de Cobre - Cronograma Valorizado}</li></ul> </p> <p>D. {DOC MERCADO_ACIDO.pdf El mercado de ácido sulfúrico en Chile proyectado al año 2013} </p> <p>E. {DOC TRANSPORTE_ACIDO.pdf Propuesta económica para transporte de ácido sulfúrico} </p> <p>F. {DOC TERMINAL_CARGIO_ACIDO.pdf Terminal carguío ácido sulfúrico} </p> <p>G. {DOC TRANSPORTE_ACIDO_TINTAYA.pdf Transporte terrestre de ácido sulfúrico a BHP Billiton Tintaya} </p> <p> </p> <p><b>ANEXO X : DESARROLLO DE INGENIERIA Y CRONOGRAMAS DE PROYECTOS PRIORITARIOS DE MITIGACION AMBIENTAL</b> </p> <p>A. Planos de ingeniería y diagramas de Gantt del proyecto de emisiones por chimenea. </p> <p> <ul> <li>{DOC 01_BAG_HOUSE_PLANTA.PDF Instalación de bag house - Planta}</li> <li>{DOC 02_DUCTO_VENTILADOR.PDF Ducto de conexión a ventilador}</li> <li>{DOC 03_DUCTO_COTTRELL_CENTRAL.PDF Ducto de conexión a cottrell central}</li> <li>{DOC 04_DIAGRAMA_DE_FLUJO_ARSENICO.PDF Diagrama de flujo de la Planta de Arsénico actual}</li> <li>{DOC 05_DIAGRAMA_HORNO_REVERBERO.PDF Diagrama de flujo de Horno Reverbero}</li> <li>{DOC CRONOGRAMA.pdf Proyectos de reduccion de emision de polvo por la chimenea}</li></ul> </p> <p>B. Planos de ingeniería y diagramas de Gantt del proyecto de emisiones fugitivas. </p> <p> <ul> <li>{DOC 06_AGLOMERAC_AIRE_PRESION.PDF B1 -}</li> <li>{DOC 07_FLUJO_DE_AGLOMERACION.PDF B2 -}</li> <li>{DOC 08_BAG_HOUSE_ARREGLO_GRAL.PDF B3 -}</li> <li>{DOC 09_CAMAS_DE_FUSION_A_002.PDF B4 -}</li> <li>{DOC 10_CAMAS_DE_FUSION_A_003.PDF B5 -}</li> <li>{DOC 11_ANODICOS.PDF B6 -}</li> <li>{DOC 12_P05489_01R11.PDF B7 -}</li> <li>{DOC 13_UBICACION_BAG_HOUSE.PDF B8 -}</li> <li>{DOC CRONOG_EMISIONES_FUGITIVAS.pdf B9 -}</li></ul> </p> <p> </p> <p>C. Diagramas de Gantt de los proyectos complementarios. </p> <p> <ul> <li>{DOC GANTT_PROY_COMPLEMENTARIOS.pdf PAMA Para el Complejo Metalúrgico de La Oroya / (2004- 2010) - Proyectos Complementarios}</li> <li>{DOC PLANO_PAVIM_FUNDICION.PDF Pavimentación Total}</li></ul> </p> <p><b>ANEXO XI : REDUCCION DE EMISION DE MATERIAL PARTICULADO POR CHIMENEA: PLANOS DE ARREGLOS Y TABLAS</b> </p> <p> <ul> <li>{DOC PRE1_318_00_0_006.PDF Plano Nº PRE-1-318-00-0-006: Situación actual - Año 2005}</li> <li>{DOC PRE1_318_00_0_007.PDF Plano Nº PRE-1-318-00-0-007: Situación futura - Año 2007}</li> <li>{DOC PRE1_318_00_0_008.PDF Plano Nº PRE-1-318-00-0-008: Situación futura - Año 2009}</li> <li>{DOC PRE1_318_00_0_009.PDF Plano Nº PRE-1-318-00-0-009: Situación futura - Año 2011}</li></ul></p> ', '', '', NOW(), 1);
INSERT INTO url_alias (src, dst, language) VALUES ('node/152','laoroya.pamaext2005','en');
INSERT INTO url_alias (src, dst, language) VALUES ('node/1152','laoroya.pamaext2005','es');
INSERT INTO node
            (nid,            vid,            type,  language,title,             uid, status, created, changed, comment, promote, moderate, sticky, tnid, translate) VALUES
            (142,     142,     'book','en',    'Studies on Environmental Quality',1,   1,      NOW(),   NOW(), 0,0,0,0,142,0),
            (1142,1142,'book','es',    'Estudios de Calidad Ambiental',1,   1,      NOW(),   NOW(), 0,0,0,0,142,0);
INSERT INTO book (mlid, nid, bid) VALUES (10256,142,1),(10257,1142,1001);
INSERT INTO node_revisions
              (nid,       vid,       uid, title,              body,             teaser,          log, timestamp,format) VALUES
              (142,142,1,   'Studies on Environmental Quality', '<p> <ol> <li>{DOC Cond_CalidadLaOroyaSO2_07-05.pdf Study of sulfuric dioxide concentrations, Labor, May, 2007 (Spanish)} <li>{DOC Cond_CalidadLaOroya_varios_07-05.pdf Study of lead, arsenic, and cadmium concentrations in La Oroya, May, 2007 (Spanish)} <li>{DOC Informe_Consolidado_Coop.pdf Consolidated Report on Mining in La Oroya, CooperAccion, October, 2006 (Spanish)} <li>{DOC int_pbdust.pdf Interior Dust Lead Levels in La Oroya Peru</b>, Occupational Knowledge International and Asociación Civil Labor, October 2004} <li><a href="/?q=la_oroya_cannot_wait">La Oroya Cannot Wait, AIDA and SPDA, September 2002</a></b> </p> <p></ol></p> ','', '', NOW(), 1),
              (1142,1142,1,'Estudios de Calidad Ambiental', '<p> <ol> <li>{DOC Cond_CalidadLaOroyaSO2_07-05.pdf Evaluación de concentraciones de dióxido de azufre, Labor, Mayo, 2007} <li>{DOC Cond_CalidadLaOroya_varios_07-05.pdf Estudios de concentraciones de plomo, arsénico y cadmio en La Oroya, Mayo, 2007} <li>{DOC Informe_Consolidado_Coop.pdf Informe de Conflictos Mineros: Los Casos de Majaz, Las Bambas, Tintaya y La Oroya, CooperAccion, Octubre, 2006} <li><a href="/?q=la_oroya_cannot_wait">La Oroya No Espera, AIDA y SPDA, Setiembre de 2002</a> <li>{DOC int_pbdustes.pdf Niveles de Plomo en Interiores, La Oroya, Perú, Occupational Knowledge International y Asociación Civil Labor, Octubre 2004} </p> <p></ol></p> ', '', '', NOW(), 1);
INSERT INTO url_alias (src, dst, language) VALUES ('node/142','laoroya.enviroquality','en');
INSERT INTO url_alias (src, dst, language) VALUES ('node/1142','laoroya.enviroquality','es');
INSERT INTO node
            (nid,            vid,            type,  language,title,             uid, status, created, changed, comment, promote, moderate, sticky, tnid, translate) VALUES
            (143,     143,     'page','en',    'Obligations for Environmental Remediation',1,   1,      NOW(),   NOW(), 0,0,0,0,143,0),
            (1143,1143,'page','es',    'Obligaciones para Remediación Ambiental',1,   1,      NOW(),   NOW(), 0,0,0,0,143,0);
INSERT INTO book (mlid, nid, bid) VALUES (10258,143,1),(10259,1143,1001);
INSERT INTO node_revisions
              (nid,       vid,       uid, title,              body,             teaser,          log, timestamp,format) VALUES
              (143,143,1,   'Obligations for Environmental Remediation', '<p> <ol> <li>{DOC MEM_PAMA_Approval_May2006.pdf Environmental Management Plan (PAMA) Modification, May 2006 (Spanish Text)} <li>{DOC PLAN_LIMPIAR_AIRE_LAOROYA.pdf Plan to Clean the Air in La Oroya, April 2006 (Spanish Text)} <li>{DOC ConvenioMINSA-DRP2006.pdf Agreement DRP/Ministry of Health 2006 (Spanish Text)} <br /> <ul> <li>{DOC PLAN_INTEGRAL_REDUCCION_CONTAMINACION_PLOMO_LA_OROYA.pdf Proposed MINSA-DRP <b>Intervention Plan to Control Lead Contamination among Children and Expectant Mothers</b> in La Oroya Antigua 2004-2010 (Spanish Text)} </p> <p></ul> <li><b><a href="/?q=aidacritique">AIDA Critique of the “Technical Justification” for Doe Run PAMA extension request -- May, 2004</a></b> <li>{DOC Evaluacion_Ambiental_Especial.pdf <b>Special Environmental Evaluation of the La Oroya Smelter</b>, prepared for the Ministry of Energy and Mines by SVS Ingenieros and Golder Associates, June, 2003 (Spanish text, PDF format)} </p> <p></ol> </p> <p><b>Additional Information:</b> </p> <p> <ol> <li>{DOC PLAN_DE_CONTINGENCIA_La_Oroya2006.pdf Contingency Plan for States of Alert due to air contamination in La Oroya - Document for Public consultation. (Spanish Text)} <li>{DOC Informe_Consolidado_Coop.pdf Consolidated Report on Mining in La Oroya, CooperAccion, October, 2006 (Spanish)} <li><a href="/?q=laoroya.drpcompama06">Information related to DRP compliance with 2006 Environmental Management Plan (PAMA)</a> <li><a href="/?q=laoroya.airqualitylaw">Documents related to the implementation of <b>Peru\'s Air Quality Law in the La Oroya Region</b></a> <li>{DOC Emergency_Measures_for_La_Oroya.pdf Emergency Measures for La Oroya, July 2003} </p> <p></ol></p> ','', '', NOW(), 1),
              (1143,1143,1,'Obligaciones para Remediación Ambiental', '<p> <ol> <li>{DOC MEM_PAMA_Approval_May2006.pdf Modificación PAMA 2006} <li>{DOC PLAN_LIMPIAR_AIRE_LAOROYA.pdf Plan a Limpiar el Aire La Oroya, Abril 2006} <li>{DOC ConvenioMINSA-DRP2006.pdf Convenio Minsa/DRP del 2006} <br /> <ul> <li>{DOC PLAN_INTEGRAL_REDUCCION_CONTAMINACION_PLOMO_LA_OROYA.pdf Convenio MINSA-DRP: Proyecto Plan Integral de <b>Intervencion para el Control de la Contaminacion por Plomo en la Poblacion Infantil y Gestantes</b> de La Oroya Antigua Peru 2004-2010} </p> <p></ul> <li><b><a href="/?q=aidacritique">Comentarios de AIDA sobre la “Justificación Técnica” de la solicitud de prórroga del PAMA – Mayo, 2004</a></b> <li><b>{DOC Evaluacion_Ambiental_Especial.pdf Evaluación Ambiental Especial de la Fundición de La Oroya</b> preparado para MEM por SVS Ingenieros y Golder Associates Ltd., Junio de 2003} </p> <p></ol> </p> <p><b>Información Adicional</b> </p> <p> <ol> <li>{DOC PLAN_DE_CONTINGENCIA_La_Oroya2006.pdf Plan De Contingencia para Estados de Alerta por contaminación del aire en la cuenca atmosférica de La Oroya -- Documento de Consulta} <li>{DOC Informe_Consolidado_Coop.pdf Informe de Conflictos Mineros: Los Casos de Majaz, Las Bambas, Tintaya y La Oroya, CooperAccion, Octubre, 2006} <li><a href="/?q=laoroya.drpcompama06">Información sobre el cumplimiento del PAMA, 2006 por parte de DRP</a> <li><a href="/?q=laoroya.airqualitylaw">Documentos Relacionados con la implementación de la <b>Ley Peruana de Calidad de Aire en la región de La Oroya</b></a> <li>{DOC Medidas_Urgentes_para_La_Oroya.pdf <b>Medidas Urgentes para La Oroya</b> - Propuesta de AIDA 07-2003} </p> <p></ol></p> ', '', '', NOW(), 1);
INSERT INTO url_alias (src, dst, language) VALUES ('node/143','laoroya.remediation','en');
INSERT INTO url_alias (src, dst, language) VALUES ('node/1143','laoroya.remediation','es');
INSERT INTO node
            (nid,            vid,            type,  language,title,             uid, status, created, changed, comment, promote, moderate, sticky, tnid, translate) VALUES
            (144,     144,     'book','en',    'Economic Issues',1,   1,      NOW(),   NOW(), 0,0,0,0,144,0),
            (1144,1144,'book','es',    'Asuntos Económicos',1,   1,      NOW(),   NOW(), 0,0,0,0,144,0);
INSERT INTO book (mlid, nid, bid) VALUES (10260,144,1),(10261,1144,1001);
INSERT INTO node_revisions
              (nid,       vid,       uid, title,              body,             teaser,          log, timestamp,format) VALUES
              (144,144,1,   'Economic Issues', '<p> <ol> <li>{DOC Empresas_Transnacionales.pdf Spanish text - <b>Transnational Corporations, the State, and Sustainable Development: Doe Run and the Metallurgical Complex in La Oroya,</b> Juan Aste Daffós, Mach 2002 PDF format} </ol></p> ','', '', NOW(), 1),
              (1144,1144,1,'Asuntos Económicos', '<p> <ol> <li>{DOC Empresas_Transnacionales.pdf Empresas Transnacionales, Estado y Desarrollo Sostenible: El caso de Doe Run y el Complejo Metalúrgico de La Oroya</b>, Juan Aste Daffós, Marzo de 2002} </p> <p></ol></p> ', '', '', NOW(), 1);
INSERT INTO url_alias (src, dst, language) VALUES ('node/144','laoroya.economic','en');
INSERT INTO url_alias (src, dst, language) VALUES ('node/1144','laoroya.economic','es');
INSERT INTO node
            (nid,            vid,            type,  language,title,             uid, status, created, changed, comment, promote, moderate, sticky, tnid, translate) VALUES
            (145,     145,     'book','en',    'Court Decisions and Cases',1,   1,      NOW(),   NOW(), 0,0,0,0,145,0),
            (1145,1145,'book','es',    'Decisiones de la Corte y Casos',1,   1,      NOW(),   NOW(), 0,0,0,0,145,0);
INSERT INTO book (mlid, nid, bid) VALUES (10262,145,1),(10263,1145,1001);
INSERT INTO node_revisions
              (nid,       vid,       uid, title,              body,             teaser,          log, timestamp,format) VALUES
              (145,145,1,   'Court Decisions and Cases', '<p> <ol> <li>{DOC MEDIDAS_CAUTELARES_07-09-04.pdf Human Rights Body Calls on Peru to Protect Citizens from Contamination by American-owned Smelter. September, 2007 (Spanish Text)} <li>{DOC LA_OROYA_Petition_DICIEMBRE_2006.pdf <b>Petition for case on violation of Human Rights before the IACHR</b>, December, 2006 (<b>Spanish Text</b>)} <li>{DOC Sentencia_Tribunal_Constitucional_LaOroya_MAY06.pdf <b>Constitutional Tribunal Ruling</b>, June 2006 (<b>Spanish Text</b>)} <li>{DOC Medidas_Cautelares-La_Oroya-Pub.pdf <b>Petition of precautionary measures to the Interamerican Commission on Human Rights</b> on behalf of inhabitants from La Oroya (<b>Spanish Text</b>)} <li>{DOC Ex-summary-precaut-La-Oroya-ENG.pdf <b>Executive Summary of the submission to IACHR</b>.} <li>{DOC MC-271-05_Respuesta-Pub.pdf <b>Reply to the Peruvian State response</b> of the submission to IACHR (<b>Spanish Text</b>)} <li>{DOC Resolucion_Juez_Civi_2005.pdf <b>Civil Court Ruling</b>, April 2005 (<b>Spanish Text</b>)} <li>{DOC Cumplimiento_MINSA_2002.pdf <b>Compliance Action filed against the Ministry of Health</b>, October 2002 (<b>Spanish Text</b>)} </p> <p></ol></p> ','', '', NOW(), 1),
              (1145,1145,1,'Decisiones de la Corte y Casos', '<p> <ol> <li>{DOC MEDIDAS_CAUTELARES_07-09-04.pdf Comisión Interamericana de Derechos Humanos (CIDH) solicita al Estado Peruano implementar Medidas Cautelares de Urgencia para Proteger Vida de Pobladores de La Oroya Víctimas de la Contaminación. Septiembre, 2007} <li>{DOC LA_OROYA_Petition_DICIEMBRE_2006.pdf <b>Petición de caso ante la CIDH por violaciones de Derechos Humanos</b>, Diciembre, 2006} <li>{DOC Sentencia_Tribunal_Constitucional_LaOroya_MAY06.pdf <b>Sentencia Tribunal Constitucional</b>, Junio de 2006} <li>{DOC Medidas_Cautelares-La_Oroya-Pub.pdf <b>Petición de medidas cautelares ante la Comisión Interamericana de Derechos Humanos</b> en nombre de los habitantes de La Oroya} <li>{DOC Ex-summary-precaut-La-Oroya-ENG.pdf <b>Resumen Ejecutivo de la solicitud ante la CIDH</b> (<b>Texto Inglés</b>)} <li>{DOC MC-271-05_Respuesta-Pub.pdf <b>Respuesta a la respuesta del Estado Peruano</b> ante la solicitud a la CIDH} <li>{DOC Resolucion_Juez_Civi_2005.pdf <b>Resolución Juez Civil</b>, Abril de 2005} <li>{DOC Cumplimiento_MINSA_2002.pdf <b>Accion de Cumplimiento Contra Ministerio de Salud</b>, Octubre de 2002} </p> <p></ol></p> ', '', '', NOW(), 1);
INSERT INTO url_alias (src, dst, language) VALUES ('node/145','laoroya.courtdecisions','en');
INSERT INTO url_alias (src, dst, language) VALUES ('node/1145','laoroya.courtdecisions','es');
INSERT INTO node
            (nid,            vid,            type,  language,title,             uid, status, created, changed, comment, promote, moderate, sticky, tnid, translate) VALUES
            (147,     147,     'book','en',    'Press Releases for Plan Colombia',1,   1,      NOW(),   NOW(), 0,0,0,0,147,0),
            (1147,1147,'book','es',    'Comunicados de Prensa',1,   1,      NOW(),   NOW(), 0,0,0,0,147,0);
INSERT INTO book (mlid, nid, bid) VALUES (10264,147,1),(10265,1147,1001);
INSERT INTO node_revisions
              (nid,       vid,       uid, title,              body,             teaser,          log, timestamp,format) VALUES
              (147,147,1,   'Press Releases for Plan Colombia', '<p> <ol> <li>{DOC PRESS_RELEASE_07-02-12.pdf Plan Colombia Aerial Herbicide <b>Spraying Not Proved Safe</b> for the Environment – Released to US Congress <b>(February 14, 2007)</b>} <li><a href="/?q=plancolombia_ecuadorianborder">AIDA critical of Colombian <b>spraying in Ecuadorian border region</b></a> <b>(December 2006)</b> <li><a href="/?q=plancolombia_alternativespr"><b>AIDA Report Highlights Need for Greater Alternative Development Programs in Colombia</b></a> <b>(August 2006)</b> <li>{DOC Press_Release_12-03.pdf <b>US Congress Conditions: Spraying in National Parks</b>} <b>(December 2003)</b> <li>{DOC Press_Release_06-03.pdf <b>Colombian Court Orders the Suspension of Plan Colombia Spraying</b> AIDA press release on \'accion popular\'} <b>(June 2003)</b> </p> <p></ol> </p> <p><center><a href="/?q=subscribe"><b>Sign up now for AIDA monthly updates</b></a> and stay informed!</center></p> ','', '', NOW(), 1),
              (1147,1147,1,'Comunicados de Prensa', '<p> <ol> <li>{DOC PRESS_RELEASE_07-02-12.pdf Fumigación Aérea del Plan Colombia <b>NO HA PROBADO SER SEGURA</b> para el ambiente- Nota de Prensa para el Congreso de los Estados Unidos <b>(14 de Febrero de 2007)</b>} <li><a href="/?q=plancolombia_ecuadorianborder">AIDA cuestiona las fumigaciones de Colombia en la <b>frontera con Ecuador (Diciembre 2006)</b></a> <li><a href="/?q=plancolombia_alternativespr"><b>AIDA Evidencia Necesidad de Programas de Desarrollo Alternativo en Colombia (Agosto 2006)</b></a> <li>{DOC COMUNICADO_DE_PRENSA_FY2004.pdf Congreso de Estados Unidos Condiciona Fumigaciones en Parques Naturales de Colombia <b>(Diciembre 2003)</b>} <li>{DOC ACCION_POPULAR-SP.pdf <b>Tribunal Suspende Fumigaciones (Junio 2003)</b>}</li></ol> </p> <p><center><a href="/?q=subscribe"><b><font color="99CC66">Suscríbase ahora a nuestras actualizaciones mensuales</font></b></a> y manténgase informado!</center></p> ', '', '', NOW(), 1);
INSERT INTO url_alias (src, dst, language) VALUES ('node/147','plancolombia_pressrelease','en');
INSERT INTO url_alias (src, dst, language) VALUES ('node/1147','plancolombia_pressrelease','es');
INSERT INTO node
            (nid,            vid,            type,  language,title,             uid, status, created, changed, comment, promote, moderate, sticky, tnid, translate) VALUES
            (148,     148,     'book','en',    'Inter-American Commission on Human Rights',1,   1,      NOW(),   NOW(), 0,0,0,0,148,0),
            (1148,1148,'book','es',    'CIDH',1,   1,      NOW(),   NOW(), 0,0,0,0,148,0);
INSERT INTO book (mlid, nid, bid) VALUES (10266,148,1),(10267,1148,1001);
INSERT INTO node_revisions
              (nid,       vid,       uid, title,              body,             teaser,          log, timestamp,format) VALUES
              (148,148,1,   'Inter-American Commission on Human Rights', '<p><b>March 2005 study finds 99 percent of town’s children poisoned by lead.</b> </p> <p><b>NOVEMBER 21, 2005</b> – The Interamerican Association for Environmental Defense, along with participating organizations Earthjustice and the Center for Human Rights and Environment, asked the Inter-American Commission on Human Rights (IACHR) on behalf of a group of La Oroya residents, to take action to protect the right to life and health of residents of La Oroya, Peru. </p> <p>The population in La Oroya is seriously affected by contamination from the operation of a lead and copper smelter. Specifically, the organizations asked that the Commission demand that the government of Peru: </p> <p> <ul> <li>Provide adequate health examinations and medical attention for the citizens of La Oroya; <li>Implement educational and health programs; <li>Ensure appropriate evaluation and monitoring of the “Environmental Management and Mitigation Plan” proposed by the company; <li>Effectively control air emissions from the complex; <li>Evaluate the contamination levels in homes; and <li>Take additional measures needed to ensure that the blood lead levels of La Oroya residents meet international health standards.</li></ul> </p> <p>The need to take action on behalf of this Andean city, located 175 km east of Lima, stems from the extreme amount of contamination that the smelter generates, particularly lead, arsenic, cadmium, and sulfur dioxide. </p> <p>Since 1999, the Government of Peru has known that almost all the children living near the complex suffer from lead poisoning, yet has taken no action to remedy the situation. A March 2005 study again showed that 99 percent of the children tested had blood lead levels vastly exceeding the limits established by the US EPA and the World Health Organization. </p> <p>“We are looking to lower the high levels of lead and other contaminants such as cadmium, arsenic and sulfur dioxide in the city. These generate serious public health problems, including high levels of respiratory illness such as asthma and bronchitis,” affirmed Earthjustice attorney Martin Wagner. </p> <p> </p> <p>According to Romina Picolotti, CEDHA President, ”instead of protecting the health of its citizens, the Peruvian government has delayed the implementation of measures to control the contamination, and has failed to enforce health and environmental laws.” “This lack of action has increased the risk to health, life, and physical integrity suffered by citizens in La Oroya”, added Fernanda Doz Costa, attorney with CEDHA. </p> <p>In April 2005, a Peruvian court ordered the State to take measures to protect the population, but this order was appealed and no action has been taken. </p> <p>"There can be no doubt that the severe injuries caused by the contamination in La Oroya violates the residents’ fundamental human rights,” said Earthjustice attorney Martin Wagner. “Action by the Inter-American Commission could protect thousands of children and other victims from further injury.” </p> <p>CONTACT:</br> </p> <p> <ul> <li>Carlos Chirinos, +511-422-2720 (cchirinos@spda.org.pe) <li>Romina Picolotti, CEDHA +54 (351) 425-6278 (romina@cedha.org.ar) <li>Astrid Puentes, AIDA +52 (55) 5212-0141 (apuentes@aida-americas.org) <li>Martin Wagner, Earthjustice +1 (510) 550-6700 (mwagner@earthjustice.org)</li></ul> </p> <p><b><center><a href="/?q=laoroya">Read More about the La Oroya Smelter</a></center></b></p> ','', '', NOW(), 1),
              (1148,1148,1,'CIDH', '<p><b>Estudio de Marzo, 2005 encontró que el 99 por ciento de los niños en la ciudad están contaminados con plomo.</b></p> <p><b>NOVIEMBRE 21, 2005</b> – La Asociación Interamericana para la Defensa del Ambiente (AIDA), Earthjustice y el Centro de Derechos Humanos y el Ambiente (CEDHA), en representación de un grupo de ciudadanos de La Oroya solicitó a la Comisión Interamericana de Derechos Humanos (CIDH) tomar acciones inmediatas para proteger el derecho a la vida y la salud de los residentes de La Oroya, Perú. </p> <p>Los habitantes de La Oroya están siendo seriamente afectados debido a la grave contaminación generada por la operación de un complejo metalúrgico. En concreto, las organizaciones solicitaron a la Comisión que ordenara al Estado Peruano: </p> <p> <ul> <li>Proveer diagnóstico y atención médica adecuados a los habitantes de La Oroya; <li>Implementar programas de educación y salud; <li>Asegurar una apropiada evaluación y seguimiento del “Plan de Adecuación y Manejo Ambiental” propuesto por la empresa; <li>Controlar efectivamente las emisiones atmosféricas del complejo; <li>Evaluar los niveles de contaminación en las casas; y <li>Tomar medidas adicionales para asegurar que los niveles de plomo en sangre de los residentes de La Oroya cumplen con los estándares internacionales de salud.</li></ul> </p> <p> La urgencia de las medidas solicitadas en la ciudad andina de La Oroya, 175 kms. al este de Lima, se fundamenta en los elevados índices de contaminación que el complejo metalúrgico genera, particularmente por plomo, arsénico, cadmio y dióxido de azufre. </p> <p> </p> <p> Desde 1999 el Estado Peruano ha comprobado que casi la totalidad de los niños que habitan en los alrededores del complejo sufren de intoxicación con plomo, sin que se hayan implementado las medidas necesarias para remediar esta situación. El estudio más reciente, marzo del 2005, evidencia nuevamente que el 99 por ciento de los niños y niñas evaluados tienen niveles de plomo en sangre por encima de los límites establecidos por la Organización Mundial para la Salud, OMS, la Agencia de Protección Ambiental de Estados Unidos y las normas peruanas. </p> <p> </p> <p> “Buscamos disminuir los altos niveles de plomo y otros contaminantes como cadmio, arsénico y dióxido de azufre en la ciudad, debido a que esto genera graves problemas de salud pública, incluyendo altos índices de enfermedades respiratorias como asma y bronquitis,” afirmó Martin Wagner, abogado de Earthjustice. </p> <p>De acuerdo con Romina Picolotti de CEDHA, “en lugar de proteger la salud de los habitantes, el Estado Peruano ha dilatado las medidas a implementar para el control de la contaminación y no ha exigido el cumplimiento de las normas ambientales y de protección de la salud pública”. “Esta omisión ha aumentado el riesgo para la salud, la vida y la integridad de los habitantes de La Oroya”, agregó Fernanda Doz Costas, abogada de CEDHA. </p> <p>En abril del 2005 el poder judicial ordenó también la implementación de medidas de protección, que fueron apeladas por el Estado Peruano, razón por la cual hasta el momento no se han cumplido. </p> <p> “No hay duda que los daños severos causados por la contaminación en La Oroya violan los derechos humanos fundamentales de sus residentes”, dijo Martin Wagner, abogado de Earthjustice. “La intervención de la Comisión Interamericana podría proteger a miles de niños y niñas y otras víctimas de daños futuros”. </p> <p>CONTACTOS: </p> <p> <ul> <li>Carlos Chirinos, +511-4222720 (cchirinos@spda.org.pe) <li>Romina Picolotti, CEDHA +54 (351) 425-6278 (romina@cedha.org.ar) <li>Astrid Puentes, AIDA +52 (55) 5212-0141 (apuentes@aida-americas.org) <li>Martin Wagner, Earthjustice +1 (510) 550-6700 (mwagner@earthjustice.org)</li></ul> </p> <p><b><center><a href="/?q=laoroya">Lea más acerca de la fundición en La Oroya</a></center></b></p> ', '', '', NOW(), 1);
INSERT INTO url_alias (src, dst, language) VALUES ('node/148','laoroya.iachr','en');
INSERT INTO url_alias (src, dst, language) VALUES ('node/1148','laoroya.iachr','es');
INSERT INTO node
            (nid,            vid,            type,  language,title,             uid, status, created, changed, comment, promote, moderate, sticky, tnid, translate) VALUES
            (149,     149,     'book','en',    'Human Rights and Environment Workshop',1,   1,      NOW(),   NOW(), 0,0,0,0,149,0),
            (1149,1149,'book','es',    'Talleres de Derechos Humanos y Ambiente',1,   1,      NOW(),   NOW(), 0,0,0,0,149,0);
INSERT INTO book (mlid, nid, bid) VALUES (10268,149,1),(10269,1149,1001);
INSERT INTO node_revisions
              (nid,       vid,       uid, title,              body,             teaser,          log, timestamp,format) VALUES
              (149,149,1,   'Human Rights and Environment Workshop', '<p>AIDA offers training workshops to build expertise in the legal community in the area of human rights and the environment. <b>Our workshops emphasize the inseparable link between <a href="/?q=humanrights">human rights and the environment</a>, reinforce participants’ understanding of the Inter-American System of Human Rights, and promote discussion on protecting human rights and the environment within this hemisphere</b>. Workshops include presentations by experts, case studies, and participatory discussions. </p> <p>In the expert presentations, <b>speakers delve into both the advantages and challenges of addressing environmental problems from a human rights perspective</b>. Among the advantages, they highlight how this approach can lead to more effective resolutions, require greater action on behalf of the State, and enable access to special protection mechanisms for vulnerable groups. With regards to challenges, presenters explain problems such as the difficulty of identifying victims, the high costs and scientific expertise required to collect evidence, and the inefficiency of national judicial systems. </p> <p>Taking into account these challenges, <b>speakers emphasize the importance of seeking national legal remedies and collaborating with like-minded groups to gain additional expertise and resources when needed</b>. They also review how the Inter-American System of Human Rights serves as a viable subsidiary option to effectively protect human rights threatened or violated by environmental degradation. </p> <p>Following the expert presentations, participants engage in discussion and strategy sessions regarding concrete cases pertaining to infrastructure development and environmental degradation. In these sessions, participants raise questions on current issues, formulate new ideas, and identify effective legal and political strategies at the national, regional and international level. </p> <p><b>AIDA has successfully completed three Human Rights and Environment workshops</b> in Mexico (April 2004), Lima (May 2004), and Buenos Aires (December 2005). We organized these events in coordination with our participating organizations <a href="http://www.cedha.org.ar/en/"><b>CEDHA</b></a>, <a href="http://www.cemda.org.mx"><b>CEMDA</b></a>, <a href="http://www.earthjustice.org"><b>Earthjustice</b></a>, and <a href="http://www.spda.org.pe/portal"><b>SPDA</b></a>, with additional support from the Environmental Law Institute, E-Law Peru, and the University of Belgrano. In March 2007, our legal director, Astrid Puentes, participated as a guest lecturer at <a href="http://www.earthrights.org/submissions/inaugural_training_for_judges_and_lawyers.html"><b>similar events</b></a> in Iquitos, Peru. </p> <p>AIDA is grateful to the MacArthur Foundation, the Global Opportunity Fund of the United Kingdom, the C.S. Fund, and the permanent staff of the Inter-American Commission on Human Rights for supporting us in this work. We would also like to thank the hundred plus workshop participants from throughout the Americas for their valuable involvement. </p> <p>We are convinced that the exchange of knowledge, ideas, and experiences that occurs during these workshops will enable legal advocates to more effectively protect human rights and the environment in this hemisphere. Below are the agendas and conclusions from AIDA’s workshops. We invite you to send us your comments so that we may continue the discussions initiated during these events. </p> <p> </p> <p>{DOC AGENDA_TALLER_DHS_Y_AMB.pdf <b>Conclusions to the Human Rights and Environment workshops</b> (Spanish)} </p> <p> </p> <p>{DOC AGENDA_ARG.pdf <b>Buenos Aires, Argentina</b>: AIDA Human Rights and Environment Workshop Agenda, December 2005 (Spanish)} </p> <p>{DOC AGENDA_LIMA_2004.pdf <b>Lima, Peru</b>: AIDA Human Rights and Environment Workshop Agenda, May 2004 (Spanish)} </p> <p>{DOC AGENDA_MEXICO_2004.pdf <b>Mexico</b>: AIDA Human Rights and Environment Workshop Agenda, April 2004 (Spanish)}</p> ','', '', NOW(), 1),
              (1149,1149,1,'Talleres de Derechos Humanos y Ambiente', '<p>AIDA ha realizado talleres de capacitación para contribuir con el avance del conocimiento de abogados y organizaciones sobre los derechos humanos y el ambiente. <b>Nuestro objetivo con éstos es enfatizar la importancia del vínculo entre los <a href="/?q=humanrights">derechos humanos y el ambiente</a>, reforzar el conocimiento de los participantes sobre el funcionamiento del Sistema Interamericano de Derechos Humanos (SIDH) y buscar opciones de acceso a la justicia efectivos para la protección de éstos derechos en el hemisferio</b>. Los talleres incluyen exposiciones de expertos, estudio de casos reales y sesión de discusiones participativas. </p> <p>En las presentaciones, <b>los oradores han profundizado sobre las ventajas y retos de tratar asuntos ambientales desde la perspectiva de los derechos humanos</b>. Algunas de las ventajas de esta perspectiva incluyen resoluciones más efectivas, generar un rol del Estado más significativo y brindar acceso a mecanismos de protección especial para los grupos más vulnerables. En relación a los retos, los oradores han señalado entre otros, la dificultad de identificar las víctimas, alto costos y falta de personal técnico para conseguir evidencias e ineficiencia de los sistemas judiciales nacionales. </p> <p>Tomando en cuenta lo anterior, <b>los expositores hicieron énfasis en la importancia de acceder a los mecanismos internos nacionales y de colaborar con otras organizaciones para fortalecer el conocimiento y obtener recursos necesarios</b>. Además, recalcaron cómo el Sistemas Interamericano de Derechos Humanos funciona como opción subsidiaria para proteger efectivamente los derechos humanos amenazados o violados por la degradación ambiental. </p> <p>Luego de las presentaciones, tuvimos la sesión de discusión y desarrollo estrategias sobre casos concretos relacionados con desarrollo de infraestructura y degradación ambiental. En estas sesiones de discusión las y los participantes preguntaron sobre temas actuales, propusieron e identificaron estrategias legales y políticas efectivas a nivel nacional, regional e internacional para abordarlos. </p> <p><b>AIDA ha realizado exitosamente tres talleres sobre Derechos Humanos y Ambiente</b> en México (Abril 2004), Lima (Mayo 2004) y Buenos Aires (Diciembre 2005). Organizamos estos eventos en coordinación con nuestras organizaciones participantes <a href="http://www.cedha.org.ar/es/"><b>CEDHA</b></a>, <a href="http://www.cemda.org.mx"><b>CEMDA</b></a>, <a href="http://www.earthjustice.org"><b>Earthjustice</b></a> y <a href="http://www.spda.org.pe/portal"><b>SPDA</b></a>, con apoyo adicional del Environmental Law Institute, E-Law Peru y la Universidad de Belgrano. En Marzo 2007, nuestra Directora Legal, Astrid Puentes, participó como oradora invitada en un <a href="http://www.earthrights.org/submissions/inaugural_training_for_judges_and_lawyers.html"><b>evento similar</b></a> en Iquitos, Perú. </p> <p>Agradecemos a la Fundación MacArthur, el Global Opportunity Fund del Gobierno del Reino Unido, el C.S. Fund, y el respaldo permanente de los funcionarios de la Comisión Interamericana de Derechos Humanos por apoyar nuestro trabajo. Además, damos las gracias a las y los más de 100 participantes de diferentes países del continente por su valiosa asistencia y comentarios. </p> <p>Estamos convencidos que el intercambio de conocimiento, ideas y experiencias de los talleres permitirá a las y los defensores de derechos humanos y el ambiente protegerlos de manera más efectiva. </p> <p>Presentamos las agendas y conclusiones de los talleres de AIDA, con la invitación para que nos envíen sus comentarios, y continuar las discusiones planteadas. </p> <p>{DOC CONCLUSIONES_TALLERES_DHs_Y_AMB.pdf <b>Conclusiones de los Talleres de Derechos Humanos y Ambiente</b>} </p> <p> </p> <p>{DOC AGENDA_ARG.pdf <b>Buenos Aires, Argentina</b>: Agenda del Taller sobre Derechos Humanos y Ambiente, Diciembre 2005} </p> <p>{DOC AGENDA_LIMA_2004.pdf <b>Lima, Perú</b>: Agenda del Taller sobre Derechos Humanos y Ambiente, Mayo 2004} </p> <p>{DOC AGENDA_MEXICO_2004.pdf <b>México D.F., México</b>: Agenda del Taller sobre Derechos Humanos y Ambiente, Abril 2004}</p> ', '', '', NOW(), 1);
INSERT INTO url_alias (src, dst, language) VALUES ('node/149','agenda_taller','en');
INSERT INTO url_alias (src, dst, language) VALUES ('node/1149','agenda_taller','es');
INSERT INTO node
            (nid,            vid,            type,  language,title,             uid, status, created, changed, comment, promote, moderate, sticky, tnid, translate) VALUES
            (151,     151,     'book','en',    'andy is cool',1,   1,      NOW(),   NOW(), 0,0,0,0,151,0),
            (1151,1151,'book','es',    '',1,   1,      NOW(),   NOW(), 0,0,0,0,151,0);
INSERT INTO book (mlid, nid, bid) VALUES (10270,151,1),(10271,1151,1001);
INSERT INTO node_revisions
              (nid,       vid,       uid, title,              body,             teaser,          log, timestamp,format) VALUES
              (151,151,1,   'andy is cool', '<p>Are you interested in hearing about the latest developments in AIDA’s work? Sign up now for our monthly updates and stay informed! </p> <p><a href="/?q=news_updates"><b>View Previous Updates</b></a> </p> <p><form name="subscribeForm" action="http://en.groundspring.org/EmailNow/pub.php?module=WebSignup&cmd=subscribe" method="POST"> </p> <p><input type="hidden" value="fdfqypswwrwrwgqy" name="listIds" /> </p> <p><input type="hidden" value="http://www.aida-americas.org" name="gotoUrl" /> </p> <p><input type="hidden" value="Return to AIDA\'s Home Page" name="gotoText" /> </p> <p><input type="hidden" value="yesRequired" name="status_firstName" /> </p> <p><input type="hidden" value="yesRequired" name="status_lastName" /> </p> <p><input type="hidden" value="yesOptional" name="status_street1" /> </p> <p><input type="hidden" value="yesOptional" name="status_street2" /> </p> <p><input type="hidden" value="yesOptional" name="status_city" /> </p> <p><input type="hidden" value="yesOptional" name="status_state" /> </p> <p><input type="hidden" value="yesOptional" name="status_zipcode" /> </p> <p><input type="hidden" value="yesOptional" name="status_country" /> </p> <p><input type="hidden" value="no" name="status_telephone" /> </p> <p><table border="0"><tr><td>Email Address:</td><td><input name="email" type="text" /> *</td></tr><tr><td>Subscribe to:</td><td><input name="listSelect_96904" type="checkbox" value="1" id="qf_762988" checked="checked" /> AIDA Monthly Updates</td></tr><tr><td colspan="2">&nbsp;</td></tr><tr><td>First Name:</td><td><input type="text" name="firstName" /> *</td></tr><tr><td>Last Name:</td><td><input type="text" name="lastName" /> *</td></tr><tr><td>Street 1:</td><td><input type="text" name="street1" /></td></tr><tr><td>Street 2:</td><td><input type="text" name="street2" /></td></tr><tr><td>City:</td><td><input type="text" name="city" /></td></tr><tr><td>State:</td><td><select name="state"> <option value="">Select</option> <option value="AK">Alaska</option> <option value="AL">Alabama</option> <option value="AZ">Arizona</option> <option value="AR">Arkansas</option> <option value="CA">California</option> <option value="CO">Colorado</option> <option value="CT">Connecticut</option> <option value="DE">Delaware</option> <option value="FL">Florida</option> <option value="GA">Georgia</option> <option value="HI">Hawaii</option> <option value="ID">Idaho</option> <option value="IL">Illinois</option> <option value="IN">Indiana</option> <option value="IA">Iowa</option> <option value="KS">Kansas</option> <option value="KY">Kentucky</option> <option value="LA">Louisiana</option> <option value="ME">Maine</option> <option value="MD">Maryland</option> <option value="MA">Massachusetts</option> <option value="MI">Michigan</option> <option value="MN">Minnesota</option> <option value="MS">Mississippi</option> <option value="MO">Missouri</option> <option value="MT">Montana</option> <option value="NE">Nebraska</option> <option value="NV">Nevada</option> <option value="NH">New Hampshire</option> <option value="NJ">New Jersey</option> <option value="NM">New Mexico</option> <option value="NY">New York</option> <option value="NC">North Carolina</option> <option value="ND">North Dakota</option> <option value="OH">Ohio</option> <option value="OK">Oklahoma</option> <option value="OR">Oregon</option> <option value="PA">Pennsylvania</option> <option value="RI">Rhode Island</option> <option value="SC">South Carolina</option> <option value="SD">South Dakota</option> <option value="TN">Tennessee</option> <option value="TX">Texas</option> <option value="UT">Utah</option> <option value="VT">Vermont</option> <option value="VA">Virginia</option> <option value="WA">Washington</option> <option value="WV">West Virginia</option> <option value="WI">Wisconsin</option> <option value="WY">Wyoming</option> <option value="DC">Washington DC</option> <option value="GU">Guam</option> <option value="PR">Puerto Rico</option> <option value="VI">Virgin Islands</option> </select></td></tr><tr><td>Zip Code / Postal Code:</td><td><input type="text" name="zipcode" /></td></tr><tr><td>Country:</td><td><select name="country"> <option value="">Select</option> <option value="AF">Afghanistan</option> <option value="AL">Albania</option> <option value="DZ">Algeria</option> <option value="AS">American Samoa</option> <option value="AD">Andorra</option> <option value="AO">Angola</option> <option value="AI">Anguilla</option> <option value="AQ">Antarctica</option> <option value="AG">Antigua and Barbuda</option> <option value="AR">Argentina</option> <option value="AM">Armenia</option> <option value="AW">Aruba</option> <option value="AU">Australia</option> <option value="AT">Austria</option> <option value="AZ">Azerbaijan</option> <option value="BS">Bahamas, The</option> <option value="BH">Bahrain</option> <option value="BD">Bangladesh</option> <option value="BB">Barbados</option> <option value="BY">Belarus</option> <option value="BE">Belgium</option> <option value="BZ">Belize</option> <option value="BJ">Benin</option> <option value="BM">Bermuda</option> <option value="BT">Bhutan</option> <option value="BO">Bolivia</option> <option value="BA">Bosnia and Herzegovina</option> <option value="BW">Botswana</option> <option value="BV">Bouvet Island</option> <option value="BR">Brazil</option> <option value="IO">British Indian Ocean Territory</option> <option value="VG">British Virgin Islands</option> <option value="BN">Brunei Darussalam</option> <option value="BG">Bulgaria</option> <option value="BF">Burkina Faso</option> <option value="MM">Burma</option> <option value="BI">Burundi</option> <option value="KH">Cambodia</option> <option value="CM">Cameroon</option> <option value="CA">Canada</option> <option value="CV">Cape Verde</option> <option value="KY">Cayman Islands</option> <option value="CF">Congo, Republic of the</option> <option value="TD">Chad</option> <option value="CL">Chile</option> <option value="CN">China</option> <option value="CX">Christmas Island</option> <option value="CC">Cocos (Keeling) Islands</option> <option value="CO">Colombia</option> <option value="KM">Comoros</option> <option value="CG">Congo, Democratic Republic of the</option> <option value="CK">Cook Islands</option> <option value="CR">Costa Rica</option> <option value="CI">Cote d\'Ivoire</option> <option value="HR">Croatia</option> <option value="CU">Cuba</option> <option value="CY">Cyprus</option> <option value="CZ">Czech Republic</option> <option value="DK">Denmark</option> <option value="DJ">Djibouti</option> <option value="DM">Dominica</option> <option value="DO">Dominican Republic</option> <option value="TP">East Timor</option> <option value="EC">Ecuador</option> <option value="EG">Egypt</option> <option value="SV">El Salvador</option> <option value="GQ">Equatorial Guinea</option> <option value="ER">Eritrea</option> <option value="EE">Estonia</option> <option value="ET">Ethiopia</option> <option value="EU">European Union</option> <option value="FK">Falkland Islands (Islas Malvinas)</option> <option value="FO">Faroe Islands</option> <option value="FJ">Fiji</option> <option value="FI">Finland</option> <option value="FR">France</option> <option value="GF">French Guiana</option> <option value="PF">French Polynesia</option> <option value="TF">French Southern and Antarctic Lands</option> <option value="GA">Gabon</option> <option value="GM">Gambia</option> <option value="GE">Georgia</option> <option value="DE">Germany</option> <option value="GH">Ghana</option> <option value="GI">Gibraltar</option> <option value="GR">Greece</option> <option value="GL">Greenland</option> <option value="GD">Grenada</option> <option value="GP">Guadeloupe</option> <option value="GU">Guam</option> <option value="GT">Guatemala</option> <option value="GN">Guinea</option> <option value="GW">Guinea-Bissau</option> <option value="GY">Guyana</option> <option value="HT">Haiti</option> <option value="HM">Heard Island and McDonald Islands</option> <option value="VA">Holy See (Vatican City)</option> <option value="HN">Honduras</option> <option value="HK">Hong Kong (SAR)</option> <option value="HU">Hungary</option> <option value="IS">Iceland</option> <option value="IN">India</option> <option value="ID">Indonesia</option> <option value="IR">Iran</option> <option value="IQ">Iraq</option> <option value="IE">Ireland</option> <option value="IL">Israel</option> <option value="IT">Italy</option> <option value="JM">Jamaica</option> <option value="JP">Japan</option> <option value="JO">Jordan</option> <option value="KZ">Kazakhstan</option> <option value="KE">Kenya</option> <option value="KI">Kiribati</option> <option value="KP">Korea, North</option> <option value="KR">Korea, South</option> <option value="KW">Kuwait</option> <option value="KG">Kyrgyzstan</option> <option value="LA">Laos</option> <option value="LV">Latvia</option> <option value="LB">Lebanon</option> <option value="LS">Lesotho</option> <option value="LR">Liberia</option> <option value="LY">Libya</option> <option value="LI">Liechtenstein</option> <option value="LT">Lithuania</option> <option value="LU">Luxembourg</option> <option value="MO">Macao</option> <option value="MK">Macedonia, The Former Yugoslav Republic of</option> <option value="MG">Madagascar</option> <option value="MW">Malawi</option> <option value="MY">Malaysia</option> <option value="MV">Maldives</option> <option value="ML">Mali</option> <option value="MT">Malta</option> <option value="MH">Marshall Islands</option> <option value="MQ">Martinique</option> <option value="MR">Mauritania</option> <option value="MU">Mauritius</option> <option value="YT">Mayotte</option> <option value="MX">Mexico</option> <option value="FM">Micronesia, Federated States of</option> <option value="MD">Moldova</option> <option value="MC">Monaco</option> <option value="MN">Mongolia</option> <option value="MS">Montserrat</option> <option value="MA">Morocco</option> <option value="MZ">Mozambique</option> <option value="NA">Namibia</option> <option value="NR">Nauru</option> <option value="NP">Nepal</option> <option value="AN">Netherlands Antilles</option> <option value="NL">Netherlands</option> <option value="NC">New Caledonia</option> <option value="NZ">New Zealand</option> <option value="NI">Nicaragua</option> <option value="NE">Niger</option> <option value="NG">Nigeria</option> <option value="NU">Niue</option> <option value="NF">Norfolk Island</option> <option value="MP">Northern Mariana Islands</option> <option value="NO">Norway</option> <option value="OM">Oman</option> <option value="PK">Pakistan</option> <option value="PW">Palau</option> <option value="PS">Palestinian Territory, Occupied</option> <option value="PA">Panama</option> <option value="PG">Papua New Guinea</option> <option value="PY">Paraguay</option> <option value="PE">Peru</option> <option value="PH">Philippines</option> <option value="PN">Pitcairn Islands</option> <option value="PL">Poland</option> <option value="PT">Portugal</option> <option value="PR">Puerto Rico</option> <option value="QA">Qatar</option> <option value="RO">Romania</option> <option value="RU">Russian Federation</option> <option value="RW">Rwanda</option> <option value="RE">Réunion</option> <option value="SH">Saint Helena</option> <option value="KN">Saint Kitts and Nevis</option> <option value="LC">Saint Lucia</option> <option value="PM">Saint Pierre and Miquelon</option> <option value="VC">Saint Vincent and the Grenadines</option> <option value="WS">Samoa</option> <option value="SM">San Marino</option> <option value="SA">Saudi Arabia</option> <option value="SN">Senegal</option> <option value="SC">Seychelles</option> <option value="SL">Sierra Leone</option> <option value="SG">Singapore</option> <option value="SK">Slovakia</option> <option value="SI">Slovenia</option> <option value="SB">Solomon Islands</option> <option value="SO">Somalia</option> <option value="ZA">South Africa</option> <option value="GS">South Georgia and the South Sandwich Islands</option> <option value="ES">Spain</option> <option value="LK">Sri Lanka</option> <option value="SD">Sudan</option> <option value="SR">Suriname</option> <option value="SJ">Svalbard</option> <option value="SZ">Swaziland</option> <option value="SE">Sweden</option> <option value="CH">Switzerland</option> <option value="SY">Syria</option> <option value="ST">São Tomé and Príncipe</option> <option value="TW">Taiwan</option> <option value="TJ">Tajikistan</option> <option value="TZ">Tanzania</option> <option value="TH">Thailand</option> <option value="TG">Togo</option> <option value="TK">Tokelau</option> <option value="TO">Tonga</option> <option value="TT">Trinidad and Tobago</option> <option value="TN">Tunisia</option> <option value="TR">Turkey</option> <option value="TM">Turkmenistan</option> <option value="TC">Turks and Caicos Islands</option> <option value="TV">Tuvalu</option> <option value="UG">Uganda</option> <option value="UA">Ukraine</option> <option value="AE">United Arab Emirates</option> <option value="GB">United Kingdom</option> <option value="US">United States</option> <option value="UM">United States Minor Outlying Islands</option> <option value="UY">Uruguay</option> <option value="UZ">Uzbekistan</option> <option value="VU">Vanuatu</option> <option value="VE">Venezuela</option> <option value="VN">Vietnam</option> <option value="VI">Virgin Islands, U.S.</option> <option value="WF">Wallis and Futuna</option> <option value="EH">Western Sahara</option> <option value="YE">Yemen</option> <option value="YU">Yugoslavia</option> <option value="ZM">Zambia</option> <option value="ZW">Zimbabwe</option> </select></td></tr><tr><td></td><td><input type="submit" value="Subscribe"></td></tr></table>[*] Fields marked with an asterisk are required. </p> <p></form></p> ','', '', NOW(), 1),
              (1151,1151,1,'', '<p>¿Tiene interés en saber más sobre los últimos progresos en el trabajo de AIDA? ¡Inscribase ahora a nuestras actualizaciones mensuales y manténgase informado/a! </p> <p><a href="/?q=news_updates"><b>Vea las actualizaciones mensuales anteriores</b></a> </p> <p><i>Para asegurarnos que contamos con su autorización para enviarle mensualmente información actualizada, únicamente necesitamos que responda al mensaje de suscripción que recibe, no necesita agregar ningún mensaje adicional. Por favor disculpe que el mensajes de suscripción sólo esta en inglés, el programa admite solamente un idioma.</i> </p> <p><b>Todos los boletines mensuales se publicarán en Español e Inglés.</b> </p> <p><form name="subscribeForm" action="http://en.groundspring.org/EmailNow/pub.php?module=WebSignup&cmd=subscribe" method="POST"> </p> <p><input type="hidden" value="fdfqypswwrwrwgqy" name="listIds" /> </p> <p><input type="hidden" value="http://www.aida-americas.org" name="gotoUrl" /> </p> <p><input type="hidden" value="Return to AIDA\'s Home Page" name="gotoText" /> </p> <p><input type="hidden" value="yesRequired" name="status_firstName" /> </p> <p><input type="hidden" value="yesRequired" name="status_lastName" /> </p> <p><input type="hidden" value="yesOptional" name="status_street1" /> </p> <p><input type="hidden" value="yesOptional" name="status_street2" /> </p> <p><input type="hidden" value="yesOptional" name="status_city" /> </p> <p><input type="hidden" value="yesOptional" name="status_state" /> </p> <p><input type="hidden" value="yesOptional" name="status_zipcode" /> </p> <p><input type="hidden" value="yesOptional" name="status_country" /> </p> <p><input type="hidden" value="no" name="status_telephone" /> </p> <p><table border="0"><tr><td>Correo electrónico:</td><td><input name="email" type="text" /> *</td></tr><tr><td>Inscribase a:</td><td><input name="listSelect_96904" type="checkbox" value="1" id="qf_762988" checked="checked" /> Actualizaciones Mensuales de AIDA</td></tr><tr><td colspan="2">&nbsp;</td></tr><tr><td>Nombre:</td><td><input type="text" name="firstName" /> *</td></tr><tr><td>Apellido:</td><td><input type="text" name="lastName" /> *</td></tr><tr><td>Dirección 1:</td><td><input type="text" name="street1" /></td></tr><tr><td>Dirección 2:</td><td><input type="text" name="street2" /></td></tr><tr><td>Ciudad:</td><td><input type="text" name="city" /></td></tr><tr><td>Estado:</td><td><select name="state"> <option value="">Seleccionar</option> <option value="AK">Alaska</option> <option value="AL">Alabama</option> <option value="AZ">Arizona</option> <option value="AR">Arkansas</option> <option value="CA">California</option> <option value="CO">Colorado</option> <option value="CT">Connecticut</option> <option value="DE">Delaware</option> <option value="FL">Florida</option> <option value="GA">Georgia</option> <option value="HI">Hawaii</option> <option value="ID">Idaho</option> <option value="IL">Illinois</option> <option value="IN">Indiana</option> <option value="IA">Iowa</option> <option value="KS">Kansas</option> <option value="KY">Kentucky</option> <option value="LA">Louisiana</option> <option value="ME">Maine</option> <option value="MD">Maryland</option> <option value="MA">Massachusetts</option> <option value="MI">Michigan</option> <option value="MN">Minnesota</option> <option value="MS">Mississippi</option> <option value="MO">Missouri</option> <option value="MT">Montana</option> <option value="NE">Nebraska</option> <option value="NV">Nevada</option> <option value="NH">New Hampshire</option> <option value="NJ">New Jersey</option> <option value="NM">New Mexico</option> <option value="NY">New York</option> <option value="NC">North Carolina</option> <option value="ND">North Dakota</option> <option value="OH">Ohio</option> <option value="OK">Oklahoma</option> <option value="OR">Oregon</option> <option value="PA">Pennsylvania</option> <option value="RI">Rhode Island</option> <option value="SC">South Carolina</option> <option value="SD">South Dakota</option> <option value="TN">Tennessee</option> <option value="TX">Texas</option> <option value="UT">Utah</option> <option value="VT">Vermont</option> <option value="VA">Virginia</option> <option value="WA">Washington</option> <option value="WV">West Virginia</option> <option value="WI">Wisconsin</option> <option value="WY">Wyoming</option> <option value="DC">Washington DC</option> <option value="GU">Guam</option> <option value="PR">Puerto Rico</option> <option value="VI">Virgin Islands</option> </select></td></tr><tr><td>Código Postal:</td><td><input type="text" name="zipcode" /></td></tr><tr><td>País:</td><td><select name="country"> <option value="">Seleccionar</option> <option value="AF">Afghanistan</option> <option value="AL">Albania</option> <option value="DZ">Algeria</option> <option value="AS">American Samoa</option> <option value="AD">Andorra</option> <option value="AO">Angola</option> <option value="AI">Anguilla</option> <option value="AQ">Antarctica</option> <option value="AG">Antigua and Barbuda</option> <option value="AR">Argentina</option> <option value="AM">Armenia</option> <option value="AW">Aruba</option> <option value="AU">Australia</option> <option value="AT">Austria</option> <option value="AZ">Azerbaijan</option> <option value="BS">Bahamas, The</option> <option value="BH">Bahrain</option> <option value="BD">Bangladesh</option> <option value="BB">Barbados</option> <option value="BY">Belarus</option> <option value="BE">Belgium</option> <option value="BZ">Belize</option> <option value="BJ">Benin</option> <option value="BM">Bermuda</option> <option value="BT">Bhutan</option> <option value="BO">Bolivia</option> <option value="BA">Bosnia and Herzegovina</option> <option value="BW">Botswana</option> <option value="BV">Bouvet Island</option> <option value="BR">Brazil</option> <option value="IO">British Indian Ocean Territory</option> <option value="VG">British Virgin Islands</option> <option value="BN">Brunei Darussalam</option> <option value="BG">Bulgaria</option> <option value="BF">Burkina Faso</option> <option value="MM">Burma</option> <option value="BI">Burundi</option> <option value="KH">Cambodia</option> <option value="CM">Cameroon</option> <option value="CA">Canada</option> <option value="CV">Cape Verde</option> <option value="KY">Cayman Islands</option> <option value="CF">Congo, Republic of the</option> <option value="TD">Chad</option> <option value="CL">Chile</option> <option value="CN">China</option> <option value="CX">Christmas Island</option> <option value="CC">Cocos (Keeling) Islands</option> <option value="CO">Colombia</option> <option value="KM">Comoros</option> <option value="CG">Congo, Democratic Republic of the</option> <option value="CK">Cook Islands</option> <option value="CR">Costa Rica</option> <option value="CI">Cote d\'Ivoire</option> <option value="HR">Croatia</option> <option value="CU">Cuba</option> <option value="CY">Cyprus</option> <option value="CZ">Czech Republic</option> <option value="DK">Denmark</option> <option value="DJ">Djibouti</option> <option value="DM">Dominica</option> <option value="DO">Dominican Republic</option> <option value="TP">East Timor</option> <option value="EC">Ecuador</option> <option value="EG">Egypt</option> <option value="SV">El Salvador</option> <option value="GQ">Equatorial Guinea</option> <option value="ER">Eritrea</option> <option value="EE">Estonia</option> <option value="ET">Ethiopia</option> <option value="EU">European Union</option> <option value="FK">Falkland Islands (Islas Malvinas)</option> <option value="FO">Faroe Islands</option> <option value="FJ">Fiji</option> <option value="FI">Finland</option> <option value="FR">France</option> <option value="GF">French Guiana</option> <option value="PF">French Polynesia</option> <option value="TF">French Southern and Antarctic Lands</option> <option value="GA">Gabon</option> <option value="GM">Gambia</option> <option value="GE">Georgia</option> <option value="DE">Germany</option> <option value="GH">Ghana</option> <option value="GI">Gibraltar</option> <option value="GR">Greece</option> <option value="GL">Greenland</option> <option value="GD">Grenada</option> <option value="GP">Guadeloupe</option> <option value="GU">Guam</option> <option value="GT">Guatemala</option> <option value="GN">Guinea</option> <option value="GW">Guinea-Bissau</option> <option value="GY">Guyana</option> <option value="HT">Haiti</option> <option value="HM">Heard Island and McDonald Islands</option> <option value="VA">Holy See (Vatican City)</option> <option value="HN">Honduras</option> <option value="HK">Hong Kong (SAR)</option> <option value="HU">Hungary</option> <option value="IS">Iceland</option> <option value="IN">India</option> <option value="ID">Indonesia</option> <option value="IR">Iran</option> <option value="IQ">Iraq</option> <option value="IE">Ireland</option> <option value="IL">Israel</option> <option value="IT">Italy</option> <option value="JM">Jamaica</option> <option value="JP">Japan</option> <option value="JO">Jordan</option> <option value="KZ">Kazakhstan</option> <option value="KE">Kenya</option> <option value="KI">Kiribati</option> <option value="KP">Korea, North</option> <option value="KR">Korea, South</option> <option value="KW">Kuwait</option> <option value="KG">Kyrgyzstan</option> <option value="LA">Laos</option> <option value="LV">Latvia</option> <option value="LB">Lebanon</option> <option value="LS">Lesotho</option> <option value="LR">Liberia</option> <option value="LY">Libya</option> <option value="LI">Liechtenstein</option> <option value="LT">Lithuania</option> <option value="LU">Luxembourg</option> <option value="MO">Macao</option> <option value="MK">Macedonia, The Former Yugoslav Republic of</option> <option value="MG">Madagascar</option> <option value="MW">Malawi</option> <option value="MY">Malaysia</option> <option value="MV">Maldives</option> <option value="ML">Mali</option> <option value="MT">Malta</option> <option value="MH">Marshall Islands</option> <option value="MQ">Martinique</option> <option value="MR">Mauritania</option> <option value="MU">Mauritius</option> <option value="YT">Mayotte</option> <option value="MX">Mexico</option> <option value="FM">Micronesia, Federated States of</option> <option value="MD">Moldova</option> <option value="MC">Monaco</option> <option value="MN">Mongolia</option> <option value="MS">Montserrat</option> <option value="MA">Morocco</option> <option value="MZ">Mozambique</option> <option value="NA">Namibia</option> <option value="NR">Nauru</option> <option value="NP">Nepal</option> <option value="AN">Netherlands Antilles</option> <option value="NL">Netherlands</option> <option value="NC">New Caledonia</option> <option value="NZ">New Zealand</option> <option value="NI">Nicaragua</option> <option value="NE">Niger</option> <option value="NG">Nigeria</option> <option value="NU">Niue</option> <option value="NF">Norfolk Island</option> <option value="MP">Northern Mariana Islands</option> <option value="NO">Norway</option> <option value="OM">Oman</option> <option value="PK">Pakistan</option> <option value="PW">Palau</option> <option value="PS">Palestinian Territory, Occupied</option> <option value="PA">Panama</option> <option value="PG">Papua New Guinea</option> <option value="PY">Paraguay</option> <option value="PE">Peru</option> <option value="PH">Philippines</option> <option value="PN">Pitcairn Islands</option> <option value="PL">Poland</option> <option value="PT">Portugal</option> <option value="PR">Puerto Rico</option> <option value="QA">Qatar</option> <option value="RO">Romania</option> <option value="RU">Russian Federation</option> <option value="RW">Rwanda</option> <option value="RE">Réunion</option> <option value="SH">Saint Helena</option> <option value="KN">Saint Kitts and Nevis</option> <option value="LC">Saint Lucia</option> <option value="PM">Saint Pierre and Miquelon</option> <option value="VC">Saint Vincent and the Grenadines</option> <option value="WS">Samoa</option> <option value="SM">San Marino</option> <option value="SA">Saudi Arabia</option> <option value="SN">Senegal</option> <option value="SC">Seychelles</option> <option value="SL">Sierra Leone</option> <option value="SG">Singapore</option> <option value="SK">Slovakia</option> <option value="SI">Slovenia</option> <option value="SB">Solomon Islands</option> <option value="SO">Somalia</option> <option value="ZA">South Africa</option> <option value="GS">South Georgia and the South Sandwich Islands</option> <option value="ES">Spain</option> <option value="LK">Sri Lanka</option> <option value="SD">Sudan</option> <option value="SR">Suriname</option> <option value="SJ">Svalbard</option> <option value="SZ">Swaziland</option> <option value="SE">Sweden</option> <option value="CH">Switzerland</option> <option value="SY">Syria</option> <option value="ST">São Tomé and Príncipe</option> <option value="TW">Taiwan</option> <option value="TJ">Tajikistan</option> <option value="TZ">Tanzania</option> <option value="TH">Thailand</option> <option value="TG">Togo</option> <option value="TK">Tokelau</option> <option value="TO">Tonga</option> <option value="TT">Trinidad and Tobago</option> <option value="TN">Tunisia</option> <option value="TR">Turkey</option> <option value="TM">Turkmenistan</option> <option value="TC">Turks and Caicos Islands</option> <option value="TV">Tuvalu</option> <option value="UG">Uganda</option> <option value="UA">Ukraine</option> <option value="AE">United Arab Emirates</option> <option value="GB">United Kingdom</option> <option value="US">United States</option> <option value="UM">United States Minor Outlying Islands</option> <option value="UY">Uruguay</option> <option value="UZ">Uzbekistan</option> <option value="VU">Vanuatu</option> <option value="VE">Venezuela</option> <option value="VN">Vietnam</option> <option value="VI">Virgin Islands, U.S.</option> <option value="WF">Wallis and Futuna</option> <option value="EH">Western Sahara</option> <option value="YE">Yemen</option> <option value="YU">Yugoslavia</option> <option value="ZM">Zambia</option> <option value="ZW">Zimbabwe</option> </select></td></tr><tr><td></td><td><input type="submit" value="Inscribase"></td></tr></table>[*] Los campos marcados con asterisco son indispensables. </p> <p></form></p> ', '', '', NOW(), 1);
INSERT INTO url_alias (src, dst, language) VALUES ('node/151','testing','en');
INSERT INTO url_alias (src, dst, language) VALUES ('node/1151','testing','es');
INSERT INTO node
            (nid,            vid,            type,  language,title,             uid, status, created, changed, comment, promote, moderate, sticky, tnid, translate) VALUES
            (153,     153,     'book','en',    'Legal Violations and Court Cases',1,   1,      NOW(),   NOW(), 0,0,0,0,153,0),
            (1153,1153,'book','es',    'Violaciones Legales y Jurisprudencia',1,   1,      NOW(),   NOW(), 0,0,0,0,153,0);
INSERT INTO book (mlid, nid, bid) VALUES (10272,153,1),(10273,1153,1001);
INSERT INTO node_revisions
              (nid,       vid,       uid, title,              body,             teaser,          log, timestamp,format) VALUES
              (153,153,1,   'Legal Violations and Court Cases', '<p><b>Legal Violations</b> </p> <p> <ol> <li>Reports by Colombian General Accounting Office (Contraloría) <br /> <ul> <li>{DOC 5th_Report.pdf 5th Plan Colombia Evaluation Report, December 2004 (Spanish)} <li>{DOC 4th_Report.pdf 4th Plan Colombia Evaluation Report, July 2003 (Spanish)} <li>{DOC 3rd_Report.pdf 3rd Plan Colombia Evaluation Report, August 2002 (Spanish)}</li></ul> <li>Information from Colombian Public Defender’s Office (Defensoría del Pueblo) <br /> <ul> <li>{DOC Resolution_28.pdf The Coffee Crisis and Possible Spraying in Caldas, May, 2003 (Spanish)} <li>Summary of Public Defender’s concerns, September 2002 <li>{DOC Exec_Summary_Ombudsman.pdf Position on the Eradication of Illicit Crops, July 2002 - Summarized and translated by AIDA in collaboration with the Public Defender’s Office} <li>{DOC Resolution_26.pdf Human Rights and International Humanitarian Rights in Putumayo, October, 2002 (Spanish)} <li>{DOC Resolution_4.pdf Impact of the Spraying on 11 Alternative Development Projects, February, 2001, (Spanish)}</li></ul> <li>{DOC Violations_of_EMP_AIDA6-03.pdf Violations of the Environmental Management Plan for the Spraying Program, AIDA, June, 2003 (Spanish)} <li>{DOC FUMIGANDO_LA_DEMOCRACIA.pdf Eradicating Democracy, AIDA, June, 2004 (Spanish)} </p> <p></ol> </p> <p><b>Colombian Court Cases and Decisions</b> </p> <p> <ol> <li>{DOC AIDA_Demanda_Res.13_2003.pdf Challenge to Resolution Authorizing Spraying in National Parks, September, 2004 (Spanish)} <li>{DOC SAP_Consejo_Estado.pdf Ruling in suit alleging that the aerial spraying violates the right to a healthy environment, October 2004 (Spanish)} <li>{DOC Carta_al_Consejo_Estado.pdf Letter to the Colombian State Council regarding the Appeal of the Court Case on Aerial Eradication, June 9, 2003 (Spanish)} <li>{DOC SAP-Tribunal_Cundinamarca2003.pdf Ruling ordering the suspension of spraying until the government complies with the Environmental Management Plan, June, 2003} <li>{DOC Scia_Consejo_Estado2002.pdf State Council decision on the Environmental Management Plan, October, 2002 (Spanish)}</ol> </p> <p><b>Ecuadorian Court Cases</b> </p> <p> <ol> <li>{DOC Admin_Tribunal_Decision3-04.pdf Ecuadorian court decision about damages from spraying in the border region, March, 2004 (Spanish)}</ol></p> ','', '', NOW(), 1),
              (1153,1153,1,'Violaciones Legales y Jurisprudencia', '<p><b>Violaciones Legales</b> </p> <p> <ol> <li>Informes de la Contraloría General de la Nación de Colombia <br /> <ul> <li>{DOC 5th_Report.pdf Plan Colombia: Quinto Informe de Evaluación, Diciembre de 2004} <li>{DOC 4th_Report.pdf Plan Colombia: Cuarto Informe de Evaluación, Julio de 2003} <li>{DOC 3rd_Report.pdf Plan Colombia: Cuarto Informe de Evaluación, Agosto 2002}</li></ul> <li>Información de la Defensoría del Pueblo de Colombia <br /> <ul> <li>{DOC Resolution_28.pdf La Crisis Cafetera y Posibles Fumigaciones en el Departamento de Caldas, Mayo 2003} <li>Resumen de las Preocupaciones de la Defensoría del Pueblo, Septiembre 2002 <li>{DOC Exec_Summary_Ombudsman.pdf Posición de la Defensoría del Pueblo en Relación con la Erradicación de Cultivos Ilícitos, julio 2002- Resumido y Traducido por AIDA en Colaboración con la Defensoría del Pueblo (Inglés)} <li>{DOC Resolution_26.pdf Derechos Humanos y Derecho Internacional Humanitario en el Marco del Conflicto Armado y de las Fumigaciones de los Cultivos de Coca en el Departamento del Putumayo, 2002} <li>{DOC Resolution_4.pdf Impacto de las Fumigaciones en 11 Proyectos de Desarrollo Alternativo en el Putumayo, 2001}</li></ul> <li>{DOC Violations_of_EMP_AIDA6-03.pdf Violaciones al Plan de Manejo Ambiental para el Programa de Fumigaciones, AIDA, Junio de 2003} <li>{DOC FUMIGANDO_LA_DEMOCRACIA.pdf Fumigando la Democracia, AIDA, Junio, 2004} </p> <p></ol> </p> <p><b>Casos y Decisiones de las Cortes Colombianas</b> </p> <p> <ol> <li>{DOC AIDA_Demanda_Res.13_2003.pdf Demanda a la Resolución que Autoriza la Fumigación en Parques Nacionales, Septiembre 2004} <li>{DOC SAP_Consejo_Estado.pdf Fallo del Consejo de Estado de demanda alegando que las Fumigaciones Aéreas Violan el Derecho a un Medio Ambiente Sano, Octubre 2004} <li>{DOC Carta_al_Consejo_Estado.pdf Carta al Consejo de Estado Colombiano Relacionada con la Apelación al Caso de Fumigación Aérea, 9 de Junio de 2003} <li>{DOC SAP-Tribunal_Cundinamarca2003.pdf Fallo que Ordena la Suspensión de las Fumigaciones hasta que el Gobierno Cumpla con el Plan de Manejo Ambiental, Junio 2003} <li>{DOC Scia_Consejo_Estado2002.pdf Decisión del Consejo de Estado sobre el Plan de Manejo Ambiental, Octubre 2002}</ol> </p> <p><b>Casos de las Cortes Ecuatorianas</b> </p> <p> <ol> <li>{DOC Admin_Tribunal_Decision3-04.pdf Decisión del Tribunal Constitucional Ecuatoriano sobre los Daños por Fumigaciones en la Región Fronteriza, Marzo 2004}</ol></p> ', '', '', NOW(), 1);
INSERT INTO url_alias (src, dst, language) VALUES ('node/153','plancolombia_legalviolations','en');
INSERT INTO url_alias (src, dst, language) VALUES ('node/1153','plancolombia_legalviolations','es');
INSERT INTO node
            (nid,            vid,            type,  language,title,             uid, status, created, changed, comment, promote, moderate, sticky, tnid, translate) VALUES
            (154,     154,     'book','en',    'Regional and International Opposition',1,   1,      NOW(),   NOW(), 0,0,0,0,154,0),
            (1154,1154,'book','es',    'Oposición Regional e Internacional',1,   1,      NOW(),   NOW(), 0,0,0,0,154,0);
INSERT INTO book (mlid, nid, bid) VALUES (10274,154,1),(10275,1154,1001);
INSERT INTO node_revisions
              (nid,       vid,       uid, title,              body,             teaser,          log, timestamp,format) VALUES
              (154,154,1,   'Regional and International Opposition', '<p><BR> </p> <p><BR> </p> <p><HR WIDTH="75%" COLOR="#F88017" SIZE="2"> </p> <p><center><H1><I><font color="#F88017">Under Construction</font></I></H1></center> </p> <p><HR WIDTH="75%" COLOR="#F88017" SIZE="2"></p> ','', '', NOW(), 1),
              (1154,1154,1,'Oposición Regional e Internacional', '<p><BR> </p> <p><BR> </p> <p><HR WIDTH="75%" COLOR="#F88017" SIZE="2"> </p> <p><center><H1><I><font color="#F88017">En Construcción</font></I></H1></center> </p> <p><HR WIDTH="75%" COLOR="#F88017" SIZE="2"></p> ', '', '', NOW(), 1);
INSERT INTO url_alias (src, dst, language) VALUES ('node/154','plancolombia_opposition','en');
INSERT INTO url_alias (src, dst, language) VALUES ('node/1154','plancolombia_opposition','es');
INSERT INTO node
            (nid,            vid,            type,  language,title,             uid, status, created, changed, comment, promote, moderate, sticky, tnid, translate) VALUES
            (155,     155,     'book','en',    'Effectiveness and Alternatives',1,   1,      NOW(),   NOW(), 0,0,0,0,155,0),
            (1155,1155,'book','es',    'Eficacia y Alternativas',1,   1,      NOW(),   NOW(), 0,0,0,0,155,0);
INSERT INTO book (mlid, nid, bid) VALUES (10276,155,1),(10277,1155,1001);
INSERT INTO node_revisions
              (nid,       vid,       uid, title,              body,             teaser,          log, timestamp,format) VALUES
              (155,155,1,   'Effectiveness and Alternatives', '<p> <br></p> <p>AIDA\'s <b>Alternative Development Report</b> Highlights Need for Alternative Programs in Colombia <br /> <ul> <li>{DOC AIDA-EX_SUMM_ALT_DEVT_06-08.pdf <b>Executive Summary</b> - Alternative Development Report} <li>{DOC AIDA-INFORME_DESARROLLO_ALTERNATIVO_06-08.pdf <b>Complete Version</b> - Alternative Development Report (Spanish Text)} </p> <p></ul}</p> ','', '', NOW(), 1),
              (1155,1155,1,'Eficacia y Alternativas', '<p> <br></p> <p>AIDA Evidencia Necesidad de Programas de Desarrollo Alternativo en Colombia <br /> <ul> <li>{DOC AIDA-RESUMEN_DOC_DLLO_ALT_06-08.pdf Lea el <b>Resumen Ejecutivo</b> del Informe en} <li>{DOC AIDA-INFORME_DESARROLLO_ALTERNATIVO_06-08.pdf Lea el <b>Informe Completo</b> en} </p> <p></ul></p> ', '', '', NOW(), 1);
INSERT INTO url_alias (src, dst, language) VALUES ('node/155','plancolombia_effectandalt','en');
INSERT INTO url_alias (src, dst, language) VALUES ('node/1155','plancolombia_effectandalt','es');
INSERT INTO node
            (nid,            vid,            type,  language,title,             uid, status, created, changed, comment, promote, moderate, sticky, tnid, translate) VALUES
            (157,     157,     'book','en',    'Legal Victory June 2006',1,   1,      NOW(),   NOW(), 0,0,0,0,157,0),
            (1157,1157,'book','es',    'Victoria Legal Junio de 2006',1,   1,      NOW(),   NOW(), 0,0,0,0,157,0);
INSERT INTO book (mlid, nid, bid) VALUES (10278,157,1),(10279,1157,1001);
INSERT INTO node_revisions
              (nid,       vid,       uid, title,              body,             teaser,          log, timestamp,format) VALUES
              (157,157,1,   'Legal Victory June 2006', '<p><b><center>Peru Supreme Court Demands Government <br />Protect Public Health from Doe Run Smelter in La Oroya</center></b> </p> <p>Peru\'s Supreme Court has given the Ministry of Health 30 days to declare a health emergency in La Oroya, and to put in place an emergency health plan for the city, widely considered one of the most contaminated cities in the Western Hemisphere. </p> <p> </p> <p>The city is the home of a multi-metal smelter, owned and operated by the Doe Run Company of St. Louis, Missouri, one of the companies owned by Mr. Ira Rennert and the Renco group of New York. </p> <p>While the ruling named the Health Ministry as the agency primarily responsible for protecting the health of La Oroya\'s population, it also called on the Doe Run Company to reduce toxic contamination and protect public health in La Oroya. The ruling requires the Health Ministry to pay special attention to health risks faced by children and pregnant women. </p> <p>“This is great news for the citizens of La Oroya, who have received justice from the Courts, and who -- in spite of having been threatened and persecuted for their role in demanding health protection in La Oroya -- had faith that justice would prevail,” said Dr. Carlos Chirinos, the attorney with the Peruvian Society for Environmental Law responsible for bringing the case almost four years ago. An initial victory in the lower court had been immediately appealed by Peru\'s Health Ministry, forcing the plaintiffs to bring the suit to the Supreme Court. </p> <p>The Supreme Court ruling allows 30 days for the Health Ministry to declare a health emergency in La Oroya, an action demanded by the Movement for Health in La Oroya (MOSAO) since 2003. A spokeswoman for the group, Dr. Eliana Ames, expressed satisfaction with the ruling: "This is the first time the Peruvian Government has acted to defend the health of all La Oroya\'s children and population." Earlier efforts of Peru\'s Environmental Health Authority (DIGESA) were limited to a few hundred of La Oroya\'s estimated 10,000 children, more than 97% of whom suffer from excessive levels of lead, according to last year\'s study by the St. Louis University\'s Public Health School. </p> <p> </p> <p>A related request to protect health by issuing precautionary measures for La Oroya is still pending before the Inter-American Commission on Human Rights. This case was brought by AIDA (Interamerican Association for Environmental Defense), Earthjustice, CEDHA (Center for Human Rights and Environment), and Carlos Chirinos. </p> <p> </p> <p>For more information, contact: </p> <p> <ul> <li>Dr. Anna Cederstav, Earthjustice/AIDA, (English) (510) 457-4010 <li>Dr. Carlos Chirinos, SPDA, (Spanish) (51-1) 441-9171, cchirinos@spda.org.pe <li>Hunter Farrell, MOSAO/Technical Roundtable, English (51-1) 97094921</li></ul> </p> <p><b>{DOC Sentencia_Tribunal_Constitucional_LaOroya_MAY06.pdf Constitutional Tribunal Ruling, June 2006 (Spanish Text)}</b> </p> <p><b><center><a href="/?q=laoroya">Read More about the La Oroya Smelter</a></center></b></p> ','', '', NOW(), 1),
              (1157,1157,1,'Victoria Legal Junio de 2006', '<p><b><center>TRIBUNAL CONSTITUCIONAL ORDENA AL MINISTERIO DE SALUD <br />DISPONER URGENTE ATENCIÓN DE NIÑOS Y GESTANTES <br />CONTAMINADOS CON PLOMO EN LA OROYA</center></b> </p> <p><i>Dispone además que se realicen acciones tendientes a la declaratoria del Estado de Alerta en esta ciudad</i> </p> <p>El Tribunal Constitucional (TC) dispuso ordenar al Ministerio de Salud, para que en el plazo de 30 días, implemente un sistema de emergencia para atender a las personas contaminadas con plomo en la sangre en el caso de la ciudad de la Oroya, debiendo priorizar la atención médica especializada de niños y mujeres gestantes, a efectos de su inmediata recuperación, bajo apercibimiento de aplicar las medidas coercitivas a que hubiera lugar. Así lo señala en la sentencia que declara fundada la demanda de cumplimiento, recaída en el Exp. Nº2002-2006-PC/TC. </p> <p>El TC encuentra que tal como se aprecia en una serie de estudios, desde el año 1999, la propia Dirección General de Salud Ambiental (DIGESA), así como diferentes instituciones, acreditaron la existencia de exceso de contaminación en el aire de la ciudad de La Oroya, y que en el caso de contaminación por plomo en la sangre, sobre todo de niños, se sobrepasó el límite máximo establecido por la Organización Mundial de la Salud. </p> <p>Del mismo modo el TC ordena que el Ministerio de Salud, a través de DIGESA, que en el plazo de 30 días, cumpla con realizar todas aquellas acciones tendientes a la expedición del diagnóstico de línea base conforme lo exige el artículo 11º del Decreto Supremo Nº 074-2001-PCM, Reglamento de Estándares Nacionales de Calidad Ambiental del Aire, de modo tal que a la brevedad posible puedan implementarse los respectivos planes de acción para el mejoramiento de la calidad del aire en la ciudad de La Oroya. </p> <p>También se ordena al Ministerio de Salud, para que en el mismo plazo, cumpla con realizar todas aquellas acciones tendientes a la declaratoria del Estado de Alerta en la ciudad de La Oroya conforme lo exigen los artículos 23º y 25º del Decreto Supremo Nº 074-2001-PCM y el artículo 105º de la Ley Nº 26842. </p> <p>En el caso concreto de la población de la ciudad de La Oroya, sobretodo de los niños y mujeres gestantes, considerando que desde el año 1999, en que se realizaron los primeros estudios que determinaron la existencia de población contaminada con plomo en la sangre, hasta la actualidad, han transcurrido más de 7 años, sin que el Ministerio de Salud haya implementado un sistema de emergencia que proteja, recupere y rehabilite la salud de la población afectada. </p> <p>Por ello, al profundizar el análisis del problema, el TC plantea la siguiente interrogante: ¿Qué más se debe esperar para que el Ministerio de Salud cumpla su deber de dictar las medidas indispensables e inmediatas para que se otorgue atención médica especializada a la población de La Oroya cuya sangre se encuentra contaminada con plomo?. </p> <p>En su extensa sentencia el TC considera que si bien en la labor de atención de la salud de la población resulta importante la actuación conjunta entre el Ministerio de Salud y empresas privadas, es necesario precisar que ante situaciones de grave alteración de la salud como la contaminación por plomo en la sangre, como sucede en el caso de los niños y mujeres gestantes de la ciudad de La Oroya, el Ministerio de Salud, en tanto ente rector del Sector Salud, es el principal responsable de la recuperación inmediata de la salud de los pobladores que se encuentran afectados en las situaciones antes descritas. </p> <p>Finalmente, el TC exhorta al Gobierno Regional de Junín, Municipalidad Provincial de Yauli - La Oroya, Ministerio de Energía y Minas, Consejo Nacional del Ambiente y empresas privadas tales como la Empresa Doe Run Perú SRL, entre otras, que desarrollan sus actividades mineras en la zona geográfica que comprende a la ciudad de La Oroya, a participar, urgentemente, en las acciones pertinentes que permitan la protección de la salud de los pobladores de la referida localidad, así como la del medio ambiente de La Oroya, debiendo priorizarse, en todos los casos, el tratamiento de los niños y las mujeres gestantes. </p> <p>Para mayor información contactar a: </p> <p> <ul> <li>Dr. Anna Cederstav, Earthjustice/AIDA, (510) 457-4010 <li>Dr. Carlos Chirinos, SPDA, (51-1) 441-9171, cchirinos@spda.org.pe <li>Hunter Farrell, MOSAO/Mesa Técnica, (51-1) 97094921 </p> <p></ul> </p> <p><b>{DOC Sentencia_Tribunal_Constitucional_LaOroya_MAY06.pdf Sentencia Tribunal Constitucional, Junio de 2006}</b> </p> <p><b><center><a href="/?q=laoroya">Lea más acerca de la fundición en La Oroya</a></center></b></p> ', '', '', NOW(), 1);
INSERT INTO url_alias (src, dst, language) VALUES ('node/157','laoroya.legalvictory0606','en');
INSERT INTO url_alias (src, dst, language) VALUES ('node/1157','laoroya.legalvictory0606','es');
INSERT INTO node
            (nid,            vid,            type,  language,title,             uid, status, created, changed, comment, promote, moderate, sticky, tnid, translate) VALUES
            (159,     159,     'book','en',    'Green Taxes',1,   1,      NOW(),   NOW(), 0,0,0,0,159,0),
            (1159,1159,'book','es',    'Impuestos verdes',1,   1,      NOW(),   NOW(), 0,0,0,0,159,0);
INSERT INTO book (mlid, nid, bid) VALUES (10280,159,1),(10281,1159,1001);
INSERT INTO node_revisions
              (nid,       vid,       uid, title,              body,             teaser,          log, timestamp,format) VALUES
              (159,159,1,   'Green Taxes', '<p>In recent decades, various countries have used "green" taxes to encourage people to engage in actions that are more environmentally friendly, and to collect funds for environmental protection. </p> <p>The use of green taxes can add flexibility and efficiency to environmental policies in situations where the regulated actors are highly diverse, as in the case in the fishing sector. Using this type of <a href="/?q=fisheries_instruments">economic instrument</a> together with regulations, governments may meet the same environmental objectives at lower total cost, or reach more ambitious goals at the same cost. The possibility of applying green taxes to fishing operations depends on national legal and economic frameworks, as well as provisions of bilateral or multilateral treaties. </p> <p>One of the mechanisms used to promote sustainable fishing are taxation schemes based on the amount of fish caught. By levying fees directly related to the amount and type of fish caught, these taxes discourage indiscriminate fishing and can help reduce excessive fishing. In addition, these taxes provide a source of revenue to finance the management and appropriate supervision of fishing operations. </p> <p>In general, taxes on the quantity of the catch are based on the weight or market value of the catch. There are several examples of how taxes on the catch can be applied, such as taxes on certain species, taxes at the time of landing, or taxes on the market value of bulk fish.</p> ','', '', NOW(), 1),
              (1159,1159,1,'Impuestos verdes', '<p>En las últimas décadas, varios países han utilizado impuestos “verdes” con el doble objetivo de orientar las conductas humanas hacia acciones más amigables ambientalmente, y de recaudar fondos para la protección ambiental. </p> <p>El uso de impuestos verdes puede imprimir una mayor flexibilidad y por lo tanto eficiencia a la política ambiental cuando los agentes regulados son heterogéneos, como es el caso en el sector pesquero. Usando este tipo de <a href="/?q=fisheries_instruments">instrumento económico</a> junto con los normativos, se puede alcanzar las mismas metas ambientales a un menor costo total, o también, obtener metas más ambiciosas con el mismo costo. La existencia de impuestos verdes aplicables a las actividades pesqueras depende de las diferentes posibilidades establecidas en los marcos legales y económicos nacionales, y en los tratados bilaterales o multilaterales. </p> <p>Uno de los mecanismos que actualmente se están implementando para incentivar la pesca sostenible en varios países son los impuestos sobre la captura. En cobrar por el cantidad de pescado capturado, estos constituyen un desincentivo para la pesca indiscriminada, y pueden ser usados para reducir la pesca excesiva. Además, proveen una vía mediante la cual el gobierno puede generar ingresos que aseguren el manejo y supervisión adecuada de las actividades pesqueras. </p> <p>En general, los impuestos sobre la cantidad capturada están basados en el peso o en el valor de mercado de las capturas. Existen varios ejemplos de cómo se puede aplicar los impuestos de captura, como lo puede ser el impuesto a ciertas especies, el impuesto al momento del desembarque, o el impuesto sobre el valor del pescado a granel en el mercado.</p> ', '', '', NOW(), 1);
INSERT INTO url_alias (src, dst, language) VALUES ('node/159','fisheries_green','en');
INSERT INTO url_alias (src, dst, language) VALUES ('node/1159','fisheries_green','es');
INSERT INTO node
            (nid,            vid,            type,  language,title,             uid, status, created, changed, comment, promote, moderate, sticky, tnid, translate) VALUES
            (160,     160,     'book','en',    'Embargo',1,   1,      NOW(),   NOW(), 0,0,0,0,160,0),
            (1160,1160,'book','es',    'Embargo',1,   1,      NOW(),   NOW(), 0,0,0,0,160,0);
INSERT INTO book (mlid, nid, bid) VALUES (10282,160,1),(10283,1160,1001);
INSERT INTO node_revisions
              (nid,       vid,       uid, title,              body,             teaser,          log, timestamp,format) VALUES
              (160,160,1,   'Embargo', '<p>Embargoes on trade in fish have been used by some countries to protect marine resources. In practice, through an environmental trade embargo, a State decides not to accept imports of specific products from another State, arguing that there has been a failure to enforce environmentally protective laws and measures, or that methods and techniques known to prevent environmental harm are not effectively used in that country. </p> <p>The application of environmental embargoes may be controversial, and can damage relations between States. However, embargoes on fish products have also been very effective in causing some nations to rapidly implement changes to make fishing more sustainable. This is due to the substantial economic cost of embargoes, which normally compels immediate government involvement to address the matter. </p> <p>Countries have been embargoed for various reasons. A few cases are described below. </p> <p>In February 1991, the government of the United States applied an embargo on imports of tuna from several countries, arguing that the tuna fleet was causing the death of many marine mammals, specifically dolphins, due to the fishing methods used. The United States’ requested among other things that the fishermen not use gill nets or purse seine nets. The embargo was applied both against primary tuna-producing nations (Mexico, Venezuela, Ecuador, Panama and Vanuatu), and intermediary nations that sold tuna products. (the European Union and the Netherlands) </p> <p>Unlike Ecuador and Panama which implemented measures so that the embargo was lifted, Mexico did not agree to change its tuna fishing methods. Consequently, Mexico brought the embargo case to the GATT, which ruled in its favor. However, Mexico did not apply the GATT measures against the United States, and attempted to resolve the issue through negotiations. </p> <p>The embargo lasted until 1997, with two consequences: enormous financial losses for Mexico, and the unnecessary killing of approximately 50,000 dolphins a year. Although there is no current embargo, the dispute has not yet ended because the United States still does not allow Mexico to use the “dolphin-safe” <a href="/?q=fisheries_certeco">eco-label</a>. </p> <p>In another similar case related to the protection of marine turtles, the United States in 2004 imposed an embargo against shrimp from Costa Rica. The five-month embargo was based on the fact that <a href="/?q=turtles.bycatch_shrimp">shrimp trawling</a> by the Costa Rican industrial fishing fleet harmed endangered marine turtles because of the failure to use Turtle Excluder Devices (TEDs). This embargo was lifted when Costa Rica demonstrated progress in the efforts to ensure TEDs-use by the fleet.</p> ','', '', NOW(), 1),
              (1160,1160,1,'Embargo', '<p>El embargo comercial de pesca ha sido utilizado por algunos países para lograr la protección de recursos marinos. En la práctica, mediante un embargo comercial ambiental, un estado decide no aceptar las importaciones de determinados productos provenientes de otro estado, argumentando incumplimiento o carencia de métodos, técnicas o medidas ambientalmente sostenibles. </p> <p>La aplicación del embargo ambiental puede ser conflictiva y resultar en un deterioro de las relaciones entre los estados. Por otro lado, los embargos de productos de pesca han sido muy efectivos en lograr que algunas naciones implementen rápidamente cambios para lograr una pesca más sostenible. Esto es debido al gran costo económico que tienen los embargos, lo cual hace que los gobiernos normalmente se involucren de inmediato para atender el asunto. </p> <p>Muchos países han sido embargados por distintos motivos, a continuación se citan algunos casos. </p> <p>En febrero de 1991, el gobierno de EE.UU. aplicó un <a href="http://www.sagarpa.gob.mx/conapesca/planeacion/internacional/atundolphinsafe.htm">embargo a las importaciones de atún</a> procedentes de varios países argumentando que la flota atunera estaba ocasionando la muerte de muchos mamíferos marinos y particularmente delfines, por los métodos de pesca usados. EE.UU. requirió entre otras cosas que los pescadores no usaran redes agalleras o redes de cerco. Aplicaron el embargo contra países que capturaron el atún (México, Venezuela, Ecuador, Panamá and Vanuatu), y también contra países intermediarios que vendieron productos de ese atún. (la Unión Europea y Holanda). </p> <p>A diferencia a Ecuador y Panamá que implementaron las medidas con el resultado del levantamiento del embargo, México no estaba de acuerdo con cambiar su forma de pesca de atún. Por eso, México alegó el caso del embargo ante el GATT, quien falló a favor de éste. No obstante México no aplicó las medidas del GATT contra los EE.UU. e intentó resolver el tema mediante negociaciones. </p> <p>El embargo duró hasta 1997 con dos resultados: enormes perdidas financieras para México, y la matanza innecesaria de aproximadamente 50,000 delfines al año. Aunque ya no hay embargo, el conflicto aun no termina pues el gobierno de los EE.UU. todavía no ha permitido que México utilice el <a href="/?q=fisheries_certeco">ecoetiquetado</a> “seguro para delfines”. </p> <p>En otro caso similar pero relacionado con la protección de las tortugas marinas, en el 2004 Estados Unidos impuso un embargo que duró cinco meses, contra el ingreso de camarón de Costa Rica. El embargo se fundamentaba en que el {PAGE turtles.bycatch_shrimp arrastre de camarón} por la flota industrial pesquera de Costa Rica ponían en riesgo a las tortugas marinas al no utilizar el Dispositivo Excluyente de Tortugas (DET). Este embargo se levantó cuando Costa Rica demostró avances en sus trabajos para asegurar el uso de los DETs por la flota camaronera.</p> ', '', '', NOW(), 1);
INSERT INTO url_alias (src, dst, language) VALUES ('node/160','fisheries_embargo','en');
INSERT INTO url_alias (src, dst, language) VALUES ('node/1160','fisheries_embargo','es');
INSERT INTO node
            (nid,            vid,            type,  language,title,             uid, status, created, changed, comment, promote, moderate, sticky, tnid, translate) VALUES
            (161,     161,     'book','en',    'Certification and Eco-labeling',1,   1,      NOW(),   NOW(), 0,0,0,0,161,0),
            (1161,1161,'book','es',    'Certificación y Ecoetiquetado',1,   1,      NOW(),   NOW(), 0,0,0,0,161,0);
INSERT INTO book (mlid, nid, bid) VALUES (10284,161,1),(10285,1161,1001);
INSERT INTO node_revisions
              (nid,       vid,       uid, title,              body,             teaser,          log, timestamp,format) VALUES
              (161,161,1,   'Certification and Eco-labeling', '<p>Environmental certification is perhaps best known for its role in the forestry and coffee sectors, where such certification and “eco-labeling” provide access to a niche market of consumers seeking environmentally friendly products. These types of schemes are also on the rise in the fisheries sector. Environmental certification of fisheries occurs as part of government programs – sometimes promoted by regional fisheries management organizations – to ensure that only fish that was legally caught and reported can be sold. There are also “third-party” certification or eco-labeling programs. </p> <p>The labeling of fish products can be voluntary or mandated by law, and can cover various aspects. For example, a United States law requires fish sold to be labeled with the place of origin, so that consumers can choose which fishery to support. There are also labels tied to the fishing method used, such as “dolphin-safe tuna” or “turtle-safe shrimp,” and labels that designate “organic” or low-mercury-content fish products. </p> <p>Third-party eco-labeling programs are generally seen as being more objective, and thus are more trusted by environmentally inclined consumers. One example is the Marine Stewardship Council (<a href="http://www.msc.org/html/content_463.htm">MSC</a>) Standard. Under this program, the MSC evaluates fisheries that apply, to determine whether they are well managed and sustainable. Factors considered are the status of the fish-stock, the environmental impacts of the fishing methods used, and the quality of the management systems that will help the fishery remain sustainable. </p> <p>That said, there is also debate regarding the validity of such programs and the impact they may have on smaller fisheries that lack the resources to achieve certification. The certification process and criteria are not always transparent. It is always critical that consumers know what a certification does and does not mean, so that they can make informed and appropriate choices.</p> ','', '', NOW(), 1),
              (1161,1161,1,'Certificación y Ecoetiquetado', '<p>La certificación de productos se ha dado en el campo de la silvicultura y del cultivo de café. Este tipo de certificación y ecoetiquetado dan la oportunidad a los productores y comercializadores de acceder a un nicho de mercado de consumidores que buscan productos ambientalmente amigables. Estos esquemas se aplican cada vez más en el campo de la pesca. En él, la certificación puede ser una medida gubernamental, a veces acordada en organizaciones regionales de gestión pesquera, con el objetivo de asegurar que solamente los envíos de pescado legalmente criado y reportado, sean comercializados También puede ser emitida por organizaciones de terceras partes. </p> <p>El ecoetiquetado de productos puede ser requerido o voluntario y puede referirse a una serie de características. En el caso de Estados Unidos, por requisito de ley se debe etiquetar el pescado con la marca de origen. Así mismo se utiliza la etiqueta “seguro para delfines” en el caso del atún o “seguro para tortugas” en el caso del camarón, para certificar el proceso de producción. Y por lo que respecta al cualidad o contenido del producto, se utilizan las etiquetas de “pescado orgánico” o bajo contenido de mercurio. Todo para que los consumidores puedan normar su criterio y elegir con mayor y mejor información. </p> <p>La certificación por organizaciones de terceras partes en general da mucha confianza al consumidor, y puede conllevar el ecoetiquetado. Ejemplo de ello es el estándar del Marine Stewardship Council (<a href="http://www.msc.org">MSC</a>). Esta organización evalúa si una pesquería esta siendo administrada de manera sustentable para emitir una certificación. Algunos de los criterios que toman en cuenta para hacerlo son: el estado del banco de peces, los impactos ambientales de la pesquería y que tan bien se está administrando la pesquería para saber si seguirá siendo sustentable. </p> <p>Existe controversia respecto a la validez de algunos de estos programas, y sobre el impacto que pueden tener en pesquerías pequeñas. Además, no siempre es claro ni transparente el proceso que se sigue para una certificación. Para que el consumidor pueda decidir correctamente, es necesario entender bien los criterios que se establecen para la certificación.</p> ', '', '', NOW(), 1);
INSERT INTO url_alias (src, dst, language) VALUES ('node/161','fisheries_certeco','en');
INSERT INTO url_alias (src, dst, language) VALUES ('node/1161','fisheries_certeco','es');
INSERT INTO node
            (nid,            vid,            type,  language,title,             uid, status, created, changed, comment, promote, moderate, sticky, tnid, translate) VALUES
            (162,     162,     'book','en',    'AIDA Urges for Alternative Development Programs in Colombia',1,   1,      NOW(),   NOW(), 0,0,0,0,162,0),
            (1162,1162,'book','es',    'AIDA Solicita Programas de Desarrollo Alternativo en Colombia',1,   1,      NOW(),   NOW(), 0,0,0,0,162,0);
INSERT INTO book (mlid, nid, bid) VALUES (10286,162,1),(10287,1162,1001);
INSERT INTO node_revisions
              (nid,       vid,       uid, title,              body,             teaser,          log, timestamp,format) VALUES
              (162,162,1,   'AIDA Urges for Alternative Development Programs in Colombia', '<p>{DOC PR-ALT_DEV_REPORT_06-08.doc <b>Press Release</b>} </p> <p>Six years after the Aerial Spraying Program of Plan Colombia began, it has failed to meet the goal of eliminating 50 percent of illicit crops in Colombia. Despite an investment of nearly US$1.2 billion, and the spraying of more than four times the initial area of coca crops, coca cultivation in Colombia continues at nearly original levels. Meanwhile, the spraying campaigns cause severe social impacts and pose unknown environmental risk. </p> <p>AIDA has prepared a report analyzing some of the participatory sustainable, alternative development programs that have proven more effective than the aerial spraying. The report recommends that the U.S. and Colombian governments reevaluate the current policy and substantially increase support for such alternatives. The report highlights the need for a comprehensive approach to the problem of illegal crop cultivation, with a strategy that addresses the root-causes of the problem. The report provides detailed information and an analysis of five programs implemented by different actors, all of which can serve as models or provide lessons learned for new programs. Although improvements can still be made, alternative development programs have yielded concrete positive results and have been far more cost-effective than the spraying program. </p> <p>{DOC AIDA-EX_SUMM_ALT_DEVT_06-08.pdf <b>Executive Summary</b> - Alternative Development Report} </p> <p>{DOC AIDA-INFORME_DESARROLLO_ALTERNATIVO_06-08.pdf <b>Complete Version</b> - Alternative Development Report <i>(Spanish Text)</i>} </p> <p><CENTER><b><a href="/?q=plancolombia">Read more about Plan Colombia Spraying</a></b> </p> <p><a href="/?q=donate">Donate to AIDA</a></CENTER></p> ','', '', NOW(), 1),
              (1162,1162,1,'AIDA Solicita Programas de Desarrollo Alternativo en Colombia', '<p>{DOC PR-INFORME_DLLO_ALT_06-08.doc Lea el <b>Comunicado de Prensa</b> en} </p> <p>Después de seis años, el Programa de Erradicación de Cultivos Ilícitos con Glifosato (PECIG) no alcanzó el objetivo inicialmente planteado de eliminar el 50% de los cultivos ilícitos existentes en Colombia. A pesar de invertir US$1,200 millones y de haber fumigado más de cuatro veces el área inicial, todavía hay casi la misma área de cultivos de uso ilícito que existía al comienzo. Adicionalmente, las fumigaciones han causado graves impactos sociales y riesgos a la salud humana y al ambiente que se desconocen con exactitud. </p> <p>Por lo anterior, AIDA elaboró un informe analizando algunos programas participativos sostenibles de desarrollo alternativo como una opción a las fumigaciones aéreas. Este informe recomienda a los gobiernos de Colombia y de Estados Unidos la reevaluación de la política actual y un incremento significativo para dichas alternativas, dentro de una estrategia integral que tenga en cuenta las verdaderas causas para estos cultivos. El documento estudia cinco programas diferentes –incluyendo los implementados por la Unidad de Parques Nacionales Naturales, ECOFONDO y algunos de la Presidencia de la República-- que si bien tienen aspectos a mejorar, arrojan resultados positivos. El estudio concluye que estos programas de desarrollo alternativo son más efectivos y menos costosos que las fumigaciones aéreas con glifosato, por lo cual, con las mejoras necesarias, constituyen una opción a fortalecer.</p> <p>{DOC AIDA-RESUMEN_DOC_DLLO_ALT_06-08.pdf Lea el <b>Resumen Ejecutivo</b> del Informe en} </p> <p>{DOC AIDA-INFORME_DESARROLLO_ALTERNATIVO_06-08.pdf Lea el <b>Informe Completo</b> en} </p> <p><CENTER> </p> <p><b><a href="/?q=plancolombia">Lea más acerca de las fumigaciones del Plan Colombia</a></b> </p> <p><a href="/?q=donate">Apoye a AIDA</a></CENTER></p> ', '', '', NOW(), 1);
INSERT INTO url_alias (src, dst, language) VALUES ('node/162','plancolombia_alternativespr','en');
INSERT INTO url_alias (src, dst, language) VALUES ('node/1162','plancolombia_alternativespr','es');
INSERT INTO node
            (nid,            vid,            type,  language,title,             uid, status, created, changed, comment, promote, moderate, sticky, tnid, translate) VALUES
            (163,     163,     'book','en',    'Chronological Summaries',1,   1,      NOW(),   NOW(), 0,0,0,0,163,0),
            (1163,1163,'book','es',    'Resumen Cronológico',1,   1,      NOW(),   NOW(), 0,0,0,0,163,0);
INSERT INTO book (mlid, nid, bid) VALUES (10288,163,1),(10289,1163,1001);
INSERT INTO node_revisions
              (nid,       vid,       uid, title,              body,             teaser,          log, timestamp,format) VALUES
              (163,163,1,   'Chronological Summaries', '<p>On a regular basis, AIDA summarizes local, regional, national, and international news associated with the La Oroya struggle. </p> <p> <ul> <li>{DOC Resumen_La_Oroya_ABRIL_MAYO_2007.pdf <b>April - May 2007</b> <i>(Spanish)</i>} <li>{DOC Resumen_La_Oroya_ENERO_MARZO_2007.pdf <b>January - March 2007</b> <i>(Spanish)</i>} <li>{DOC Resumen_La_Oroya_Agosto_2006.pdf <b>August 2006</b> <i>(Spanish)</i>}</li> <li>{DOC Resumen_La_Oroya_Enero_a_Julio_2006.pdf <b>January – July 2006</b> <i>(Spanish)</i>}</li></ul></p> ','', '', NOW(), 1),
              (1163,1163,1,'Resumen Cronológico', '<p>Regularmente AIDA resume noticias locales, regionales e internacionales asociadas con el conflicto en La Oroya. </p> <p> <ul> <li>{DOC Resumen_La_Oroya_ABRIL_MAYO_2007.pdf <b>Abril y Mayo, 2007</b>} <li>{DOC Resumen_La_Oroya_ENERO_MARZO_2007.pdf <b>Enero, Febrero y Marzo, 2007</b>} <li>{DOC Resumen_La_Oroya_Agosto_2006.pdf <b>Agosto 2006</b>}</li> <li>{DOC Resumen_La_Oroya_Enero_a_Julio_2006.pdf <b>Enero a Julio 2006</b>}</li></ul></p> ', '', '', NOW(), 1);
INSERT INTO url_alias (src, dst, language) VALUES ('node/163','laoroya.chronologicalsum','en');
INSERT INTO url_alias (src, dst, language) VALUES ('node/1163','laoroya.chronologicalsum','es');
INSERT INTO node
            (nid,            vid,            type,  language,title,             uid, status, created, changed, comment, promote, moderate, sticky, tnid, translate) VALUES
            (164,     164,     'book','en',    'DRP ISO 14001 Certification',1,   1,      NOW(),   NOW(), 0,0,0,0,164,0),
            (1164,1164,'book','es',    'Certifican con ISO 14001 a DRP',1,   1,      NOW(),   NOW(), 0,0,0,0,164,0);
INSERT INTO book (mlid, nid, bid) VALUES (10290,164,1),(10291,1164,1001);
INSERT INTO node_revisions
              (nid,       vid,       uid, title,              body,             teaser,          log, timestamp,format) VALUES
              (164,164,1,   'DRP ISO 14001 Certification', '<p>In August of 2006, Doe Run Peru received ISO 14001 Environmental Certification. These documents explain what that certification means, and the controversy surrounding the certification. </p> <p> <ul> <li>{DOC TUV_Arg_LetterDRPcert_06-09-15.pdf <b>Letter from TUV Argentina to AIDA</b> regarding Doe Run Peru Certification}</li></ul></p> ','', '', NOW(), 1),
              (1164,1164,1,'Certifican con ISO 14001 a DRP', '<p>En agosto del 2006, Doe Run Perú recibió la Certificación Ambiental ISO 14001. Los siguientes documentos explican el significado de esta certificación, y la controversia alrededor de ésta. </p> <p> <ul> <li>{DOC TUV_Arg_LetterDRPcert_06-09-15.pdf <b>Carta de TUV Argentina a AIDA</b> relacionada con Certificación de Doe Run Perú}</li></ul></p> ', '', '', NOW(), 1);
INSERT INTO url_alias (src, dst, language) VALUES ('node/164','laoroya.isoinfo','en');
INSERT INTO url_alias (src, dst, language) VALUES ('node/1164','laoroya.isoinfo','es');
INSERT INTO node
            (nid,            vid,            type,  language,title,             uid, status, created, changed, comment, promote, moderate, sticky, tnid, translate) VALUES
            (165,     165,     'book','en',    'Information related to DRP compliance with 2006 PAMA',1,   1,      NOW(),   NOW(), 0,0,0,0,165,0),
            (1165,1165,'book','es',    'Información sobre el cumplimiento de DRP con el PAMA del 2006',1,   1,      NOW(),   NOW(), 0,0,0,0,165,0);
INSERT INTO book (mlid, nid, bid) VALUES (10292,165,1),(10293,1165,1001);
INSERT INTO node_revisions
              (nid,       vid,       uid, title,              body,             teaser,          log, timestamp,format) VALUES
              (165,165,1,   'Information related to DRP compliance with 2006 PAMA', '<p>AIDA will be closely monitoring every aspect of Doe Run\'s compliance with the new PAMA obligations to make sure critical environmental improvements are not yet again delayed by the company, and that the government is enforcing relevant laws. </p> <p>Communications regarding PAMA compliance: </p> <p> <ol> <li>{DOC Carta_Cumplimiento_PAMA_06-08-01.pdf AIDA letter to MEM regarding Compliance, August 1, 2006 (Spanish)} <li>{DOC Respuesta_MEM_cumplimiento_06-08-14.pdf MEM Response August 14, 2006 (Spanish)} </p> <p></ol></p> ','', '', NOW(), 1),
              (1165,1165,1,'Información sobre el cumplimiento de DRP con el PAMA del 2006', '<p>AIDA va a monitorear muy de cerca cada aspecto relacionado con el cumplimiento de las obligaciones de Doe Run establecidas en el nuevo PAMA, para asegurarse que las mejoras ambientales críticas no se retrasen nuevamente por la compañía y que el gobierno ejecuta sus funciones. </p> <p>Comunicaciones sobre el estado de cumplimiento del PAMA: </p> <p> <ol> <li>{DOC Carta_Cumplimiento_PAMA_06-08-01.pdf Carta de AIDA al MEM relacionada con Cumplimiento, 1 de agosto de 2006} <li>{DOC Respuesta_MEM_cumplimiento_06-08-14.pdf Respuesta del MEM, 14 de agosto de 2006} </p> <p></ol></p> ', '', '', NOW(), 1);
INSERT INTO url_alias (src, dst, language) VALUES ('node/165','laoroya.drpcompama06','en');
INSERT INTO url_alias (src, dst, language) VALUES ('node/1165','laoroya.drpcompama06','es');
INSERT INTO node
            (nid,            vid,            type,  language,title,             uid, status, created, changed, comment, promote, moderate, sticky, tnid, translate) VALUES
            (168,     168,     'page','en',    'AIDA News',1,   1,      NOW(),   NOW(), 0,0,0,0,168,0),
            (1168,1168,'page','es',    'Noticias',1,   1,      NOW(),   NOW(), 0,0,0,0,168,0);
INSERT INTO book (mlid, nid, bid) VALUES (10294,168,1),(10295,1168,1001);
INSERT INTO node_revisions
              (nid,       vid,       uid, title,              body,             teaser,          log, timestamp,format) VALUES
              (168,168,1,   'AIDA News', '<p></p> ','', '', NOW(), 1),
              (1168,1168,1,'Noticias', '<p></p> ', '', '', NOW(), 1);
INSERT INTO url_alias (src, dst, language) VALUES ('node/168','news','en');
INSERT INTO url_alias (src, dst, language) VALUES ('node/1168','news','es');
INSERT INTO node
            (nid,            vid,            type,  language,title,             uid, status, created, changed, comment, promote, moderate, sticky, tnid, translate) VALUES
            (166,     166,     'book','en',    'Subscribe',1,   1,      NOW(),   NOW(), 0,0,0,0,166,0),
            (1166,1166,'book','es',    'Suscribirse',1,   1,      NOW(),   NOW(), 0,0,0,0,166,0);
INSERT INTO book (mlid, nid, bid) VALUES (10296,166,1),(10297,1166,1001);
INSERT INTO node_revisions
              (nid,       vid,       uid, title,              body,             teaser,          log, timestamp,format) VALUES
              (166,166,1,   'Subscribe', '<p>Are you interested in hearing about the latest developments in AIDA’s work? Sign up now for our monthly updates and stay informed! </p> <p><a href="/?q=news_updates"><b>View Previous Updates</b></a> </p> <p><form name="subscribeForm" action="http://en.groundspring.org/EmailNow/pub.php?module=WebSignup&cmd=subscribe" method="POST"> </p> <p><input type="hidden" value="fdfqypswwrwrwgqy" name="listIds" /> </p> <p><input type="hidden" value="http://www.aida-americas.org" name="gotoUrl" /> </p> <p><input type="hidden" value="Return to AIDA\'s Home Page" name="gotoText" /> </p> <p><input type="hidden" value="yesRequired" name="status_firstName" /> </p> <p><input type="hidden" value="yesRequired" name="status_lastName" /> </p> <p><input type="hidden" value="yesOptional" name="status_street1" /> </p> <p><input type="hidden" value="yesOptional" name="status_street2" /> </p> <p><input type="hidden" value="yesOptional" name="status_city" /> </p> <p><input type="hidden" value="yesOptional" name="status_state" /> </p> <p><input type="hidden" value="yesOptional" name="status_zipcode" /> </p> <p><input type="hidden" value="yesOptional" name="status_country" /> </p> <p><input type="hidden" value="no" name="status_telephone" /> </p> <p><table border="0"><tr><td>Email Address:</td><td><input name="email" type="text" /> *</td></tr><tr><td>Subscribe to:</td><td><input name="listSelect_96904" type="checkbox" value="1" id="qf_762988" checked="checked" /> AIDA Monthly Updates</td></tr><tr><td colspan="2">&nbsp;</td></tr><tr><td>First Name:</td><td><input type="text" name="firstName" /> *</td></tr><tr><td>Last Name:</td><td><input type="text" name="lastName" /> *</td></tr><tr><td>Street 1:</td><td><input type="text" name="street1" /></td></tr><tr><td>Street 2:</td><td><input type="text" name="street2" /></td></tr><tr><td>City:</td><td><input type="text" name="city" /></td></tr><tr><td>State:</td><td><select name="state"> <option value="">Select</option> <option value="AK">Alaska</option> <option value="AL">Alabama</option> <option value="AZ">Arizona</option> <option value="AR">Arkansas</option> <option value="CA">California</option> <option value="CO">Colorado</option> <option value="CT">Connecticut</option> <option value="DE">Delaware</option> <option value="FL">Florida</option> <option value="GA">Georgia</option> <option value="HI">Hawaii</option> <option value="ID">Idaho</option> <option value="IL">Illinois</option> <option value="IN">Indiana</option> <option value="IA">Iowa</option> <option value="KS">Kansas</option> <option value="KY">Kentucky</option> <option value="LA">Louisiana</option> <option value="ME">Maine</option> <option value="MD">Maryland</option> <option value="MA">Massachusetts</option> <option value="MI">Michigan</option> <option value="MN">Minnesota</option> <option value="MS">Mississippi</option> <option value="MO">Missouri</option> <option value="MT">Montana</option> <option value="NE">Nebraska</option> <option value="NV">Nevada</option> <option value="NH">New Hampshire</option> <option value="NJ">New Jersey</option> <option value="NM">New Mexico</option> <option value="NY">New York</option> <option value="NC">North Carolina</option> <option value="ND">North Dakota</option> <option value="OH">Ohio</option> <option value="OK">Oklahoma</option> <option value="OR">Oregon</option> <option value="PA">Pennsylvania</option> <option value="RI">Rhode Island</option> <option value="SC">South Carolina</option> <option value="SD">South Dakota</option> <option value="TN">Tennessee</option> <option value="TX">Texas</option> <option value="UT">Utah</option> <option value="VT">Vermont</option> <option value="VA">Virginia</option> <option value="WA">Washington</option> <option value="WV">West Virginia</option> <option value="WI">Wisconsin</option> <option value="WY">Wyoming</option> <option value="DC">Washington DC</option> <option value="GU">Guam</option> <option value="PR">Puerto Rico</option> <option value="VI">Virgin Islands</option> </select></td></tr><tr><td>Zip Code / Postal Code:</td><td><input type="text" name="zipcode" /></td></tr><tr><td>Country:</td><td><select name="country"> <option value="">Select</option> <option value="AF">Afghanistan</option> <option value="AL">Albania</option> <option value="DZ">Algeria</option> <option value="AS">American Samoa</option> <option value="AD">Andorra</option> <option value="AO">Angola</option> <option value="AI">Anguilla</option> <option value="AQ">Antarctica</option> <option value="AG">Antigua and Barbuda</option> <option value="AR">Argentina</option> <option value="AM">Armenia</option> <option value="AW">Aruba</option> <option value="AU">Australia</option> <option value="AT">Austria</option> <option value="AZ">Azerbaijan</option> <option value="BS">Bahamas, The</option> <option value="BH">Bahrain</option> <option value="BD">Bangladesh</option> <option value="BB">Barbados</option> <option value="BY">Belarus</option> <option value="BE">Belgium</option> <option value="BZ">Belize</option> <option value="BJ">Benin</option> <option value="BM">Bermuda</option> <option value="BT">Bhutan</option> <option value="BO">Bolivia</option> <option value="BA">Bosnia and Herzegovina</option> <option value="BW">Botswana</option> <option value="BV">Bouvet Island</option> <option value="BR">Brazil</option> <option value="IO">British Indian Ocean Territory</option> <option value="VG">British Virgin Islands</option> <option value="BN">Brunei Darussalam</option> <option value="BG">Bulgaria</option> <option value="BF">Burkina Faso</option> <option value="MM">Burma</option> <option value="BI">Burundi</option> <option value="KH">Cambodia</option> <option value="CM">Cameroon</option> <option value="CA">Canada</option> <option value="CV">Cape Verde</option> <option value="KY">Cayman Islands</option> <option value="CF">Congo, Republic of the</option> <option value="TD">Chad</option> <option value="CL">Chile</option> <option value="CN">China</option> <option value="CX">Christmas Island</option> <option value="CC">Cocos (Keeling) Islands</option> <option value="CO">Colombia</option> <option value="KM">Comoros</option> <option value="CG">Congo, Democratic Republic of the</option> <option value="CK">Cook Islands</option> <option value="CR">Costa Rica</option> <option value="CI">Cote d\'Ivoire</option> <option value="HR">Croatia</option> <option value="CU">Cuba</option> <option value="CY">Cyprus</option> <option value="CZ">Czech Republic</option> <option value="DK">Denmark</option> <option value="DJ">Djibouti</option> <option value="DM">Dominica</option> <option value="DO">Dominican Republic</option> <option value="TP">East Timor</option> <option value="EC">Ecuador</option> <option value="EG">Egypt</option> <option value="SV">El Salvador</option> <option value="GQ">Equatorial Guinea</option> <option value="ER">Eritrea</option> <option value="EE">Estonia</option> <option value="ET">Ethiopia</option> <option value="EU">European Union</option> <option value="FK">Falkland Islands (Islas Malvinas)</option> <option value="FO">Faroe Islands</option> <option value="FJ">Fiji</option> <option value="FI">Finland</option> <option value="FR">France</option> <option value="GF">French Guiana</option> <option value="PF">French Polynesia</option> <option value="TF">French Southern and Antarctic Lands</option> <option value="GA">Gabon</option> <option value="GM">Gambia</option> <option value="GE">Georgia</option> <option value="DE">Germany</option> <option value="GH">Ghana</option> <option value="GI">Gibraltar</option> <option value="GR">Greece</option> <option value="GL">Greenland</option> <option value="GD">Grenada</option> <option value="GP">Guadeloupe</option> <option value="GU">Guam</option> <option value="GT">Guatemala</option> <option value="GN">Guinea</option> <option value="GW">Guinea-Bissau</option> <option value="GY">Guyana</option> <option value="HT">Haiti</option> <option value="HM">Heard Island and McDonald Islands</option> <option value="VA">Holy See (Vatican City)</option> <option value="HN">Honduras</option> <option value="HK">Hong Kong (SAR)</option> <option value="HU">Hungary</option> <option value="IS">Iceland</option> <option value="IN">India</option> <option value="ID">Indonesia</option> <option value="IR">Iran</option> <option value="IQ">Iraq</option> <option value="IE">Ireland</option> <option value="IL">Israel</option> <option value="IT">Italy</option> <option value="JM">Jamaica</option> <option value="JP">Japan</option> <option value="JO">Jordan</option> <option value="KZ">Kazakhstan</option> <option value="KE">Kenya</option> <option value="KI">Kiribati</option> <option value="KP">Korea, North</option> <option value="KR">Korea, South</option> <option value="KW">Kuwait</option> <option value="KG">Kyrgyzstan</option> <option value="LA">Laos</option> <option value="LV">Latvia</option> <option value="LB">Lebanon</option> <option value="LS">Lesotho</option> <option value="LR">Liberia</option> <option value="LY">Libya</option> <option value="LI">Liechtenstein</option> <option value="LT">Lithuania</option> <option value="LU">Luxembourg</option> <option value="MO">Macao</option> <option value="MK">Macedonia, The Former Yugoslav Republic of</option> <option value="MG">Madagascar</option> <option value="MW">Malawi</option> <option value="MY">Malaysia</option> <option value="MV">Maldives</option> <option value="ML">Mali</option> <option value="MT">Malta</option> <option value="MH">Marshall Islands</option> <option value="MQ">Martinique</option> <option value="MR">Mauritania</option> <option value="MU">Mauritius</option> <option value="YT">Mayotte</option> <option value="MX">Mexico</option> <option value="FM">Micronesia, Federated States of</option> <option value="MD">Moldova</option> <option value="MC">Monaco</option> <option value="MN">Mongolia</option> <option value="MS">Montserrat</option> <option value="MA">Morocco</option> <option value="MZ">Mozambique</option> <option value="NA">Namibia</option> <option value="NR">Nauru</option> <option value="NP">Nepal</option> <option value="AN">Netherlands Antilles</option> <option value="NL">Netherlands</option> <option value="NC">New Caledonia</option> <option value="NZ">New Zealand</option> <option value="NI">Nicaragua</option> <option value="NE">Niger</option> <option value="NG">Nigeria</option> <option value="NU">Niue</option> <option value="NF">Norfolk Island</option> <option value="MP">Northern Mariana Islands</option> <option value="NO">Norway</option> <option value="OM">Oman</option> <option value="PK">Pakistan</option> <option value="PW">Palau</option> <option value="PS">Palestinian Territory, Occupied</option> <option value="PA">Panama</option> <option value="PG">Papua New Guinea</option> <option value="PY">Paraguay</option> <option value="PE">Peru</option> <option value="PH">Philippines</option> <option value="PN">Pitcairn Islands</option> <option value="PL">Poland</option> <option value="PT">Portugal</option> <option value="PR">Puerto Rico</option> <option value="QA">Qatar</option> <option value="RO">Romania</option> <option value="RU">Russian Federation</option> <option value="RW">Rwanda</option> <option value="RE">Réunion</option> <option value="SH">Saint Helena</option> <option value="KN">Saint Kitts and Nevis</option> <option value="LC">Saint Lucia</option> <option value="PM">Saint Pierre and Miquelon</option> <option value="VC">Saint Vincent and the Grenadines</option> <option value="WS">Samoa</option> <option value="SM">San Marino</option> <option value="SA">Saudi Arabia</option> <option value="SN">Senegal</option> <option value="SC">Seychelles</option> <option value="SL">Sierra Leone</option> <option value="SG">Singapore</option> <option value="SK">Slovakia</option> <option value="SI">Slovenia</option> <option value="SB">Solomon Islands</option> <option value="SO">Somalia</option> <option value="ZA">South Africa</option> <option value="GS">South Georgia and the South Sandwich Islands</option> <option value="ES">Spain</option> <option value="LK">Sri Lanka</option> <option value="SD">Sudan</option> <option value="SR">Suriname</option> <option value="SJ">Svalbard</option> <option value="SZ">Swaziland</option> <option value="SE">Sweden</option> <option value="CH">Switzerland</option> <option value="SY">Syria</option> <option value="ST">São Tomé and Príncipe</option> <option value="TW">Taiwan</option> <option value="TJ">Tajikistan</option> <option value="TZ">Tanzania</option> <option value="TH">Thailand</option> <option value="TG">Togo</option> <option value="TK">Tokelau</option> <option value="TO">Tonga</option> <option value="TT">Trinidad and Tobago</option> <option value="TN">Tunisia</option> <option value="TR">Turkey</option> <option value="TM">Turkmenistan</option> <option value="TC">Turks and Caicos Islands</option> <option value="TV">Tuvalu</option> <option value="UG">Uganda</option> <option value="UA">Ukraine</option> <option value="AE">United Arab Emirates</option> <option value="GB">United Kingdom</option> <option value="US">United States</option> <option value="UM">United States Minor Outlying Islands</option> <option value="UY">Uruguay</option> <option value="UZ">Uzbekistan</option> <option value="VU">Vanuatu</option> <option value="VE">Venezuela</option> <option value="VN">Vietnam</option> <option value="VI">Virgin Islands, U.S.</option> <option value="WF">Wallis and Futuna</option> <option value="EH">Western Sahara</option> <option value="YE">Yemen</option> <option value="YU">Yugoslavia</option> <option value="ZM">Zambia</option> <option value="ZW">Zimbabwe</option> </select></td></tr><tr><td></td><td><input type="submit" value="Subscribe"></td></tr></table>[*] Fields marked with an asterisk are required. </p> <p></form></p> ','', '', NOW(), 1),
              (1166,1166,1,'Suscribirse', '<p>¿Tiene interés en saber más sobre los últimos progresos en el trabajo de AIDA? ¡Inscribase ahora a nuestras actualizaciones mensuales y manténgase informado/a! </p> <p><a href="/?q=news_updates"><b>Vea las actualizaciones mensuales anteriores</b></a> </p> <p><i>Para asegurarnos que contamos con su autorización para enviarle mensualmente información actualizada, únicamente necesitamos que responda al mensaje de suscripción que recibe, no necesita agregar ningún mensaje adicional. Por favor disculpe que el mensajes de suscripción sólo esta en inglés, el programa admite solamente un idioma.</i> </p> <p><b>Todos los boletines mensuales se publicarán en Español e Inglés.</b> </p> <p><form name="subscribeForm" action="http://en.groundspring.org/EmailNow/pub.php?module=WebSignup&cmd=subscribe" method="POST"> </p> <p><input type="hidden" value="fdfqypswwrwrwgqy" name="listIds" /> </p> <p><input type="hidden" value="http://www.aida-americas.org" name="gotoUrl" /> </p> <p><input type="hidden" value="Return to AIDA\'s Home Page" name="gotoText" /> </p> <p><input type="hidden" value="yesRequired" name="status_firstName" /> </p> <p><input type="hidden" value="yesRequired" name="status_lastName" /> </p> <p><input type="hidden" value="yesOptional" name="status_street1" /> </p> <p><input type="hidden" value="yesOptional" name="status_street2" /> </p> <p><input type="hidden" value="yesOptional" name="status_city" /> </p> <p><input type="hidden" value="yesOptional" name="status_state" /> </p> <p><input type="hidden" value="yesOptional" name="status_zipcode" /> </p> <p><input type="hidden" value="yesOptional" name="status_country" /> </p> <p><input type="hidden" value="no" name="status_telephone" /> </p> <p><table border="0"><tr><td>Correo electrónico:</td><td><input name="email" type="text" /> *</td></tr><tr><td>Inscribase a:</td><td><input name="listSelect_96904" type="checkbox" value="1" id="qf_762988" checked="checked" /> Actualizaciones Mensuales de AIDA</td></tr><tr><td colspan="2">&nbsp;</td></tr><tr><td>Nombre:</td><td><input type="text" name="firstName" /> *</td></tr><tr><td>Apellido:</td><td><input type="text" name="lastName" /> *</td></tr><tr><td>Dirección 1:</td><td><input type="text" name="street1" /></td></tr><tr><td>Dirección 2:</td><td><input type="text" name="street2" /></td></tr><tr><td>Ciudad:</td><td><input type="text" name="city" /></td></tr><tr><td>Estado:</td><td><select name="state"> <option value="">Seleccionar</option> <option value="AK">Alaska</option> <option value="AL">Alabama</option> <option value="AZ">Arizona</option> <option value="AR">Arkansas</option> <option value="CA">California</option> <option value="CO">Colorado</option> <option value="CT">Connecticut</option> <option value="DE">Delaware</option> <option value="FL">Florida</option> <option value="GA">Georgia</option> <option value="HI">Hawaii</option> <option value="ID">Idaho</option> <option value="IL">Illinois</option> <option value="IN">Indiana</option> <option value="IA">Iowa</option> <option value="KS">Kansas</option> <option value="KY">Kentucky</option> <option value="LA">Louisiana</option> <option value="ME">Maine</option> <option value="MD">Maryland</option> <option value="MA">Massachusetts</option> <option value="MI">Michigan</option> <option value="MN">Minnesota</option> <option value="MS">Mississippi</option> <option value="MO">Missouri</option> <option value="MT">Montana</option> <option value="NE">Nebraska</option> <option value="NV">Nevada</option> <option value="NH">New Hampshire</option> <option value="NJ">New Jersey</option> <option value="NM">New Mexico</option> <option value="NY">New York</option> <option value="NC">North Carolina</option> <option value="ND">North Dakota</option> <option value="OH">Ohio</option> <option value="OK">Oklahoma</option> <option value="OR">Oregon</option> <option value="PA">Pennsylvania</option> <option value="RI">Rhode Island</option> <option value="SC">South Carolina</option> <option value="SD">South Dakota</option> <option value="TN">Tennessee</option> <option value="TX">Texas</option> <option value="UT">Utah</option> <option value="VT">Vermont</option> <option value="VA">Virginia</option> <option value="WA">Washington</option> <option value="WV">West Virginia</option> <option value="WI">Wisconsin</option> <option value="WY">Wyoming</option> <option value="DC">Washington DC</option> <option value="GU">Guam</option> <option value="PR">Puerto Rico</option> <option value="VI">Virgin Islands</option> </select></td></tr><tr><td>Código Postal:</td><td><input type="text" name="zipcode" /></td></tr><tr><td>País:</td><td><select name="country"> <option value="">Seleccionar</option> <option value="AF">Afghanistan</option> <option value="AL">Albania</option> <option value="DZ">Algeria</option> <option value="AS">American Samoa</option> <option value="AD">Andorra</option> <option value="AO">Angola</option> <option value="AI">Anguilla</option> <option value="AQ">Antarctica</option> <option value="AG">Antigua and Barbuda</option> <option value="AR">Argentina</option> <option value="AM">Armenia</option> <option value="AW">Aruba</option> <option value="AU">Australia</option> <option value="AT">Austria</option> <option value="AZ">Azerbaijan</option> <option value="BS">Bahamas, The</option> <option value="BH">Bahrain</option> <option value="BD">Bangladesh</option> <option value="BB">Barbados</option> <option value="BY">Belarus</option> <option value="BE">Belgium</option> <option value="BZ">Belize</option> <option value="BJ">Benin</option> <option value="BM">Bermuda</option> <option value="BT">Bhutan</option> <option value="BO">Bolivia</option> <option value="BA">Bosnia and Herzegovina</option> <option value="BW">Botswana</option> <option value="BV">Bouvet Island</option> <option value="BR">Brazil</option> <option value="IO">British Indian Ocean Territory</option> <option value="VG">British Virgin Islands</option> <option value="BN">Brunei Darussalam</option> <option value="BG">Bulgaria</option> <option value="BF">Burkina Faso</option> <option value="MM">Burma</option> <option value="BI">Burundi</option> <option value="KH">Cambodia</option> <option value="CM">Cameroon</option> <option value="CA">Canada</option> <option value="CV">Cape Verde</option> <option value="KY">Cayman Islands</option> <option value="CF">Congo, Republic of the</option> <option value="TD">Chad</option> <option value="CL">Chile</option> <option value="CN">China</option> <option value="CX">Christmas Island</option> <option value="CC">Cocos (Keeling) Islands</option> <option value="CO">Colombia</option> <option value="KM">Comoros</option> <option value="CG">Congo, Democratic Republic of the</option> <option value="CK">Cook Islands</option> <option value="CR">Costa Rica</option> <option value="CI">Cote d\'Ivoire</option> <option value="HR">Croatia</option> <option value="CU">Cuba</option> <option value="CY">Cyprus</option> <option value="CZ">Czech Republic</option> <option value="DK">Denmark</option> <option value="DJ">Djibouti</option> <option value="DM">Dominica</option> <option value="DO">Dominican Republic</option> <option value="TP">East Timor</option> <option value="EC">Ecuador</option> <option value="EG">Egypt</option> <option value="SV">El Salvador</option> <option value="GQ">Equatorial Guinea</option> <option value="ER">Eritrea</option> <option value="EE">Estonia</option> <option value="ET">Ethiopia</option> <option value="EU">European Union</option> <option value="FK">Falkland Islands (Islas Malvinas)</option> <option value="FO">Faroe Islands</option> <option value="FJ">Fiji</option> <option value="FI">Finland</option> <option value="FR">France</option> <option value="GF">French Guiana</option> <option value="PF">French Polynesia</option> <option value="TF">French Southern and Antarctic Lands</option> <option value="GA">Gabon</option> <option value="GM">Gambia</option> <option value="GE">Georgia</option> <option value="DE">Germany</option> <option value="GH">Ghana</option> <option value="GI">Gibraltar</option> <option value="GR">Greece</option> <option value="GL">Greenland</option> <option value="GD">Grenada</option> <option value="GP">Guadeloupe</option> <option value="GU">Guam</option> <option value="GT">Guatemala</option> <option value="GN">Guinea</option> <option value="GW">Guinea-Bissau</option> <option value="GY">Guyana</option> <option value="HT">Haiti</option> <option value="HM">Heard Island and McDonald Islands</option> <option value="VA">Holy See (Vatican City)</option> <option value="HN">Honduras</option> <option value="HK">Hong Kong (SAR)</option> <option value="HU">Hungary</option> <option value="IS">Iceland</option> <option value="IN">India</option> <option value="ID">Indonesia</option> <option value="IR">Iran</option> <option value="IQ">Iraq</option> <option value="IE">Ireland</option> <option value="IL">Israel</option> <option value="IT">Italy</option> <option value="JM">Jamaica</option> <option value="JP">Japan</option> <option value="JO">Jordan</option> <option value="KZ">Kazakhstan</option> <option value="KE">Kenya</option> <option value="KI">Kiribati</option> <option value="KP">Korea, North</option> <option value="KR">Korea, South</option> <option value="KW">Kuwait</option> <option value="KG">Kyrgyzstan</option> <option value="LA">Laos</option> <option value="LV">Latvia</option> <option value="LB">Lebanon</option> <option value="LS">Lesotho</option> <option value="LR">Liberia</option> <option value="LY">Libya</option> <option value="LI">Liechtenstein</option> <option value="LT">Lithuania</option> <option value="LU">Luxembourg</option> <option value="MO">Macao</option> <option value="MK">Macedonia, The Former Yugoslav Republic of</option> <option value="MG">Madagascar</option> <option value="MW">Malawi</option> <option value="MY">Malaysia</option> <option value="MV">Maldives</option> <option value="ML">Mali</option> <option value="MT">Malta</option> <option value="MH">Marshall Islands</option> <option value="MQ">Martinique</option> <option value="MR">Mauritania</option> <option value="MU">Mauritius</option> <option value="YT">Mayotte</option> <option value="MX">Mexico</option> <option value="FM">Micronesia, Federated States of</option> <option value="MD">Moldova</option> <option value="MC">Monaco</option> <option value="MN">Mongolia</option> <option value="MS">Montserrat</option> <option value="MA">Morocco</option> <option value="MZ">Mozambique</option> <option value="NA">Namibia</option> <option value="NR">Nauru</option> <option value="NP">Nepal</option> <option value="AN">Netherlands Antilles</option> <option value="NL">Netherlands</option> <option value="NC">New Caledonia</option> <option value="NZ">New Zealand</option> <option value="NI">Nicaragua</option> <option value="NE">Niger</option> <option value="NG">Nigeria</option> <option value="NU">Niue</option> <option value="NF">Norfolk Island</option> <option value="MP">Northern Mariana Islands</option> <option value="NO">Norway</option> <option value="OM">Oman</option> <option value="PK">Pakistan</option> <option value="PW">Palau</option> <option value="PS">Palestinian Territory, Occupied</option> <option value="PA">Panama</option> <option value="PG">Papua New Guinea</option> <option value="PY">Paraguay</option> <option value="PE">Peru</option> <option value="PH">Philippines</option> <option value="PN">Pitcairn Islands</option> <option value="PL">Poland</option> <option value="PT">Portugal</option> <option value="PR">Puerto Rico</option> <option value="QA">Qatar</option> <option value="RO">Romania</option> <option value="RU">Russian Federation</option> <option value="RW">Rwanda</option> <option value="RE">Réunion</option> <option value="SH">Saint Helena</option> <option value="KN">Saint Kitts and Nevis</option> <option value="LC">Saint Lucia</option> <option value="PM">Saint Pierre and Miquelon</option> <option value="VC">Saint Vincent and the Grenadines</option> <option value="WS">Samoa</option> <option value="SM">San Marino</option> <option value="SA">Saudi Arabia</option> <option value="SN">Senegal</option> <option value="SC">Seychelles</option> <option value="SL">Sierra Leone</option> <option value="SG">Singapore</option> <option value="SK">Slovakia</option> <option value="SI">Slovenia</option> <option value="SB">Solomon Islands</option> <option value="SO">Somalia</option> <option value="ZA">South Africa</option> <option value="GS">South Georgia and the South Sandwich Islands</option> <option value="ES">Spain</option> <option value="LK">Sri Lanka</option> <option value="SD">Sudan</option> <option value="SR">Suriname</option> <option value="SJ">Svalbard</option> <option value="SZ">Swaziland</option> <option value="SE">Sweden</option> <option value="CH">Switzerland</option> <option value="SY">Syria</option> <option value="ST">São Tomé and Príncipe</option> <option value="TW">Taiwan</option> <option value="TJ">Tajikistan</option> <option value="TZ">Tanzania</option> <option value="TH">Thailand</option> <option value="TG">Togo</option> <option value="TK">Tokelau</option> <option value="TO">Tonga</option> <option value="TT">Trinidad and Tobago</option> <option value="TN">Tunisia</option> <option value="TR">Turkey</option> <option value="TM">Turkmenistan</option> <option value="TC">Turks and Caicos Islands</option> <option value="TV">Tuvalu</option> <option value="UG">Uganda</option> <option value="UA">Ukraine</option> <option value="AE">United Arab Emirates</option> <option value="GB">United Kingdom</option> <option value="US">United States</option> <option value="UM">United States Minor Outlying Islands</option> <option value="UY">Uruguay</option> <option value="UZ">Uzbekistan</option> <option value="VU">Vanuatu</option> <option value="VE">Venezuela</option> <option value="VN">Vietnam</option> <option value="VI">Virgin Islands, U.S.</option> <option value="WF">Wallis and Futuna</option> <option value="EH">Western Sahara</option> <option value="YE">Yemen</option> <option value="YU">Yugoslavia</option> <option value="ZM">Zambia</option> <option value="ZW">Zimbabwe</option> </select></td></tr><tr><td></td><td><input type="submit" value="Inscribase"></td></tr></table>[*] Los campos marcados con asterisco son indispensables. </p> <p></form></p> ', '', '', NOW(), 1);
INSERT INTO url_alias (src, dst, language) VALUES ('node/166','subscribe','en');
INSERT INTO url_alias (src, dst, language) VALUES ('node/1166','subscribe','es');
INSERT INTO node
            (nid,            vid,            type,  language,title,             uid, status, created, changed, comment, promote, moderate, sticky, tnid, translate) VALUES
            (167,     167,     'book','en',    'AIDA critical of Colombian spraying in Ecuadorian border region',1,   1,      NOW(),   NOW(), 0,0,0,0,167,0),
            (1167,1167,'book','es',    'AIDA cuestiona las fumigaciones en la frontera con Ecuador',1,   1,      NOW(),   NOW(), 0,0,0,0,167,0);
INSERT INTO book (mlid, nid, bid) VALUES (10298,167,1),(10299,1167,1001);
INSERT INTO node_revisions
              (nid,       vid,       uid, title,              body,             teaser,          log, timestamp,format) VALUES
              (167,167,1,   'AIDA critical of Colombian spraying in Ecuadorian border region', '<p>The Colombian government is violating a bilateral accord with Ecuador by spraying a mixture of herbicides intended to destroy coca crops within 10 kilometers of the Ecuadorian border. Colombia is relying on studies by a team from the Inter-American Drug Abuse Control Commission (CICAD) of the Organization of American States (OAS) to claim that the spray mixture is safe. AIDA’s independent review of CICAD\'s recent studies, however, shows that the pesticide mixture being sprayed has not, in fact, been proven safe for the environment, and that Ecuador has substantial cause to oppose the sprayings. </p> <p>The first CICAD Environmental and Human Health Assessment of the Aerial Spray Program for Coca and Poppy Control in Colombia, released in 2005, did not assess many of the greatest potential ecological and human health risks posed by the aerial eradication program in Colombia. </p> <p>The U.S. Congress requested further studies to determine whether the mixture is truly harmful to the environment. Preliminary results from the follow-up studies, released in August 2006, show that the mixture is indeed potentially harmful to the environment, and particularly to amphibians – the spray mixture killed 50 percent of the amphibians exposed within 96 hours. Additionally, the State Department has not provided adequate information about the location of and risk to sensitive water bodies and has done nothing to address whether other threatened species are likely to be harmed. Without these determinations, any claim by the Colombian government that the spray mixture is safe enough to spray along the Ecuadorian border is misinformed. </p> <p>{DOC AIDA_CICAD_Critique.pdf Click here to read AIDA\'s report regarding the omissions of the 2005 CICAD study}. </p> <p>{DOC INTERIM_REPORT_CRITIQUE_dec2006.pdf Click here to read AIDA\'s critique of the follow-up studies}. </p> <p><CENTER><b><a href="/?q=plancolombia">Read more about Plan Colombia Spraying</a></b> </p> <p><a href="/?q=donate">Donate to AIDA</a></CENTER></p> ','', '', NOW(), 1),
              (1167,1167,1,'AIDA cuestiona las fumigaciones en la frontera con Ecuador', '<p>El gobierno colombiano está violando un acuerdo bilateral con Ecuador al fumigar con una mezcla de herbicidas dentro de la zona de 10 kilómetros de la frontera ecuatoriana, con el fin de destruir cultivos de coca. Colombia se basa en estudios realizados por un equipo de la Comisión Interamericana para el Control del Abuso de Drogas (CICAD) de la Organización de Estados Americanos (OEA) para sostener que la mezcla de herbicidas utilizada es segura. Sin embargo, una revisión de AIDA a los informes recientes de la CICAD muestra que realmente no se ha probado que la mezcla de herbicidas utilizada sea segura para el medio ambiente y que, por lo tanto, Ecuador tiene sólidos motivos para oponerse a las fumigaciones. </p> <p>La primera Evaluación del Ambiente y la Salud Humana del Programa de Fumigación Aérea para el Control de la Coca y la Amapola en Colombia, publicada en 2005, no evaluó gran parte de los mayores riesgos potenciales para la ecología y la salud humana que plantea el programa de erradicación aérea en Colombia. </p> <p>El Congreso de los Estados Unidos solicitó estudios adicionales para determinar si la mezcla es verdaderamente peligrosa. Resultados preliminares de los estudios de seguimiento, publicados en agosto del 2006, muestran que, en efecto, la mezcla utilizada es potencialmente peligrosa para el medio ambiente y en particular para los anfibios, ya que dentro de las 96 horas de la aplicación, mató el 50% de los anfibios expuestos. El Departamento de Estado de EEUU tampoco ha proporcionado información adecuada sobre la ubicación y el riesgo por las fumigaciones a cuerpos de agua vulnerables, ni ha hecho nada para evaluar si es probable que otras especies amenazadas se estén perjudicando. Sin considerar estas conclusiones, la afirmación del gobierno colombiano de que la mezcla de herbicidas es suficientemente segura para ser asperjada a lo largo de la frontera ecuatoriana no es exacta. </p> <p>{DOC AIDA_CRITICA_CICAD.pdf Lea el informe de AIDA sobre las omisiones de los estudios originales del CICAD}. </p> <p>{DOC INTERIM_REP_CRITIQUE_jan07.pdf Lea la crítica hecha por AIDA a las investigaciones de seguimiento}. </p> <p><center><b><a href="/?q=plancolombia">Lea más acerca de las fumigaciones del Plan Colombia</a></b> </p> <p><a href="/?q=donate">Apoye a AIDA</a></CENTER></p> ', '', '', NOW(), 1);
INSERT INTO url_alias (src, dst, language) VALUES ('node/167','plancolombia_ecuadorianborder','en');
INSERT INTO url_alias (src, dst, language) VALUES ('node/1167','plancolombia_ecuadorianborder','es');
INSERT INTO node
            (nid,            vid,            type,  language,title,             uid, status, created, changed, comment, promote, moderate, sticky, tnid, translate) VALUES
            (169,     169,     'book','en',    'AIDA Monthly Updates',1,   1,      NOW(),   NOW(), 0,0,0,0,169,0),
            (1169,1169,'book','es',    'Actualizaciones Mensuales de AIDA',1,   1,      NOW(),   NOW(), 0,0,0,0,169,0);
INSERT INTO book (mlid, nid, bid) VALUES (10300,169,1),(10301,1169,1001);
INSERT INTO node_revisions
              (nid,       vid,       uid, title,              body,             teaser,          log, timestamp,format) VALUES
              (169,169,1,   'AIDA Monthly Updates', '<p><b>Current Issue</b> </p> <p> <ul></p> <p> <a href="http://www.aida-americas.org/email/updates/2008_12.html"><b>December 2008</b></a>: Thanks for your support! AIDA made great progress in 2008!</ul> </p> <p><b> </p> <p>Previous Issues</b> </p> <p> <ul> <li><a href="http://www.aida-americas.org/email/updates/2008_11.html"><b>November 2008</b></a>: AIDA Defends the Colombian Páramos <li><a href="http://www.aida-americas.org/email/updates/2008_10.html"><b>October 2008</b></a>: AIDA Sounds Alarm on Risky New Gold Mine in Costa Rica <li><a href="http://www.aida-americas.org/templates/aida/uploads/docs/2008_09.html"><b>September 2008</b></a>: If You Think the Air in Beijing Is Bad, Take a Look at La Oroya <li><a href="http://www.aida-americas.org/templates/aida/uploads/docs/2008_08.html"><b>August 2008</b></a>: The Success of AIDA\'s Chilean partner, FIMA <li><a href="http://www.aida-americas.org/email/updates/2008_06.html"><b>June 2008</b></a>: Double Victory for the Endangered Leatherback Sea Turtle! <li><a href="http://www.aida-americas.org/email/updates/2008_05.html"><b>May 2008</b></a>: AIDA Uses Innovative Legal Strategy to Protect Human Rights Violated by Mexican Dam <li><a href="http://www.aida-americas.org/email/updates/2008_04.html"><b>April 2008</b></a>: AIDA and Mexican Organizations Succeed in Protecting Marine Ecosystems Threatened by Exotic Species <li><a href="http://www.aida-americas.org/email/updates/2008_03.html"><b>March 2008</b></a>: With AIDA\'s help, Peruvians harmed by smelter pollution will get comprehensive medical exams <li><a href="http://www.aida-americas.org/email/updates/2008_02.html"><b>February 2008</b></a>: AIDA urges Mexico and Costa Rica to protect the sea by regulating fisheries <li><a href="http://www.aida-americas.org/email/updates/2008_01.html"><b>January 2008</b></a>: New legal guide paves the way for strategic cases on human rights and the environment! <li><a href="http://www.aida-americas.org/email/updates/2007_12.html"><b>December 2007</b></a>: Support AIDA and be part of our success! <li><a href="http://www.aida-americas.org/email/updates/2007_11.html"><b>November 2007</b></a>: Mexican Congress to Debate Constitutional Reforms on Human Rights, including Right to a Healthy Environment. <li><a href="http://www.aida-americas.org/email/updates/2007_10.html"><b>October 2007</b></a>: Costa Rican Gold Mine Shuts Down Under Threat of Toxic Pollution. <li><a href="http://www.aida-americas.org/email/updates/2007_09.html"><b>September 2007</b></a>: Inter-American Commission on Human Rights Acts to Protect Victims of Pollution in La Oroya. <li><a href="http://www.aida-americas.org/email/updates/2007_08.html"><b>August 2007</b></a>: Colombia\'s anti-drug policy shifts in the right direction! <li><a href="http://www.aida-americas.org/email/updates/2007_07.html"><b>July 2007</b></a>: AIDA Makes Great Headway in Marine Protection! <li><a href="http://www.aida-americas.org/email/updates/2007_06.html"><b>June 2007</b></a>: Help AIDA stop a mega dam from destroying the Guayas River Basin and violating human rights! <li><a href="http://www.aida-americas.org/email/updates/2007_05.html"><b>May 2007</b></a>: AIDA Trains Legal Experts on the Link between Human Rights and the Environment <li><a href="http://www.aida-americas.org/email/updates/2007_04.html"><b>April 2007</b></a>: AIDA Advances Marine Protection Efforts in Latin America <li><a href="http://www.aida-americas.org/email/updates/2007_03.html"><b>March 2007</b></a>: The case of La Parota, Mexico: Preventing environmental damages and human rights violations from large hydroelectric dams <li><a href="http://www.aida-americas.org/email/updates/2007_02.html"><b>February 2007</b></a>: Protecting Tuna and the Costa Rican Pacific <li><a href="http://www.aida-americas.org/email/updates/2007_01.html"><b>January 2007</b></a>: Renewed Colombian Spraying Threatens Environment and Sours Relations between Ecuador and Colombia <li><a href="http://www.aida-americas.org/email/updates/2006_12.html"><b>December 2006</b></a>: La Oroya Gains International Notoriety as one of the World\'s Ten Most Polluted Places </p> <p></ul></p> ','', '', NOW(), 1),
              (1169,1169,1,'Actualizaciones Mensuales de AIDA', '<p><b>Número actual</b> </p> <p> <ul></p> <p><a href="http://www.aida-americas.org/email/updates/2008_12.html"><b>Diciembre de 2008</b></a>: ¡Gracias por su apoyo! ¡AIDA logró grandes avances en 2008! </p> <p></ul> </p> <p><b>Número anterior</b> </p> <p> <ul> <li><a href="http://www.aida-americas.org/email/updates/2008_11.html"><b>Noviembre de 2008</b></a>: AIDA defiende los páramos en Colombia <li><a href="http://www.aida-americas.org/email/updates/2008_10.html"><b>Octubre de 2008</b></a>: AIDA alerta sobre peligros de nueva mina de oro en Costa Rica <li><a href="http://www.aida-americas.org/templates/aida/uploads/docs/2008_09.html"><b>Septiembre de 2008</b></a>: Si cree que el aire es malo en Beijing, déle un vistazo a la Oroya <li><a href="http://www.aida-americas.org/templates/aida/uploads/docs/2008_08.html"><b>Agosto de 2008</b></a>: El éxito de FIMA, nuestra organización participante chilena <li><a href="http://www.aida-americas.org/email/updates/2008_06.html"><b>Junio de 2008</b></a>: ¡Victoria Doble para la Tortuga Marina Baula en Peligro de Extinción! <li><a href="http://www.aida-americas.org/email/updates/2008_05.html"><b>Mayo de 2008</b></a>: AIDA utiliza una estrategia legal innovadora para proteger los derechos humanos violados por la represa La Parota en México <li><a href="http://www.aida-americas.org/email/updates/2008_04.html"><b>Abril de 2008</b></a>: AIDA y Organizaciones Mexicanas Triunfan en la Protección a los Ecosistemas Marinos Amenazados por Especie Exótica <li><a href="http://www.aida-americas.org/email/updates/2008_03.html"><b>Marzo de 2008</b></a>: Con la ayuda de AIDA, los peruanos afectados por contaminación metalúrgica tendrán exámenes médicos integrales <li><a href="http://www.aida-americas.org/email/updates/2008_02.html"><b>Febrero de 2008</b></a>: AIDA insta a México y Costa Rica a proteger el mar por medio de regulaciones pesqueras efectivas <li><a href="http://www.aida-americas.org/email/updates/2008_01.html"><b>Enero de 2008</b></a>: ¡Nueva guía de litigio allana el camino para casos estratégicos en derechos humanos y ambiente! <li><a href="http://www.aida-americas.org/email/updates/2007_12.html"><b>Diciembre de 2007</b></a>: ¡Apoye a AIDA y sea parte de nuestros éxitos! <li><a href="http://www.aida-americas.org/email/updates/2007_11.html"><b>Noviembre de 2007</b></a>: El Congreso Mexicano Debatira Reformas Constitucionales en Derechos Humanos, incluyendo el Derecho a un Ambiente Sano. <li><a href="http://www.aida-americas.org/email/updates/2007_10.html"><b>Octubre 2007</b></a>: Mina de oro en Costa Rica suspende operaciones por riesgos de contaminación tóxica. <li><a href="http://www.aida-americas.org/email/updates/2007_09.html"><b>Septiembre 2007</b></a>: Comisión Interamericana de Derechos Humanos Solicita al Perú Proveer Atención Médica a Víctimas de la Contaminación en La Oroya <li><a href="http://www.aida-americas.org/email/updates/2007_08.html"><b>Agosto de 2007</b></a>: Importantes cambios positivos en la Política Antidrogas en Colombia! <li><a href="http://www.aida-americas.org/email/updates/2007_07.html"><b>Julio de 2007</b></a>: AIDA avanza significativamente en Protección Marina! <li><a href="http://www.aida-americas.org/email/updates/2007_06.html"><b>Junio de 2007</b></a>: Ayúdanos a evitar que una mega-represa destruya la cuenca del río Guayas y se violen derechos humanos! <li><a href="http://www.aida-americas.org/email/updates/2007_05.html"><b>Mayo de 2007</b></a>: AIDA Capacita Expertos Legales sobre Vínculo entre Derechos Humanos y Ambiente <li><a href="http://www.aida-americas.org/email/updates/2007_04.html"><b>Abril de 2007</b></a>: Nuevos Avances de AIDA Hacia Protección Marina en América Latina <li><a href="http://www.aida-americas.org/email/updates/2007_03.html"><b>Marzo de 2007</b></a>: La Parota en México: Evitando daños ambientales y violaciones a derechos humanos por grandes hidroeléctricas Protegiendo el atún y el Pacífico costarricense <li><a href="http://www.aida-americas.org/email/updates/2007_02.html"><b>Febrero de 2007</b></a>: Protegiendo el atún y el Pacífico costarricense <li><a href="http://www.aida-americas.org/email/updates/2007_01.html"><b>Enero de 2007</b></a>: Reanudación de Fumigaciones en Colombia Amenaza el Ambiente y Lesiona las Relaciones entre Ecuador y Colombia <li><a href="http://www.aida-americas.org/email/updates/2006_12.html"><b>Diciembre de 2006</b></a>: La Oroya gana notoriedad internacional como una de las diez ciudades más contaminadas del mundo </p> <p></ul></p> ', '', '', NOW(), 1);
INSERT INTO url_alias (src, dst, language) VALUES ('node/169','news_updates','en');
INSERT INTO url_alias (src, dst, language) VALUES ('node/1169','news_updates','es');
INSERT INTO node
            (nid,            vid,            type,  language,title,             uid, status, created, changed, comment, promote, moderate, sticky, tnid, translate) VALUES
            (170,     170,     'book','en',    'Marine Protection Press Releases',1,   1,      NOW(),   NOW(), 0,0,0,0,170,0),
            (1170,1170,'book','es',    'Protección de Recursos Marinos-Comunicados de Prensa',1,   1,      NOW(),   NOW(), 0,0,0,0,170,0);
INSERT INTO book (mlid, nid, bid) VALUES (10302,170,1),(10303,1170,1001);
INSERT INTO node_revisions
              (nid,       vid,       uid, title,              body,             teaser,          log, timestamp,format) VALUES
              (170,170,1,   'Marine Protection Press Releases', '<p> <br></p> <p><b>Leatherback Turtles</b> </p> <p> <ul></p> <p> <ol> <li><a href="http://www.aida-americas.org/templates/aida/uploads/docs/UNCONSTITUTIONAL_RULING.pdf">Costa Rican Court Reinforces Protection of Leatherback National Marine Park: Declares Ruling Allowing Construction in Park Unconstitutional <b> (June 3, 2008)</b></a> <li><a href="http://www.aida-americas.org/templates/aida/uploads/docs/LEATHERBACK_PARK_PROTECTED_en.pdf">Costa Rican Court Orders Expropriation Of Land Slated For Tourism Development In The Leatherback Marine National Park <b> (May 14, 2008)</b></a></li> <li><a href="http://aida-americas.org/templates/aida/uploads/docs/Admision_Baulas_ENG.pdf">Legal Action Temporarily Protects Leatherback Sea Turtles in Costa Rica <b>(March 30, 2005)</b></a></li></ul> </ol></p> ','', '', NOW(), 1),
              (1170,1170,1,'Protección de Recursos Marinos-Comunicados de Prensa', '<p> <br></p> <p><b>Tortugas Baula</b> </p> <p> <ul></p> <p> <ol> <li><a href="http://www.aida-americas.org/templates/aida/uploads/docs/REGLAMENTO_INCONSTITUCIONAL.pdf">Sala Constitucional Reitera Protección Al Parque Marino Las Baulas: Declara Inconstitucional Reglamento Que Permitía Construcciones <b>(3 de junio de 2008)</b></a></li> <li><a href="http://www.aida-americas.org/templates/aida/uploads/docs/Parque_las_Baulas_Protegido_sp.pdf">Sala Constitucional De Costa Rica Ordena Expropiaciones En Parque Nacional Marino Las Baulas<b> (14 de mayo de 2008)</b></a></li> <li><a href="http://aida-americas.org/templates/aida/uploads/docs/Admision_Baulas.pdf">Admitido Amparo para Proteccion de las Tortugas Baulas, Costa Rica <b>(30 de marzo de 2005)</b></a></li></ul> </ol></p> ', '', '', NOW(), 1);
INSERT INTO url_alias (src, dst, language) VALUES ('node/170','marine_pr','en');
INSERT INTO url_alias (src, dst, language) VALUES ('node/1170','marine_pr','es');
INSERT INTO node
            (nid,            vid,            type,  language,title,             uid, status, created, changed, comment, promote, moderate, sticky, tnid, translate) VALUES
            (171,     171,     'page','en',    'Toward Sustainable Aquaculture',1,   1,      NOW(),   NOW(), 0,0,0,0,171,0),
            (1171,1171,'page','es',    'Por una Acuicultura Sostenible',1,   1,      NOW(),   NOW(), 0,0,0,0,171,0);
INSERT INTO book (mlid, nid, bid) VALUES (10304,171,1),(10305,1171,1001);
INSERT INTO node_revisions
              (nid,       vid,       uid, title,              body,             teaser,          log, timestamp,format) VALUES
              (171,171,1,   'Toward Sustainable Aquaculture', '<p><b><a href="/?q=fisheries_home">Pressure on marine resources from human overfishing</a></b> has caused the <b><a href="/?q=fisheries_economicandecological">collapse of many marine species</a></b>, such as cod and sardine. At the same time, growing consumer demand for seafood has spurred the development of alternative activities. The aquaculture industry has emerged in recent years to meet this demand. </p> <p>The objective of marine aquaculture is to produce seafood for human consumption. Aquaculture projects can focus on a variety of species, such as shrimp or salmon. The cages and netpens used by such installations can be located near shore or in the open ocean, and species can be raised either from fertilized eggs or from young fish that have been captured from the wild and grown in captivity. </p> <p>Aquaculture has grown enormously worldwide in recent years. <b>Salmon aquaculture in Chile, for example, grew 825% between 1990 and 2004. Forty percent of all fish currently consumed in the United States is produced via commercial aquaculture.</b> </p> <p>The rapid rate at which the aquaculture industry has expanded in various countries has led to many large, unregulated operations that cause serious <b><a href="/?q=fisheries_economicandecological">harms to the marine environment</a></b> including: adverse impacts on water quality and the sea floor from the accumulation of nutrients and wastes; the propagation of diseases in marine ecosystems; and genetic erosion and hybridization that occurs between wild species and cultivated fish that escape into the wild. It is imperative that regulations <table width="10" border="1" align="right" cellpadding="0" cellspacing="0"><tr><td><img src="templates/aida/uploads/photos/aquaculturechile320.jpg" <br><div align="center">Salmon Aquaculture Project, Chile</div></td></tr></table>and systems of control are developed as soon as possible to minimize the environmental impacts of this activity. </p> <p>To avoid these serious environmental impacts in Costa Rica, we worked with our participating organizations <a href="http://www.aida-americas.org/aida.php?page=jpn"><b>JPN</b></a> and <a href="http://www.cedarena.org"><b>CEDARENA</b></a> in bringing a legal action to stop the development of a yellow fin tuna-capture aquaculture project. <a href="http://www.aida-americas.org/templates/aida/uploads/docs/ACUICULTURA_RES_07-05-09.pdf">In its decision, the Constitutional Chamber of the Costa Rican Supreme Court</a> found that this project posed serious risks to the coastal ecosystems and threatened marine species, violating the right to a healthy environment that is recognized in the Costa Rican Constitution and applicable international treaties. Because of this, and in application of the precautionary principle, the Court annulled the permit for the project and ordered the authorities to improve the Environmental Impact Assessment to ensure that this activity is safe for the environment. </p> <p>Additionally, AIDA has reviewed a proposed new Shrimp Aquaculture Bill in Belize. In December, 2006, AIDA provided legal and technical comments to be presented to the Belizean Congress.</p> ','', '', NOW(), 1),
              (1171,1171,1,'Por una Acuicultura Sostenible', '<p>La <b><a href="/?q=fisheries_home">presión de las actividades pesqueras sobre los recursos marinos</a></b> ha causado la <b><a href="/?q=fisheries_economicandecological">escasez y colapso de muchas especies</a></b>, como el bacalao y la sardina. Al mismo tiempo, la demanda creciente de consumo ha motivado el desarrollo de actividades alternas a la pesca para suplir la demanda de los consumidores. La industria de acuicultura ha aumentado significativamente en los últimos años para suplir esta demanda. </p> <p>La acuicultura del mar busca el cultivo y la comercialización de organismos marinos para producir alimentos para consumo humano. Existen diferentes tipos de proyectos de acuicultura, de distintas especies como camarones o salmones. Además, también varía su localización, pues las redes o jaulas pueden estar cerca o lejos de la costa y el tipo de obtención de individuos puede basarse en el crecimiento de peces desde su fecundación o en la captura de individuos jóvenes para engordarlos en cautiverio. </p> <p>El crecimiento de la acuicultura a nivel mundial en los últimos años ha sido tal, que <b>actualmente el 40% del pescado que se consume en los Estados Unidos proviene de producción comercial acuícola. En Chile, por ejemplo, el sector de la salmonicultura ha aumentado un 825% entre 1990 y el 2004</b>. </p> <p>La tasa rápida de desarrollo de la actividad de acuicultura ha implicado en varios países que numerosas y grandes operaciones no controladas generen individualmente y en conjunto graves <b><a href="/?q=fisheries_economicandecological">daños al ambiente marino</a></b>, como los impactos adversos en la calidad del agua y fondo marino, por acumulación de nutrientes y desechos; la propagación de patógenos a los ecosistemas marinos y la erosión genética e hibridación entre especies silvestres y peces <table width="10" border="1" align="right" cellpadding="0" cellspacing="0"><tr><td><img src="templates/aida/uploads/photos/aquaculturechile320.jpg" <br><div align="center">Proyecto de Acuicultura de Salmón en Chile</div></td></tr></table>cultivados que escapen. Por lo cual es importante desarrollar rápidamente regulaciones y sistemas de control que contribuyan a minimizar los impactos ambientales de esta actividad. </p> <p>Para evitar estos impactos en Costa Rica, colaboramos con dos de nuestras organizaciones participantes, <a href="/?q=jpn"><b>JPN</b></a> y <a href="http://www.cedarena.org"><b>CEDARENA</b></a>, en la interposición de una acción de amparo contra un proyecto de acuicultura basado en la captura del atún de aleta amarilla. La <a href="http://www.aida-americas.org/templates/aida/uploads/docs/ACUICULTURA_RES_07-05-09.pdf">Sala Constitucional de la Corte Suprema nos dio la razón</a> y concluyó que en efecto, este proyecto podría implicar graves riesgos para los ecosistemas costeros y especies marinas amenazadas, violando el derecho al ambiente sano protegido en la Constitución de Costa Rica y tratados internacionales relevantes. Por ello, y en aplicación del principio de precaución, la Corte anuló el permiso para el proyecto y ordenó a las autoridades realizar un Estudio de Impacto Ambiental adecuado que asegure que esta actividad es segura para el ambiente. </p> <p>Por otro lado AIDA, también ha apoyado el proceso de consulta al Proyecto de Ley de Acuicultura de Camarón en Belice. En diciembre de 2006 AIDA envió sus comentarios legales y técnicos al Proyecto para que estos sean presentados al Congreso de Belice.</p> ', '', '', NOW(), 1);
INSERT INTO url_alias (src, dst, language) VALUES ('node/171','aquaculture_home','en');
INSERT INTO url_alias (src, dst, language) VALUES ('node/1171','aquaculture_home','es');
INSERT INTO node
            (nid,            vid,            type,  language,title,             uid, status, created, changed, comment, promote, moderate, sticky, tnid, translate) VALUES
            (172,     172,     'book','en',    'Aquaculture Reference Documents',1,   1,      NOW(),   NOW(), 0,0,0,0,172,0),
            (1172,1172,'book','es',    'Documentos de AIDA para Consulta',1,   1,      NOW(),   NOW(), 0,0,0,0,172,0);
INSERT INTO book (mlid, nid, bid) VALUES (10306,172,1),(10307,1172,1001);
INSERT INTO node_revisions
              (nid,       vid,       uid, title,              body,             teaser,          log, timestamp,format) VALUES
              (172,172,1,   'Aquaculture Reference Documents', '<p> <ul> <ol> <li>{DOC GRANJAS_MINAE_DTO_DE_AGUAS.pdf Brief to Costa Rican Constitutional Chamber (November 15, 2006) (Spanish only)} </p> <p> <br> <li>{DOC AMICUS_BRIEF_AIDA.pdf AIDA´s Amicus Brief on Costa Rican Project (Spanish only)} </p> <p> <br> <li>{DOC AQUACULTURE_BILL_BELIZE.pdf Belize Aquaculture Bill (November 9, 2006)} </p> <p> <br> <li>{DOC SHRIMP_AQUACULTURE_BILL_COMMENTS.pdf AIDA´s comments to Belize Shrimp Aquaculture Bill (December 8, 2006)} </p> <p> <br> <li>{DOC Carta_Resolucions_INCOPESCA.pdf Letter from AIDA and CEDARENA to the Costa Rican Institute for Fishing and Aquaculture (INCOPESCA) requesting public consultation on the draft regulation for the Law on Fishing and Aquaculture. This letter mentions Constitutional Court resolutions that state the obligation of the Ministry of Environment and Energy (MINAE) to issue the pending regulation within the period specified by law. (January 15, 2008) (Spanish only)} </p> <p> <br> <li>{DOC Respuesta_de_INCOPESCA.pdf Letter from INCOPESCA to AIDA and CEDARENA responding that the regulation was completed in the latter part of 2006 and is being discussed within the legal department of INCOPESCA. (January 16, 2008) (Spanish only)} </p> <p> <br> <li>{DOC Repuesta_de_AIDA_y_CEDARENA_a_INCOPESCA.pdf Letter from AIDA and CEDARENA to INCOPESCA reiterating our desire to contribute to the draft regulation and requesting that the Institute begin public consulation on the draft regulation with the participation of non-governmental organizations. (January 30, 2008) (Spanish only)} </p> <p> <br> <li>{DOC Respuesta_final_de_INCOPESCA.pdf Letter from INCOPESCA to AIDA and CEDARENA finalizing communications and noting that the Institute will send the draft regulation to AIDA and other groups when regulation is ready. (February 5, 2008) (Spanish only)} </p> <p> <br> <li>{DOC Salmon_Virus_en.pdf Salmon Virus Indicts Chile’s Fishing Methods, New York Times (March 27, 2008)} </p> <p></ul></ol></p> ','', '', NOW(), 1),
              (1172,1172,1,'Documentos de AIDA para Consulta', '<p> <ul> <ol> <li>{DOC GRANJAS_MINAE_DTO_DE_AGUAS.pdf Escrito ante Sala Constitucional de Costa Rica (15 de noviembre de 2006)} </p> <p> <br> <li>{DOC AMICUS_BRIEF_AIDA.pdf Coadyuvancia de AIDA en Costa Rica} </p> <p> <br> <li>{DOC AQUACULTURE_BILL_BELIZE.pdf Proyecto de Ley de Acuicultura de Belice (sólo disponible en Inglés) (9 de noviembre de 2006)} </p> <p> <br> <li>{DOC SHRIMP_AQUACULTURE_BILL_COMMENTS.pdf Comentarios de AIDA al Proyecto de Ley de Acuicultura de Camarón en Belice (8 de diciembre de 2006)} </p> <p> <br> <li>{DOC Carta_Resolucions_INCOPESCA.pdf Carta de AIDA y CEDARENA al Instituto Costarricense y Pesca y Acuicultura (INCOPESCA) solicitando consulta pública para el borrador de Reglamento y mencionando resoluciones de la Sala Constitucional donde se señala la obligación del Ministerio de Ambiente y Energía (MINAE) de emitir los reglamentos que tiene pendientes dentro del período de Ley. (15 de enero de 2008)} </p> <p> <br> <li>{DOC Respuesta_de_INCOPESCA.pdf Carta de INCOPESCA a AIDA y CEDARENA respondiendo que el Reglamento se terminó en el último trimestre del 2006 y que se encuentra en el Depto. Legal de INCOPESCA en consulta. (16 de enero de 2008)} </p> <p> <br> <li>{DOC Repuesta_de_AIDA_y_CEDARENA_a_INCOPESCA.pdf Carta de AIDA y CEDARENA a INCOPESCA reiterando nuestra disposición de contribuir con el borrador de reglamento y solicitando el inicio de la consulta pública con la participación de organizaciones no gubernamentales. (30 de enero de 2008)} </p> <p> <br> <li>{DOC Respuesta_final_de_INCOPESCA.pdf Carta de INCOPESCA a AIDA y CEDARENA dando por finalizado el intercambio de comunicaciones y señalando que enviará el borrador de reglamento, cuando esté listo, a las instituciones correspondientes. (5 de febrero de 2008)} </p> <p> <br> <li>{DOC Salmon_Virus_sp.pdf El virus del salmón denuncia los métodos de pesca en Chile (traducción no oficial), New York Times (27 de marzo de 2008)} </p> <p></ul></ol></p> ', '', '', NOW(), 1);
INSERT INTO url_alias (src, dst, language) VALUES ('node/172','aquaculture_refdocs','en');
INSERT INTO url_alias (src, dst, language) VALUES ('node/1172','aquaculture_refdocs','es');
INSERT INTO node
            (nid,            vid,            type,  language,title,             uid, status, created, changed, comment, promote, moderate, sticky, tnid, translate) VALUES
            (173,     173,     'book','en',    'Useful Links!',1,   1,      NOW(),   NOW(), 0,0,0,0,173,0),
            (1173,1173,'book','es',    'Enlaces Utiles!',1,   1,      NOW(),   NOW(), 0,0,0,0,173,0);
INSERT INTO book (mlid, nid, bid) VALUES (10308,173,1),(10309,1173,1001);
INSERT INTO node_revisions
              (nid,       vid,       uid, title,              body,             teaser,          log, timestamp,format) VALUES
              (173,173,1,   'Useful Links!', '<p>For more information please visit the following sites: </p> <p> <ul> <li><a href="http://www.todosobrelaoroya.org">TODO SOBRE LA OROYA</a> (Peruvian NGO\'s, Spanish Text)</li></ul></p> ','', '', NOW(), 1),
              (1173,1173,1,'Enlaces Utiles!', '<p>Para mayor información, puede visitar:</p> <p> <ul> <li><a href="http://www.todosobrelaoroya.org">TODO SOBRE LA OROYA</a></li></ul></p> ', '', '', NOW(), 1);
INSERT INTO url_alias (src, dst, language) VALUES ('node/173','laoroya.usefullinks','en');
INSERT INTO url_alias (src, dst, language) VALUES ('node/1173','laoroya.usefullinks','es');
INSERT INTO node
            (nid,            vid,            type,  language,title,             uid, status, created, changed, comment, promote, moderate, sticky, tnid, translate) VALUES
            (174,     174,     'page','en',    'Hydroelectric Dam, La Parota',1,   1,      NOW(),   NOW(), 0,0,0,0,174,0),
            (1174,1174,'page','es',    'Presa Hidroeléctrica La Parota',1,   1,      NOW(),   NOW(), 0,0,0,0,174,0);
INSERT INTO book (mlid, nid, bid) VALUES (10310,174,1),(10311,1174,1001);
INSERT INTO node_revisions
              (nid,       vid,       uid, title,              body,             teaser,          log, timestamp,format) VALUES
              (174,174,1,   'Hydroelectric Dam, La Parota', '<p><b>Press Release:</b> <a href="/?q=184">Threats from proposed dam in La Parota, Mexico, challenged in <i> amicus curiae </i> legal brief</a> </p> <p><b>Press Release:</b> <a href="http://www.aida-americas.org/templates/aida/uploads/docs/PRESS_RELEASE_LA_PAROTA_07-08-28.doc">Federal Judge Suspends Construction of the La Parota Hydroelectric Project!</a> </p> <p>Near Acapulco, in the Mexican state of Guerrero, the Federal Commission on Electricity (Comisión Federal de Electricidad - CFE) is attempting to construct a 30 MW dam above an important water body: the Papagayo River. <b>Based on the size and location of the dam, the project will <a href="/?q=hrs_dams">severely impact the communities and environment</a> in the region, yet these impacts have not been adequately evaluated. For example, plans for the project do not consider that the dam will affect more than 25,000 inhabitants</b>, many of whom lack access to information about the project, including how to be fairly compensated for their losses. Likewise, <b>plans do not address the flooding of more than 42,000 acres that will destroy ecologically important areas of tropical deciduous forests</b>, wiping out entire populations of diverse flora and fauna, including threatened species. The plan also fails to offer an assessment of the risks of sitting the reservoir in a highly active seismic zone containing three geological faults. </p> <p>Beyond serious flaws in the impact assessment, <b>affected communities have been forced to endure several episodes of violence and hostility</b>, including unjust incarcerations and criminal investigations as well as physical threats and intrusions into community members’ personal lives. Furthermore, authorities have not guaranteed participation in adequate consultation processes for communities that will be displaced. </p> <p><b>In response to this grave situation, AIDA has collaborated with the <a href="http://www.cemda.org.mx">Mexican Environmental Law Center (CEMDA)</a> to develop a legal strategy to defend the human rights and environment of those affected by the dam</b>. Specifically, in August 2004, CEMDA requested a public information hearing as well as a revision of the environmental authorization of the dam to correct the document’s flaws. CEMDA then challenged the authorization in Mexican courts and a decision is currently pending. Owing to the fact that some actions in this case may constitute environmental crimes, CEMDA also requested an investigation by the Mexican Attorney General. Despite that investigation having revealed sufficient evidence of a crime, the Attorney General has still not brought the case before a judge. </p> <p>The Mexican NGO <a href="http://www.tlachinollan.org/english/inicio.htm">Tlachinollan</a> has challenged illegalities in the community consultation process through the use of constitutional injunctions (amparos), and obtained suspension orders for work on the dam. Nevertheless, road construction for the project has continued, adversely impacting the land and rights of the local communities. </p> <p><b>In March 2006, the Latin American Tribunal on Water recognized the adverse environmental impacts of the La Parota dam and the deplorable human rights conditions in affected communities, and recommended that the Mexican Government halt the project</b>. The Mexican Senate also asked the National Commission on Human Rights to intervene, and the representative of the United Nations Office in Mexico visited the area to assess the situation and advocate for the defense of human rights. Despite this, the situation has not improved. </p> <p>AIDA will continue working with CEMDA to urge the Mexican government to thoroughly analyze the impacts of this project, evaluate alternatives, and protect the environment and human rights of those affected.</p> ','', '', NOW(), 1),
              (1174,1174,1,'Presa Hidroeléctrica La Parota', '<p><b>Nota de Prensa:</b> <a href="/?q=184">Amenazas de represa La Parota, México, fueron demandadas en escrito de <i>amicus curiae</i></a> </p> <p><b>Nota de Prensa:</b> <a href="http://www.aida-americas.org/templates/aida/uploads/docs/BOLETIN_LA_PAROTA_07-08-28.doc">Juez Federal Suspende la Construcción del Proyecto Hidroeléctrico La Parota!</a> </p> <p>Cerca de Acapulco (en el Estado de Guerrero, México) la Comisión Federal de Electricidad (CFE) –empresa del sector público-- pretende construir una presa con capacidad de 30 MW, sobre un importante cuerpo de agua: el Río Papagayo. <b>La magnitud y localización del proyecto causará severos <a href="/?q=hrs_dams">impactos sociales y ambientales</a> en la región, que no han sido evaluados adecuadamente. Por ejemplo: el plan para el proyecto no considera que la presa afectará más de 25,000 campesinos</b> quienes no cuentan con información del proyecto y desconocen la forma en que deberían ser compensados; <b>no se evalúan los daños por la inundación de más de 17,000 hectáreas que destruirá importantes áreas de bosque seco</b> (selva baja y mediana caducifolia), ocasionando la pérdida de biodiversidad de flora y fauna, incluso algunas especies en riesgo. Tampoco no analizan los riesgos de situar el embalse en una zona altamente sísmica con tres fallas geológicas. </p> <p>Además de las carencias en la evaluación de impactos, <b>las comunidades afectadas han tenido que enfrentar varios episodios de violencia, amenazas y hostigamiento</b>, como incriminaciones injustas, violaciones a la integridad física y a la vida de algunos comuneros. Tampoco se ha garantizado la participación y consulta adecuadas a las comunidades que deberán desplazarse a causa de la represa La Parota. </p> <p><b>Ante esta grave situación, AIDA está colaborando con el <a href="http://www.cemda.org.mx">CEMDA</a> para la elaboración de una estrategia legal de defensa ambiental y de derechos humanos de las comunidades afectadas.</b> Por ahora se están intentando acciones en la jurisdicción interna. Concretamente, en agosto de 2004 el CEMDA solicitó una audiencia pública de información y solicitó la revisión de la autorización ambiental otorgada por la Secretaría de Medio Ambiente y Recursos Naturales (SEMARNAT), sin que las carencias de la autorización se remediaran. Por ello, demandó la autorización ante las cortes mexicanas, decisión que esta pendiente. Debido a que algunas conductas pueden constituir delitos ambientales, el CEMDA también ha denunciado este caso ante la Procuraduría General de la República, sin que se haya abierto la investigación respectiva. </p> <p>Las ilegalidades del proceso de consulta con las comunidades afectadas han sido demandadas mediante amparos por la ONG mexicana <a href="http://www.tlachinollan.org/inicio.htm">Tlachinollan</a>, obteniendo órdenes de suspensión de las obras relacionadas con la represa. Sin embargo, la construcción de carreteras necesarias para la obra han continuado, así como la afectación a las tierras y derechos de los ejidos. </p> <p><b>Los impactos ambientales de la hidroeléctrica La Parota y la situación de derechos humanos de las comunidades fueron reconocidos por el Tribunal Latinoamericano del Agua, que en marzo de 2006 recomendó al Estado Mexicano la cancelación de la obra.</b> Además, el Senado Mexicano solicitó la intervención de la Comisión Nacional de Derechos Humanos y el delegado de las Naciones Unidas en México visitó la zona para conocer la situación e instar por la garantía de los derechos humanos. A pesar de ello, la situación no ha mejorado. </p> <p>Por lo tanto, en AIDA continuaremos trabajando con el CEMDA para que se evalúen adecuadamente los impactos de esta obra, se estudien las alternativas posibles, y se proteja el ambiente y los derechos humanos afectados.</p> ', '', '', NOW(), 1);
INSERT INTO url_alias (src, dst, language) VALUES ('node/174','laparota_home','en');
INSERT INTO url_alias (src, dst, language) VALUES ('node/1174','laparota_home','es');
INSERT INTO node
            (nid,            vid,            type,  language,title,             uid, status, created, changed, comment, promote, moderate, sticky, tnid, translate) VALUES
            (175,     175,     'page','en',    'Environmental Impacts and Human Rights Violations Resulting from Large Dams',1,   1,      NOW(),   NOW(), 0,0,0,0,175,0),
            (1175,1175,'page','es',    'IMPACTOS AMBIENTALES Y VIOLACIONES A DERECHOS HUMANOS',1,   1,      NOW(),   NOW(), 0,0,0,0,175,0);
INSERT INTO book (mlid, nid, bid) VALUES (10312,175,1),(10313,1175,1001);
INSERT INTO node_revisions
              (nid,       vid,       uid, title,              body,             teaser,          log, timestamp,format) VALUES
              (175,175,1,   'Environmental Impacts and Human Rights Violations Resulting from Large Dams', '<p>The construction of dams and large infrastructure projects is a priority for many Latin American countries because these projects have the potential to provide the necessary energy, drinkable water, and infrastructure to support economic development. However, <b>the implementation of some projects is resulting not only in enormous environmental impacts, but also serious human rights violations. These violations include the forced relocation of communities, and the failure to consult affected communities and allow their participation in decision-making processes</b>. </p> <p>The construction of mega-dams (those higher than 15 meters or more than 3 million cubic meters) requires the flooding of large areas of land as well as the establishment of facilities that can considerably alter the water cycle. <b>All of this can result in the disruption, and even destruction, of strategic ecosystems.</b> Furthermore, the water in the reservoir below the dam can become contaminated with effluents, resulting in additional impacts on ecosystems and communities. The reservoirs also emit large quantities of greenhouse gases, which contribute to climate change. (Visit the <a href="http://www.irn.org"><b>International Rivers Network</b></a> website for detailed information on the impacts of large hydroelectric dams.) </p> <p><b>These environmental impacts can result in violations of human rights, including the rights to life, to health, to culture, to the enjoyment of a clean environment, to property (both private and collective), and to obtain just compensation.</b> If the decision-making processes are not participatory and transparent, the State and project sponsors may violate community members’ rights to information, to justice in a court of law, and to consultation. In some cases, communities have also been threatened and harassed as a result of the intense pressure to construct the dams, violating their freedom and their rights to due process and judicial remedies. The situation is further aggravated by the fact that the affected communities are almost always minorities, people with low income and, in general, vulnerable groups for whom it is almost impossible to effectively defend their rights. </p> <p>In light of the above, it is of vital importance that States thoroughly evaluate the costs and benefits of these projects, as well as any existing alternatives, and that they observe applicable laws and regulations, including those protecting human rights. In addition to complying with national laws, it is also essential that States apply the highest standards and international recommendations to these projects. <b>In particular, at a minimum they should meet the standards laid out in the <a href="http://www.dams.org/report">Report of the World Commission on Dams</a>. In cases where expropriation and involuntary relocation of people occurs, projects should also meet the minimum standards developed by the {DOC Pples_Eviction_Displacement_Rapporteur03-2006.pdf United Nations Special Rapporteur on adequate housing in 2006.</b>} </p> <p>Considering the number of large dams proposed in the hemisphere and our <a href="/?q=humanrights"><b>commitment to defending the environment and human rights</b></a>, AIDA is working with <a href="http://www.cemda.org.mx"><b>CEMDA</b></a>, our participating organization in Mexico, to evaluate the legal strategies most effective for protecting the rights of communities affected by the mega-dam <a href="/?q=laparota_home"><b>"La Parota,"</b></a> near Acapulco in the state of Guerrero. Furthermore, we are collaborating with our Ecuadorian partner, <a href="http://www.ecolex-ec.org"><b>ECOLEX</b></a>, to evaluate the hydroelectric project <a href="/?q=baba"><b>"Baba,"</b></a> in which the environmental impact assessment is seriously flawed and fails to consider effects on the Afro-Ecuadorian communities living in the flood zone. Through these projects, we seek to ensure that these large hydroelectric projects do not cause irreparable damage to the environment or violate human rights, and that, in the long run, the damages do not outweigh the benefits.</p> ','', '', NOW(), 1),
              (1175,1175,1,'IMPACTOS AMBIENTALES Y VIOLACIONES A DERECHOS HUMANOS', '<p>La construcción de represas y grandes proyectos de infraestructura en América Latina es prioritaria para muchos países, argumentando la necesidad de energía, agua potable e infraestructura en pro del desarrollo económico. <b>Sin embargo, la implementación de varios de estos proyectos está generando no sólo daños ambientales, sino también graves violaciones de derechos humanos, entre otros, por la reubicación forzosa de las comunidades, y la falta de consulta y participación en los procesos de toma de decisiones.</b> </p> <p>La construcción de mega represas (altura de cortina de más de 15m ó más de 3 millones de m3) requiere la inundación de grandes extensiones de tierra y otras obras que <b>generan cambios hidrográficos considerables y la intervención, incluso destrucción, de ecosistemas estratégicos</b>. Además, las aguas abajo del embalse se contaminan por los vertimientos, causando impactos adicionales en los ecosistemas y a las comunidades. Los grandes embalses también emiten importantes cantidades de gases de efecto invernadero, responsables del cambio climático. (Visite la página de la <a href="http://www.irn.org"><b>Red Internacional de Ríos (International Rivers Network, IRN)</b></a> para mayor información sobre los impactos de las mega represas.) </p> <p><b>Estos impactos ambientales pueden incluso derivarse en violaciones de derechos humanos, como a la vida, a la salud, a la cultura, al disfrute de un ambiente sano, a la propiedad (privada y colectiva) y a obtener una compensación justa.</b> Además, si los procesos de decisión no son participativos y transparentes, pueden también desconocerse el derecho a la información, al acceso a la justicia y a la consulta. Incluso ha habido casos en que las comunidades han sido amenazadas y hostigadas debido a las presiones para construir las obras, lo que puede implicar afectaciones a la libertad, al debido proceso y a las garantías judiciales. Se agrava aún más la situación debido a que las comunidades afectadas son generalmente minorías, personas de bajos ingresos y en general en situación de vulnerabilidad, a quienes les es casi imposible la defensa de sus derechos. </p> <p>Por lo anterior, es de vital importancia que los Estados evalúen integralmente los costos y beneficios de dichos proyectos, así como las alternativas existentes, consideren la legislación vigente, incluyendo la relevante para la protección de derechos humanos. Además, como complemento de la normativa nacional, es esencial que los Estados apliquen los mejores estándares y recomendaciones internacionales a estos proyectos. <b>En particular, por lo menos las contenidas en el Informe Represas y Desarrollo, de la <a href="http://www.dams.org/report">Comisión Mundial de Represas</a>; y en caso de haber expropiaciones y reubicación involuntaria de las personas que habitan la zona, deben implementar los principios mínimos desarrollados por el {DOC Pples_Eviction_Displacement_Rapporteur03-2006.pdf Relator de las Naciones Unidas en 2006 (Inglés).</b>} </p> <p>Considerando la importancia de las grandes represas en el hemisferio y nuestro compromiso con la <a href="/?q=humanrights"><b>defensa del ambiente y los derechos humanos</b></a>, AIDA trabaja junto a <a href="http://www.cemda.org.mx"><b>CEMDA</b></a>, nuestra organización participante en México, en la evaluación de la estrategia legal nacional e internacional más indicada con el fin de proteger los derechos de las comunidades afectadas por la construcción de la megarepresa <a href="/?q=laparota_home"><b>La Parota, cerca de Acapulco, Guerrero</b>.</a> Además, en Ecuador estamos colaborando con <a href="http://www.ecolex-ec.org"><b>ECOLEX</b></a>, nuestra organización participante, en la evaluación del <a href="http://aida-americas.org/aida.php?page=185"><b>proyecto hidroeléctrico Baba</b></a>, cuya autorización tiene también graves vacíos en la evaluación de los impactos ambientales que van a causarse y las afectaciones a las comunidades afro-ecuatorianas que habitan la zona a inundar. Pretendemos con este trabajo que la implementación de estos grandes proyectos hidroeléctricos no causen daños irreparables al ambiente y los derechos humanos, que a la larga pueden resultar más perjudiciales que beneficiosos para los países.</p> ', '', '', NOW(), 1);
INSERT INTO url_alias (src, dst, language) VALUES ('node/175','hrs_dams','en');
INSERT INTO url_alias (src, dst, language) VALUES ('node/1175','hrs_dams','es');
INSERT INTO node
            (nid,            vid,            type,  language,title,             uid, status, created, changed, comment, promote, moderate, sticky, tnid, translate) VALUES
            (176,     176,     'book','en',    'Aquaculture Impacts in the Mediterranean',1,   1,      NOW(),   NOW(), 0,0,0,0,176,0),
            (1176,1176,'book','es',    'Impactos de la Acuicultura en el Mediterráneo',1,   1,      NOW(),   NOW(), 0,0,0,0,176,0);
INSERT INTO book (mlid, nid, bid) VALUES (10314,176,1),(10315,1176,1001);
INSERT INTO node_revisions
              (nid,       vid,       uid, title,              body,             teaser,          log, timestamp,format) VALUES
              (176,176,1,   'Aquaculture Impacts in the Mediterranean', '<p>Aquaculture is a growing industry in this hemisphere that has caused significant environmental impacts in other regions of the world. To prevent and minimize such adverse impacts in the Americas, it is essential that we learn from experiences in other countries, especially where aquaculture has been practiced for many years. The Mediterranean is one such place, where over time, aquaculture has negatively affected the ocean floor, wild marine species, and water quality. </p> <p>To illustrate these impacts, we invite you to view the presentation, {DOC Impactos_acuicultura_Mediterraneo.pdf <b>"Impacts of Aquaculture in the Mediterranean"</b> (Spanish PDF)}. This presentation demonstrates how the excessive and uncontrolled growth of aquaculture in the Mediterranean has contaminated the sea with food wastes, excrement, and chemicals, causing irreparable damage to the ecosystem and fish populations. In addition, the presentation shows how large aquaculture operations have affected sea mammals and other wild marine species through the spread of disease and parasites, among other things. </p> <p>AIDA is grateful to Francisca Giménez Casalduero, Ph. D in Biology from the University of Murcia and Research Professor at the University of Alicante, for permitting us to utilize the results of her research.</p> ','', '', NOW(), 1),
              (1176,1176,1,'Impactos de la Acuicultura en el Mediterráneo', '<p>La acuicultura es una industria creciente en nuestro hemisferio, que ha causado importantes impactos ambientales en otras regiones del mundo. Por tanto, es esencial aprender de estas experiencias, sobretodo en lugares en que lleva años practicándose, como es el caso del Mediterráneo; sitio en donde se ha afectado la calidad del agua, el fondo marino y las especies silvestres. </p> <p>Para ilustrar los impactos mencionados, los invitamos a ver la presentación {DOC Impactos_acuicultura_Mediterraneo.pdf <b>"Impactos de la Acuicultura en el Mediterráneo"</b>}. Esta presentación muestra cómo el crecimiento desmedido y descontrolado de la acuicultura en el Mediterráneo, ha ocasionado daños irreparables al ecosistema y a los peces, derivados de la contaminación por desechos de alimentos, y excreción y uso de químicos. Además, podrá conocer como impactan las granjas acuícolas a mamíferos y especies marinas salvajes, que se ven afectados por dispersión de enfermedades y parásitos, entre otros. </p> <p>Agradecemos a la Dra. en biología Francisca Giménez Casalduero de la Universidad de Murcia y Profesora investigadora en la Universidad de Alicante por permitirnos utilizar los resultados de su investigación.</p> ', '', '', NOW(), 1);
INSERT INTO url_alias (src, dst, language) VALUES ('node/176','aquaculture_medit','en');
INSERT INTO url_alias (src, dst, language) VALUES ('node/1176','aquaculture_medit','es');
INSERT INTO node
            (nid,            vid,            type,  language,title,             uid, status, created, changed, comment, promote, moderate, sticky, tnid, translate) VALUES
            (177,     177,     'book','en',    'Donate through CFC',1,   1,      NOW(),   NOW(), 0,0,0,0,177,0),
            (1177,1177,'book','es',    '',1,   1,      NOW(),   NOW(), 0,0,0,0,177,0);
INSERT INTO book (mlid, nid, bid) VALUES (10316,177,1),(10317,1177,1001);
INSERT INTO node_revisions
              (nid,       vid,       uid, title,              body,             teaser,          log, timestamp,format) VALUES
              (177,177,1,   'Donate through CFC', '<p>We are pleased to announce that AIDA participates in the largest workplace giving campaign in the world, the <a href="http://www.latinamericafund.org">Combined Federal Campaign Latin America Fund</a>! As a federal employee, you will be able to donate to AIDA through CFC’s Latin America Fund. To designate contributions to AIDA, select member number 11617 from the CFC brochure. If you would like to learn more about the Latin America Fund, please visit their website http://www.latinamericafund.org.</p> <p>AIDA has also been selected to participate in the <a href="http://www.csecc.org/">California State Employee Charitable Campaign</a>. If you are a California State Employee, please consider donating to AIDA by selecting charity number 24037. You can learn more about the California State Employee Charitable Campaign at http://www.csecc.org/.</p> <p>Workplace donations are a convenient and effective way to support AIDA. For example, just $5 a week adds up to a total yearly contribution of $260! </p> <p>Please note that the annual CFC campaign ends on December 15, so please make your donations now!</p> ','', '', NOW(), 1),
              (1177,1177,1,'', '<p>Nos complace anunciar que AIDA participa en la <a href="http://www.latinamericafund.org">Campaña Federal Combinada-Fondo para América Latina</a>, la campaña más grande del mundo de donaciones hechas desde el lugar de trabajo. </p> <p>Como empleado federal, podrás donar a AIDA a través de la CFC-Fondo para América Latina. Para enviar tus contribuciones a AIDA selecciona el número de miembro 11617 del catálogo de la CFC. Si quieres conocer más sobre el Fondo para América Latina visita por favor su sitio de Internet http://www.latinamericafund.org/. </p> <p>AIDA también ha sido seleccionada para participar en la <a href="http://www.csecc.org/">Campaña de Beneficencia del Estado de California<a/>. Si eres un empleado del Estado de California, por favor considera hacer tu donación para AIDA seleccionando el número de beneficencia 24037. Puedes conocer más sobre la Campaña de Beneficencia del Estado de California en http://www.csecc.org/. </p> <p>Las donaciones desde tu lugar de trabajo son una manera efectiva y conveniente de apoyar a AIDA. Donando sólo USD$ 5 a la semana tu contribución anual total sería de USD$ 260. </p> <p>La campaña anual CFC termina el 15 de diciembre, ¡así que por favor haz tus donaciones ahora!</p> ', '', '', NOW(), 1);
INSERT INTO url_alias (src, dst, language) VALUES ('node/177','donate.cfc','en');
INSERT INTO url_alias (src, dst, language) VALUES ('node/1177','donate.cfc','es');
INSERT INTO node
            (nid,            vid,            type,  language,title,             uid, status, created, changed, comment, promote, moderate, sticky, tnid, translate) VALUES
            (178,     178,     'book','en',    'Peruvian Congress',1,   1,      NOW(),   NOW(), 0,0,0,0,178,0),
            (1178,1178,'book','es',    'Congreso Peruano',1,   1,      NOW(),   NOW(), 0,0,0,0,178,0);
INSERT INTO book (mlid, nid, bid) VALUES (10318,178,1),(10319,1178,1001);
INSERT INTO node_revisions
              (nid,       vid,       uid, title,              body,             teaser,          log, timestamp,format) VALUES
              (178,178,1,   'Peruvian Congress', '<p>On July 18, 2007, the Commission on Andean, Amazonian and Afro-Peruvian Peoples, Environment, and Ecology of the Congress of Peru published a report regarding the environmental contamination and human rights situation in La Oroya. According to the Congressional Commission, in La Oroya, "<b>they continue to delay essential urgent measures to improve the health and human rights situation</b>." For this reason, the Commission recommended to different government agencies that urgent measures be implemented, the majority of which AIDA and our participating organizations recommended in the last several years, and has presented before the <a href="/?q=laoroya.pressreleases">Inter-American Commission on Human Rights</a> since November, 2005. </p> <p>{DOC Informe_La_Oroya_160707.pdf Read the full report from the Congress Commission (Spanish text)} </p> <p><b>Some important conclusions to consider from the Congressional report:</b> </p> <p> <ol> <li><b>The Government has been inefficient in attending the situation in La Oroya.</b> </p> <p> <ul> <li>The Commission "observes the absence of suitable monitoring and enforcement mechanisms as required by laws protecting the environment and health of the population, as well as a complete lack of protection for the fundamental rights of the population of La Oroya." <li>"In the case of La Oroya, the Peruvian State (acting through CONAM, the Ministry of Energy and Mines, the Ministry of Health, the regional government of Junín and the local government), has not had the capacity to exercise its authority and implement effective environmental management to control the factors that generate health risks for the population of La Oroya, nor to minimize the environmental risks derived from metal processing activity in the area."</li></ul> <li><b>Lack of adequate medical attention in the city.</b> </p> <p> <ul> <li>The Ministry of Health, "as of this date, does not have a comprehensive plan for bringing medical attention to critical cases and counteracting the effects of the emissions on people’s health, owing to a lack of political will, insufficient budget, and the fragmentation of responsible entities among the diverse bodies competent in environmental health." <li>"…the situation is aggravated owing to the fact that the majority of [people] do not have health insurance to attend to their needs."</li></ul> <li><b>Emission levels in the city remain severe, as there are no adequate monitoring systems.</b> </p> <p> <ul> <li>"…with regards to lead, one can observe that there were not significant reductions in 2006. In addition, not a single station complied with the Peruvian air quality standards for annual lead levels." <li>"…the emissions monitoring systems is deficient, as the CDC technical team has expressed."</li></ul> <li><b>The State has not complied with orders from the Constitutional Tribunal</b> </p> <p> <ul> <li>"Despite that this enforcement body of the Constitution has issued a ruling ordering the implementation of measures to safeguard protections for human health in La Oroya, it is worrisome that the involved entities have not implemented this mandate."</li></ul> <li><b>Those who work to protect the environment and public health are harassed</b> </p> <p> <ul> <li>The Commission recognizes as well, that in effect, the defense of the environment and human health brings great pressure to bear on local authorities, unions, and the company, for which the Commission recommends that [the State] implements actions to adequately protect the population.</li></ul> </p> <p></ol> </p> <p><center><a href="/?q=laoroya"><b>Read more about La Oroya!</b></a></center></p> ','', '', NOW(), 1),
              (1178,1178,1,'Congreso Peruano', '<p>El 18 de julio de 2007 la Comisión de Pueblos Andinos, Amazónicos, Afroperuanos, Ambiente y Ecología del Congreso de la República del Perú publicó un informe acerca de la situación de contaminación y de derechos humanos en La Oroya. Según la Comisión del Congreso, allí "<b>se siguen postergando las medidas urgentes esenciales para mejorar la situación de salud y los derechos humanos de las personas</b>". Por ello recomendó a diferentes agencias del Gobierno la implementación de medidas urgentes, que en su mayoría coinciden con las establecidas por AIDA y nuestras organizaciones participantes durante los últimos años, que han sido presentadas también ante la <a href="/?q=laoroya.pressreleases">Comisión Interamericana de Derechos Humanos (CIDH)</a>. </p> <p>{DOC Informe_La_Oroya_160707.pdf Lea el informe completo de la Comisión del Congreso} </p> <p><b>Algunos de los puntos importantes del informe del Congreso a tener en cuenta:</b> </p> <p> <ol> <li><b>El Estado ha sido ineficiente para atender la situación de La Oroya.</b> </p> <p> <ul> <li>La Comisión "observa una ausencia de mecanismos idóneos y de supervisión y control de las normas de protección del medio ambiente y la salud de la población y la total desprotección de los derechos fundamentales de la población de La Oroya". <li>"El Estado peruano en el caso de La Oroya (a través del CONAM, Ministerio de Energía y Minas, Ministerio de Salud, Gobierno Regional de Junín y Gobierno Local), no ha tenido la capacidad de ejercer el principio de autoridad e implementar una efectiva gestión ambiental para el control de los factores que generan riesgos en la salud de los pobladores de La Oroya, ni de minimizar los riesgos ambientales derivados de la actividad metalúrgica en dicha zona".</li></ul> <li><b>Ausencia de atención médica adecuada en la ciudad.</b> </p> <p> <ul> <li>El Ministerio de Salud "a la fecha no cuenta con una intervención integral para brindar atención médica a los casos críticos y contrarrestar los efectos de las emisiones en la salud de las personas por existir falta de voluntad política, falta de presupuesto y fragmentación de las entidades responsables entre los diversos órganos competentes en salud pública ambiental". <li>"la situación se agrava debido a que la mayoría de ellas no cuenta con un seguro de salud para atenderse".</li></ul> <li><b>Las emisiones en la ciudad continúan a niveles severos, no habiendo sistemas adecuados de monitoreo.</b> </p> <p> <ul> <li>"en lo que al plomo se refiere, se observa que al 2006 no ha habido reducciones significativas. Más aún ninguna estación cumple con los estándares peruanos de calidad de aire para plomo anual". <li>"el sistema de monitoreo de emisiones es deficiente como lo ha expresado el equipo técnico del CDC".</li></ul> <li><b>El Estado no ha cumplido con lo ordenado por el Tribunal Constitucional</b> </p> <p> <ul> <li>"A pesar que este órgano de control de la Constitución ha emitido una sentencia ordenando que en plazos concretos se implementen medidas para salvaguardar la protección de la salud en La Oroya, es preocupante que las entidades involucradas no hayan implementado dicho mandato".</li></ul> <li><b>Quienes trabajan por la protección ambiental y de salud pública son hostigados</b> </p> <p> <ul> <li>La Comisión también reconoce que de hecho, la defensa del ambiente y de los derechos humanos en La Oroya debe hacerse bajo una significativa presión proveniente de las autoridades locales, los sindicatos y la empresa, por lo cual la Comisión recomienda al Estado la implementación de medidas para proteger a la población, en especial a quienes trabajan por el mejoramiento de la situación.</li></ul> </p> <p></ol> </p> <p><center><a href="/?q=laoroya"><b>Lea más acerca de La Oroya<b></a></center></p> ', '', '', NOW(), 1);
INSERT INTO url_alias (src, dst, language) VALUES ('node/178','laoroya.perucongress','en');
INSERT INTO url_alias (src, dst, language) VALUES ('node/1178','laoroya.perucongress','es');
INSERT INTO node
            (nid,            vid,            type,  language,title,             uid, status, created, changed, comment, promote, moderate, sticky, tnid, translate) VALUES
            (179,     179,     'book','en',    'La Parota Suspension 2007',1,   1,      NOW(),   NOW(), 0,0,0,0,179,0),
            (1179,1179,'book','es',    'Jueza Federal Suspende 2007',1,   1,      NOW(),   NOW(), 0,0,0,0,179,0);
INSERT INTO book (mlid, nid, bid) VALUES (10320,179,1),(10321,1179,1001);
INSERT INTO node_revisions
              (nid,       vid,       uid, title,              body,             teaser,          log, timestamp,format) VALUES
              (179,179,1,   'La Parota Suspension 2007', '<p>On August 14th and again on September 11th, 2007, a federal judge in Acapulco, in the state of Guerrero, Mexico, ordered the temporary suspension of all work related to the La Parota Hydroelectric Project, in response to an accion de amparo (similar to an injunction) filed by small-scale farmers in the Community of Common Goods of Cacahuatepec. The farmers are represented by the Mexican Center for Environmental Law (CEMDA). The judge granted the suspension to prevent irreversible damage to the farmers’ constitutional rights to a healthy environment, a fair trial, and adequate judicial protection. AIDA is supporting CEMDA in this legal action to prevent the human rights violations and environmental destruction that would occur as a result of the project. </p> <p>The suspension of La Parota is an important precedent in Mexico because it places protection of the environment ahead of a very large infrastructure project, and enables the public interest to be protected. Constructing the dam would cause grave and irreversible damage to the low and medium deciduous forests, impacting hundreds of threatened and endangered plant and animal species. It would also affect the quality and quantity of water in the Papagayo River, in addition to impacting the communities in the region. </p> <p>In the amparo, the farmers allege that the National Water Law and the General Law of Ecological Equilibrium and Environmental Protection are both unconstitutional because they do not allow the affected communities to participate in procedures to grant the authorizations obtained for construction of this project. This, in turn, violates their individual constitutional rights which grant that no one can be deprived of their life, liberty, property, possessions or rights without a fair trial. In this case, the authorities granted the environmental impact authorization and water concession without notifying the communities, despite the fact that these decisions would affect their lands and their right to water. </p> <p>The goal of the amparo is to permanently suspend the unconstitutional construction of the dam. If the dam is constructed, the farmers would lose their lands, be displaced from their town, and additional irreversible social and environmental harm would take place. Therefore, this legal action attempts to prevent, as occurs in many cases, the development of a large-scale infrastructure project without adequate compensation and indemnization. Past projects implemented by the Federal Electricity Commission have not included fair compensation, and when they were granted, did so long after the damages occurred. </p> <p>We hope that this court decision will be immediately implemented and that this precedent will be used in Mexico and throughout the hemisphere to improve the evaluation and implementation of hydroelectric projects, as well as promote greater protection for the environment and human rights.</p> ','', '', NOW(), 1),
              (1179,1179,1,'Jueza Federal Suspende 2007', '<p>Como resultado de un amparo presentado por los campesinos de la Comunidad Indígena de Bienes Comunales de Cacahuatepec en Acapulco, Guerrero, representados por el Centro Mexicano de Derecho Ambiental (CEMDA), el 14 de agosto, decisión reiterada el 11 de septiembre de 2007, una Juez Federal con sede en Acapulco, ordenó la suspensión de todas las obras del Proyecto Hidroeléctrico La Parota. La suspensión se otorgó para evitar daños irreparables a los derechos constitucionales al ambiente sano, a la garantía de audiencia y legalidad de los comuneros. AIDA esta apoyando al CEMDA en la estrategia legal, para evitar que el desarrollo inadecuado de este proyecto viole derechos humanos y destruya el ambiente. </p> <p>La suspensión de La Parota es un importante precedente en México, porque antepone la protección del ambiente a un proyecto de infraestructura de esta envergadura y promueve la protección del interés público. De construirse la presa, se causarían graves e irreparables daños sobre selva baja y mediana caducifolia, impactando cientos de especies de flora y fauna amenazadas y en peligro de extinción. También se afectarían la calidad y cantidad del agua del río Papagayo, aunado a los impactos de las comunidades de la región. </p> <p>En el amparo se alega la inconstitucionalidad de la Ley General del Equilibrio Ecológico y la Protección al Ambiente y la Ley de Aguas Nacionales, porque en los procedimientos para otorgar las autorizaciones al proyecto, las comunidades afectadas no pudieron participar, violándose sus garantías individuales referentes a que nadie puede ser privado de la vida, la libertad, sus propiedades, posesiones o derechos, sin tener un juicio previo. En este caso esto no ocurrió, pues al emitir las autorizaciones de impacto ambiental y de concesión del río Papagayo, no se notificó a las comunidades a pesar que con estas decisiones se afectan sus tierras y su derecho al agua sobre este río. </p> <p>El fin del amparo es suspender definitivamente la presa, ya que de construirse, los campesinos perderían sus tierras, tendrían que desplazarse de su pueblo y se causarían otros daños sociales y ambientales irreparables. Se pretende entonces evitar como en muchos otros casos similares, el desarrollo de grandes proyectos sin la evaluación y estudio de costo-beneficio y alternativas, así como las compensaciones necesarias. En relación con lo anterior, es un hecho que los proyectos implementados por la Comisión Federal de Electricidad no contemplan indemnizaciones justas, y cuando éstas ocurren, tienen lugar mucho tiempo después de la generación de los daños. </p> <p>Esperamos que la decisión se respete y sobretodo que este caso sirva como precedente importante en México y el hemisferio para motivar mejoras en la evaluación e implementación de los proyectos, así como el respecto de los derechos humanos involucrados, incluidos a la propiedad, el agua y la participación adecuada.</p> ', '', '', NOW(), 1);
INSERT INTO url_alias (src, dst, language) VALUES ('node/179','laparota_suspend','en');
INSERT INTO url_alias (src, dst, language) VALUES ('node/1179','laparota_suspend','es');
INSERT INTO node
            (nid,            vid,            type,  language,title,             uid, status, created, changed, comment, promote, moderate, sticky, tnid, translate) VALUES
            (180,     180,     'book','en',    'Anti-drug policy shifts in the right direction!',1,   1,      NOW(),   NOW(), 0,0,0,0,180,0),
            (1180,1180,'book','es',    'Cambios positivos en la política antidrogas colombiana!',1,   1,      NOW(),   NOW(), 0,0,0,0,180,0);
INSERT INTO book (mlid, nid, bid) VALUES (10322,180,1),(10323,1180,1001);
INSERT INTO node_revisions
              (nid,       vid,       uid, title,              body,             teaser,          log, timestamp,format) VALUES
              (180,180,1,   'Anti-drug policy shifts in the right direction!', '<p>The President of Colombia and United States legislators are finally taking action to reduce the ineffective and environmentally harmful aerial eradication program. Since 2000, crop dusters have sprayed a potent herbicide over 2.1 million acres of Colombian forests and fields containing coca plants used to make cocaine. Despite these efforts, the <a href="http://www.whitehousedrugpolicy.gov/news/press07/060407.html">latest U.S. survey</a> reveals that Colombian coca cultivation remains steady, at the second highest level ever recorded by the U.S.! On top of this failure, the spraying program has generated considerable social and <a href="http://www.ipsnews.net/news.asp?idnews=38576">diplomatic controversy</a> over the potential health and <a href="http://www.aida-americas.org/aida.php?page=107&lang=en">environmental impacts</a>, which include displacement of communities, increased deforestation, and harm to amphibians. </p> <p>In response to these negative outcomes, Colombian <a href="http://www.presidencia.gov.co/prensa_new/sne/2007/julio/20/07202007.htm">President Uribe announced</a> plans in July to significantly reduce aerial spraying, and focus Colombia\'s anti-drug strategy on manual eradication instead. This policy shift has the potential to dramatically reduce the environmental and health risks posed by the spray program. If <a href="/?q=plancolombia_alternativespr">sustainable alternative sources of income</a> are developed alongside community-led eradication efforts, real and lasting reductions in illicit crop cultivation could also occur. For this reason, AIDA will continue coordinating with Colombian groups to advocate for increased alternative development assistance for affected rural communities. </p> <p>U.S. policymakers have also proposed reducing aerial eradication in Colombia, out of concern for the program\'s lack of results and potential adverse impacts. In June 2007, the U.S. House of Representatives passed its <a href="http://www.aida-americas.org/templates/aida/uploads/docs/House_foreign_operationsFY08Colombia.pdf">version of the 2008 U.S. foreign aid bill</a> that includes major cuts in military funding for the aerial spraying program, increases in aid for alternative development, and multiple conditions to minimize environmental and health threats from the spraying. In September, the U.S. Senate approved its <a href="http://www.aida-americas.org/templates/aida/uploads/docs/Senate_For_Ops_ColombiaFY08.pdf">version of the foreign aid bill</a> which also cuts military aid and increases economic assistance, although to a lesser degree, and includes provisions promoting manual eradication over aerial spraying. These proposals represent a significant step in the right direction! </p> <p>AIDA\'s participating organization, <a href="http://www.earthjustice.org/library/background/plan-colombia-lethal-to-the-environment-ineffective-against-drug-crops.html">Earthjustice</a>, helped to bring about these changes. In May, a number of U.S. groups encouraged citizens to voice their opinions on the ineffective and environmentally destructive nature of the spraying program. Earthjustice coordinated an email campaign and more than a thousand citizens wrote to their representatives asking them not to support this harmful policy. As you have read, these efforts made an impact! </p> <p>U.S. legislators from both the House and the Senate will soon meet to reconcile the two versions of the 2008 U.S. foreign aid bill. We hope that the recent policy changes proposed in both countries will help to reduce the harmful effects of aerial eradication on Colombian communities and the environment. It is imperative that both governments reassess current counter-narcotic strategies, and increase support for participatory, sustainable and effective development programs implemented in consultation with affected communities.</p> ','', '', NOW(), 1),
              (1180,1180,1,'Cambios positivos en la política antidrogas colombiana!', '<p>Gobernantes colombianos y estadounidenses finalmente están tomando acciones para reducir el programa de fumigación aérea ineficaz y ambientalmente dañino. Desde el 2000, aviones fumigadores han arrojado una potente mezcla herbicida sobre cerca de un millón de hectáreas de bosques y campos colombianos con cultivos de coca, utilizada para producir cocaína. Sin embargo, la <a href="http://www.whitehousedrugpolicy.gov/news/press07/060407.html">última encuesta</a> indica que la producción de coca continúa estando en el segundo nivel más alto registrado por los EE.UU.! Por encima de este desastre, el programa de fumigación ha generado considerable controversia social y <a href="http://www.ipsnews.net/news.asp?idnews=38576">diplomática</a> debida a los potenciales impactos a la salud y <a href="/?q=plancolombia_enviroandhhdamages">al ambiente</a>, que incluyen desplazamiento de comunidades, aumento de deforestación y daños a los anfibios. </p> <p>En respuesta a estos resultados negativos, el <a href="http://www.presidencia.gov.co/prensa_new/sne/2007/julio/20/07202007.htm">Presidente colombiano</a>, Álvaro Uribe, anunció en julio planes para reducir significativamente la fumigación aérea y enfatizar la estrategia colombiana anti-drogas hacia la erradicación manual. Este cambio de política tiene el potencial de reducir dramáticamente los riesgos ambientales y a la salud causados por el programa de fumigación aérea. Si <a href="/?q=plancolombia_alternativespr">se desarrollan alternativas sostenibles</a> de ingresos, unidos a erradicación manual consensuada con la comunidad, pueden darse verdaderas y duraderas reducciones de los cultivos ilícitos. Por esta razón, AIDA continuará coordinando con grupos colombianos para abogar por el aumento de alternativas de desarrollo para las comunidades rurales afectadas. </p> <p>Los legisladores estadounidenses también propusieron reducir el programa de fumigación aérea, con base en la falta de resultados y en los impactos potenciales. En junio de 2007, la Cámara de Representantes de Estados Unidos incluyó en su <a href="http://www.aida-americas.org/templates/aida/uploads/docs/House_foreign_operationsFY08Colombia.pdf">Proyecto de Ley de Presupuesto para Ayuda Internacional para el 2008</a>: la reducción de fondos para el programa de fumigación aérea y el aumento en la ayuda para desarrollo alternativo y otras condiciones para minimizar las amenazas ambientales y a la salud humana de las fumigaciones. Este mes, el Senado de E.E.U.U. aprobó el <a href="http://www.aida-americas.org/templates/aida/uploads/docs/Senate_For_Ops_ColombiaFY08.pdf">Proyecto de Ley de Presupuesto para Ayuda Internacional para el 2008</a>, que también recorta la ayuda militar y aumenta la asistencia económica, aunque en menor grado, e incluye la promoción de erradicación manual por encima de la fumigación aérea. Este es un gran paso en la dirección correcta! </p> <p><a href="http://www.earthjustice.org/library/background/plan-colombia-lethal-to-the-environment-ineffective-against-drug-crops.html">Earthjustice</a>, organización participante de AIDA, ayudó a hacer realidad estos cambios. En mayo pasado algunos grupos estadounidenses animaron a los ciudadanos a expresar su opinión sobre el carácter ineficaz y ambientalmente destructivo del programa de fumigación. Earthjustice coordinó una campaña de correo electrónico y más de mil ciudadanos escribieron a sus representantes solicitándoles no apoyar esta dañina política. Es evidente que el esfuerzo tuvo efecto! </p> <p>Los legisladores de la Cámara y el Senado de los EE.UU. se reunirán pronto para conciliar las dos versiones del Proyecto de Ley. Esperamos que los recientes cambios en las políticas propuestas por los dos gobiernos ayuden a reducir los efectos dañinos de las fumigaciones aéreas para las comunidades y el ambiente en Colombia. Es imperativo que ambos gobiernos reevalúen las estrategias de lucha contra el narcotráfico y aumenten el apoyo a programas de desarrollo consensuados, sostenibles y efectivos, que sean implementados con la participación de las comunidades afectadas.</p> ', '', '', NOW(), 1);
INSERT INTO url_alias (src, dst, language) VALUES ('node/180','plancolombia_rightdirection','en');
INSERT INTO url_alias (src, dst, language) VALUES ('node/1180','plancolombia_rightdirection','es');
INSERT INTO node
            (nid,            vid,            type,  language,title,             uid, status, created, changed, comment, promote, moderate, sticky, tnid, translate) VALUES
            (181,     181,     'book','en',    'Bellavista in Miramar, Press Releases',1,   1,      NOW(),   NOW(), 0,0,0,0,181,0),
            (1181,1181,'book','es',    'Bellavista de Miramar, Costa Rica',1,   1,      NOW(),   NOW(), 0,0,0,0,181,0);
INSERT INTO book (mlid, nid, bid) VALUES (10324,181,1),(10325,1181,1001);
INSERT INTO node_revisions
              (nid,       vid,       uid, title,              body,             teaser,          log, timestamp,format) VALUES
              (181,181,1,   'Bellavista in Miramar, Press Releases', '<p><a href="/?q=miramar.press2002_07">News: Costa Rica Bans Open-Pit Mining</a></p> ','', '', NOW(), 1),
              (1181,1181,1,'Bellavista de Miramar, Costa Rica', '<p>Miramar, un pintoresco pueblo que debe su nombre a la vista que tiene hacia Golfo de Nicoya, es un área rural típica costarricense, con vegetación exuberante, de laderas pronunciadas, abundante biodiversidad y ríos cristalinos que fluyen hacia la costa. Tristemente, este lugar idílico y popular, refugio de fin de semana, se encuentra amenazado por la búsqueda de oro. </p> <p>Desde el 2005 Glencairn Gold Corporation, una compañía minera canadiense, ha estado extrayendo oro a cielo abierto cerca de Miramar de Puntarenas, usando el método de lixiviación con cianuro, por medio del cual grandes cantidades de minerales triturados son sumergidos en una solución con cianuro para extraer el oro. En julio de 2007, la compañía cerró la mina expresando su preocupación sobre movimientos de tierra causado en parte por las fuertes lluvias. AIDA y otros grupos ambientalistas <a href="http://www.aida-americas.org/templates/aida/uploads/docs/earthworks-aida-mwc-lett28sep.pdf">han solicitado explicaciones y datos de monitoreo</a> a la compañía porque sospechan que los movimientos de tierra posiblemente han roto la geomembrana debajo de las pilas de mineral y roca descartada. Estas pilas contienen sustancias muy tóxicas que podrían contaminar el suelo y agua si la membrana protectora ha sido dañada. </p> <p>A pesar que expertos en minería, de AIDA y otros grupos, desde el año 2001, señalaron lo peligroso de colocar una mina a cielo abierto en una región montañosa, con alta actividad sísmica y propensa a deslizamientos de tierra y lluvias tropicales; el gobierno concedió el permiso ambiental en el 2005. La decisión, en parte, fue influenciada por la presión que la compañía ejerció sobre las autoridades costarricenses de comercio, al amenazar con iniciar una demanda internacional contra Costa Rica, con base en el Tratado de Libre Comercio entre Canadá y Costa Rica, si los permisos no eran otorgados sin demoras. Desafortunadamente, el hacer caso omiso de las predicciones de expertos en ese momento, ahora está causando problemas actualmente así como serios riesgos de daños mucho mayores. </p> <p>AIDA junto a otras organizaciones está abogando para que el gobierno exija a Glencairn que monitoree todos los impactos ambientales de la mina, remedie cualquier daño, y cumpla con las leyes y regulaciones aplicables.</p> ', '', '', NOW(), 1);
INSERT INTO url_alias (src, dst, language) VALUES ('node/181','miramar_PR','en');
INSERT INTO url_alias (src, dst, language) VALUES ('node/1181','miramar_PR','es');
INSERT INTO node
            (nid,            vid,            type,  language,title,             uid, status, created, changed, comment, promote, moderate, sticky, tnid, translate) VALUES
            (182,     182,     'book','en',    'AIDA Guide to Envrionmental Defense',1,   1,      NOW(),   NOW(), 0,0,0,0,182,0),
            (1182,1182,'book','es',    'Guía de Defensa Ambiental',1,   1,      NOW(),   NOW(), 0,0,0,0,182,0);
INSERT INTO book (mlid, nid, bid) VALUES (10326,182,1),(10327,1182,1001);
INSERT INTO node_revisions
              (nid,       vid,       uid, title,              body,             teaser,          log, timestamp,format) VALUES
              (182,182,1,   'AIDA Guide to Envrionmental Defense', '<p>The American hemisphere was the first region of the world to recognize the human right to a healthy environment through the Inter-American System for Human Rights (IASHR). Various countries in the region have also recognized this right in their constitutions. This recognition has inspired hope that efforts to protect human rights will improve environmental conditions and thus, the quality of life for millions of people. Nonetheless, almost two decades after the IASHR first recognized the right to a healthy environment, the situation in the region is far from ideal. Examples of human rights abuses linked to environmental degradation are extensive and diverse. Diminishing the difference between legal recognition of this right and reality is critical. </p> <p>For this reason, the Interamerican Association for Environmental Defense (AIDA) decided to publish the "<a href="http://www.aida-americas.org/templates/aida/uploads/docs/AIDA_GUIA_2008.pdf">Guide to Environmental Defense: Building a Strategy for the Litigation of Cases before the Inter-American System for Human Rights</a>." With this guide, we aim to promote understanding of this regional system to protect human rights and encourage strategic legal cases before the IASHR to halt human rights abuses caused by environmental degradation. We hope that this publication will be a valuable tool for communities, organizations, attorneys, and authorities that are involved in human rights and environment cases. We welcome your comments and suggestions about the guide, and will use them to strengthen the material and our overall efforts to achieve effective and universal human rights protection. </p> <p> </p> <p><a href="http://www.aida-americas.org/templates/aida/uploads/docs/AIDA_GUIA_2008.pdf"><b>Guide to Environmental Defense</b>: Building a Strategy for the Litigation of Cases before the Inter-American System for Human Rights</a> (Only available in Spanish at this time) </p> <p><b>Table of Contents</b> </p> <p> <ul> <li><a href="http://www.aida-americas.org/templates/aida/uploads/docs/Prefacio_GUIA2008.pdf">PREFACE</a> <li><a href="http://www.aida-americas.org/templates/aida/uploads/docs/Introduccion_GUIA2008.pdf">INTRODUCTION <li><a href="http://www.aida-americas.org/templates/aida/uploads/docs/Capitulo1GUIA2008.pdf">CHAPTER I. Linking Human Rights and the Environment <li><a href="http://www.aida-americas.org/templates/aida/uploads/docs/Capitulo2GUIA2008.pdf">CHAPTER II. General Introduction to the Inter-American System for Human Rights <li><a href="http://www.aida-americas.org/templates/aida/uploads/docs/Capitulo3GUIA2008.pdf">CHAPTER III. Jurisprudence of the Inter-American System for Human Rights related to Environmental Protection <li><a href="http://www.aida-americas.org/templates/aida/uploads/docs/Capitulo4GUIA2008.pdf">CHAPTER IV. Environmental Protection through Enforcement of the Rights Established in the American Convention on Human Rights <li><a href="http://www.aida-americas.org/templates/aida/uploads/docs/Capitulo5GUIA2008.pdf">CHAPTER V. Developing Strategies to Litigate Environmental Cases before the IASHR <li><a href="http://www.aida-americas.org/templates/aida/uploads/docs/ConclusionesGUIA2008.pdf">CONCLUSION <li><a href="http://www.aida-americas.org/templates/aida/uploads/docs/Legislacion_Consultada_GUIA2008.pdf">INTERNATIONAL LAWS CITED <li><a href="http://www.aida-americas.org/templates/aida/uploads/docs/Jurisprudencia_GUIA2008.pdf">JURISPRUDENCE FROM THE INTER-AMERICAN SYSTEM FOR HUMAN RIGHTS</li></ul></p> ','', '', NOW(), 1),
              (1182,1182,1,'Guía de Defensa Ambiental', '<p>El hemisferio americano fue la primera región del mundo en reconocer el derecho humano a un medio ambiente sano. Asimismo, varias constituciones de la región también reconocen este derecho. Dicho reconocimiento brindó muchas esperanzas, dada la evidente relación del ambiente con la protección de los derechos humanos y la posibilidad de garantía que ésta consagración implicaba para millones de personas de mejorar las condiciones ambientales y por ende, su calidad de vida. No obstante, casi dos décadas después, la situación en la región dista enormemente de ser ideal. Los ejemplos son, desafortunadamente, muy diversos y extensos. Disminuir la diferencia entre el reconocimiento de las normas y la realidad es vital. </p> <p>Por tal razón, la Asociación Interamericana para la Defensa del Ambiente (AIDA) ha decidido publicar la "<a href="http://www.aida-americas.org/templates/aida/uploads/docs/AIDA_GUIA_2008.pdf">Guía de Defensa Ambiental: Construyendo la Estrategia para el Litigio de Casos ante el Sistema Interamericano</a>", para promover el conocimiento del sistema regional de protección de los derechos humanos, abordando elementos jurídicos y estratégicos que pueden implementarse en situaciones de violaciones de los derechos humanos derivados de la degradación del ambiente. Esperamos que esta publicación sea consultada y utilizada por las comunidades, organizaciones, abogados, abogadas y autoridades que desde diferentes perspectivas abordan estos casos, para poder contribuir con la implementación de sus iniciativas. En este sentido, las discusiones y comentarios que surjan al leerla son bienvenidos y ayudarán a consolidar el esfuerzo para lograr una protección universal y efectiva de los derechos humanos. </p> <p><a href="http://www.aida-americas.org/templates/aida/uploads/docs/AIDA_GUIA_2008.pdf"><b>Guía de Defensa Ambiental</b>: Construyendo la Estrategia para el Litigio de Casos ante el Sistema Interamericano</a> </p> <p><b>ÍNDICE</b>: </p> <p> <ul> <li><a href="http://www.aida-americas.org/templates/aida/uploads/docs/Prefacio_GUIA2008.pdf">PREFACIO</a> <li><a href="http://www.aida-americas.org/templates/aida/uploads/docs/Introduccion_GUIA2008.pdf">INTRODUCCIÓN</a> <li><a href="http://www.aida-americas.org/templates/aida/uploads/docs/Capitulo1GUIA2008.pdf">CAPITULO I</a>. Vinculando los Derechos Humanos y el Ambiente <li><a href="http://www.aida-americas.org/templates/aida/uploads/docs/Capitulo2GUIA2008.pdf">CAPÍTULO II</a>. Generalidades, El Sistema Interamericano de Protección de los Derechos Humanos <li><a href="http://www.aida-americas.org/templates/aida/uploads/docs/Capitulo3GUIA2008.pdf">CAPÍTULO III</a>. La Protección del Derecho al Ambiente Sano en la Jurisprudencia del Sistema Interamericano de Protección de Derechos Humanos <br /> <ul><ol type="A"> <li>El derecho al medio ambiente sano en el sistema interamericano <li>Jurisprudencia interamericana sobre medio ambiente</li></ul> <li><a href="http://www.aida-americas.org/templates/aida/uploads/docs/Capitulo4GUIA2008.pdf">CAPÍTULO IV</a>. Protección del Ambiente a través de los derechos consagrados en la Convención Americana <br /> <ul><ol type="A"> <li>Los principios y derechos adjetivos o instrumentales y la viabilidad de tutela de derechos medioambientales <li>La interconexión de derechos civiles y políticos justiciables y los derechos medioambientales <li>El posible empleo del art. 11 del Protocolo de San Salvador <li>Protección del ambiente de grupos especialmente vulnerables</ul> <li><a href="http://www.aida-americas.org/templates/aida/uploads/docs/Capitulo5GUIA2008.pdf">CAPITULO V</a>. Construyendo la estrategia para el litigio de Casos Ambientales ante el SIDH <br /> <ul><ol type="A"> <li>Elementos Estratégicos a considerar <li>Especificidades de los casos ambientales en el litigio de Derechos Humanos</ul> <li><a href="http://www.aida-americas.org/templates/aida/uploads/docs/ConclusionesGUIA2008.pdf">CONCLUSIONES</a> <li><a href="http://www.aida-americas.org/templates/aida/uploads/docs/Legislacion_Consultada_GUIA2008.pdf">LEGISLACIÓN CONSULTADA</a> <li><a href="http://www.aida-americas.org/templates/aida/uploads/docs/Jurisprudencia_GUIA2008.pdf">JURISPRUDENCIA DEL SISTEMA INTERAMERICANO DE DERECHOS HUMANOS</a></li></ul></p> ', '', '', NOW(), 1);
INSERT INTO url_alias (src, dst, language) VALUES ('node/182','humanrights_guide2008','en');
INSERT INTO url_alias (src, dst, language) VALUES ('node/1182','humanrights_guide2008','es');
INSERT INTO node
            (nid,            vid,            type,  language,title,             uid, status, created, changed, comment, promote, moderate, sticky, tnid, translate) VALUES
            (183,     183,     'book','en',    'Colombian Court upholds Tribal Peoples’ Right',1,   1,      NOW(),   NOW(), 0,0,0,0,183,0),
            (1183,1183,'book','es',    'Corte Constitucional Colombiana Reitera Obligación',1,   1,      NOW(),   NOW(), 0,0,0,0,183,0);
INSERT INTO book (mlid, nid, bid) VALUES (10328,183,1),(10329,1183,1001);
INSERT INTO node_revisions
              (nid,       vid,       uid, title,              body,             teaser,          log, timestamp,format) VALUES
              (183,183,1,   'Colombian Court upholds Tribal Peoples’ Right', '<p>The <a href="http://www.aida-americas.org/templates/aida/uploads/docs/Scia_LEY_FORESTAL.pdf">Colombian Constitutional Court nullified</a> the 2006 Forest Law because of the lack of prior consultation with indigenous and Afro-Colombian communities, granted in ILO Convention 169. The decision made on January 23rd 2008, is crucial because it reconfirms the obligation of the State to consult with tribal communities regarding administrative and legislative decisions that may affect them. The decision is also final and cannot be appealed. </p> <p>According to the Court, the State should have consulted with the communities prior to approving the 2006 Forest Law because: </p> <p> <ul> <ol> <li>The Forest Law regulates forest issues in general terms, <li>Despite provisions protecting the autonomy of indigenous communities over their lands, the Forest law has provisions that will likely impact areas generally used by the communities, which can also impact their lifestyles and their close relationships with the forests, <li>Considering this, and taking into account that ILO Convention 169 is considered part of the Colombian Constitution, because it is an international treaty that protects human rights, the prior consultation process granted in the Convention should have been implemented, <li>The prior consultation process has special characteristics that were not complied with in this case. This consultation cannot be replaced with the general participatory process that the government implemented regarding the Forest bill, <li>In order to comply with this consultation, the State should have informed the communities about the Forest bill, explained its implications and how it could affect them, and given them opportunities to effectively state their opinions regarding the bill.</li></ol></ul> </p> <p>Download the complete text of the decision <a href="http://www.aida-americas.org/templates/aida/uploads/docs/Scia_LEY_FORESTAL.pdf">here</a>. You can also access the <a href="http://www.aida-americas.org/templates/aida/uploads/docs/COMUNICADO_enero_23_2008_Forestal.doc">official press release (in Spanish)</a> from the Colombian Constitutional Court regarding this decision. </p> <p>In addition to this legal action, another suit against the Forest law was filed, alleging that the law violated Constitutional provisions that protect the environment. However, as a result of the court decision from January 23rd nullifying the entire Forest law, no decision will be made on this second suit. </p> <p>Both of these legal actions were submitted by a group of students and professors from the University of Los Andes Law School in Bogota, with whom AIDA has been working for the last two years.</p> ','', '', NOW(), 1),
              (1183,1183,1,'Corte Constitucional Colombiana Reitera Obligación', '<p>El 23 de enero de 2008 la Corte Constitucional colombiana <a href="http://www.aida-americas.org/templates/aida/uploads/docs/Scia_LEY_FORESTAL.pdf">declaró inconstitucional</a> la Ley Forestal de 2006, por no haberse hecho la consulta previa que ordena el Convenio 169 de la Organización Internacional de Trabajo (OIT). Esta decisión es muy importante por que reitera la necesidad del Estado de consultar con las comunidades indígenas y afrocolombianas las decisiones administrativas y legislativas que puedan afectarlas. Además, es una sentencia final que no puede apelarse. </p> <p>Según la Corte, la consulta debió realizarse por que: </p> <p> <ul> <ol> <li>La ley regula de manera general el tema forestal, <li>A pesar de las medidas de protección de la autonomía de las comunidades sobre sus tierras, la ley en efecto tiene provisiones “susceptibles de afectar las áreas en las que de manera general se encuentran asentadas las comunidades, lo cual a su vez puede repercutir en sus formas de vida y sobre la relación tan estrecha que mantienen con el bosque”, <li>Por lo anterior, y considerando que el Convenio 169 de la OIT se asemeja a la Constitución por ser un tratado internacional de protección de derechos humanos, se debió haber hecho la consulta previa contenida en el Convenio, <li>“Esa consulta, que tiene unas características especiales, no se cumplió en este caso, y la misma no puede sustituirse por el proceso participativo que de manera general se cumplió en torno al proyecto de ley”, <li>“Para que se hubiese cumplido con el requisito de la consulta habría sido necesario, poner en conocimiento de las comunidades el proyecto de ley; ilustrarlas sobre su alcance y sobre la manera como podría afectarlas y darles oportunidades efectivas para que se pronunciaran sobre el mismo”. Como esto no se hizo, la Corte concluyó que la ley es inconstitucional.</li></ol></ul> </p> <p>Puede bajar el texto completo de la decisión <a href="http://www.aida-americas.org/templates/aida/uploads/docs/Scia_LEY_FORESTAL.pdf">aquí.</a> También puede ver el comunicado de prensa oficial de la Corte Constitucional acerca de la sentencia <a href="http://www.aida-americas.org/templates/aida/uploads/docs/COMUNICADO_enero_23_2008_Forestal.doc">aquí.</a></p> <p>Además de esta acción que la Corte decidió, se presentó otra acción de inconstitucionalidad en contra de la Ley Forestal, por violar artículos de la Constitución que protegen el medio ambiente. Sin embargo, esta segunda decisión ya no se va a producir, debido a la declaración total de inconstitucionalidad (anulación) de la ley demanda, por la falta de consulta a las comunidades indígenas y afro-colombianas. </p> <p>Ambas acciones legales fueron presentadas por un grupo de estudiantes y profesores de la facultad de Derecho de la Universidad de Los Andes, Bogotá, con quien AIDA ha venido trabajando por los últimos dos años.</p> ', '', '', NOW(), 1);
INSERT INTO url_alias (src, dst, language) VALUES ('node/183','colombia_tribalrights','en');
INSERT INTO url_alias (src, dst, language) VALUES ('node/1183','colombia_tribalrights','es');
INSERT INTO node
            (nid,            vid,            type,  language,title,             uid, status, created, changed, comment, promote, moderate, sticky, tnid, translate) VALUES
            (184,     184,     'book','en',    'Amicus Curiae',1,   1,      NOW(),   NOW(), 0,0,0,0,184,0),
            (1184,1184,'book','es',    'Amicus',1,   1,      NOW(),   NOW(), 0,0,0,0,184,0);
INSERT INTO book (mlid, nid, bid) VALUES (10330,184,1),(10331,1184,1001);
INSERT INTO node_revisions
              (nid,       vid,       uid, title,              body,             teaser,          log, timestamp,format) VALUES
              (184,184,1,   'Amicus Curiae', '<p><a href="http://www.aida-americas.org/templates/aida/uploads/docs/Press_Release_Amicus_Curiae_La_Parota.doc">Press Release</a> </p> <p><a href="http://www.aida-americas.org/templates/aida/uploads/docs/AMICUS_AMPARO_LA_PAROTA.pdf">Read the <I>amicus curiae </I> (Spanish)</a> </p> <p>AIDA and other international and Mexican organizations submitted a legal brief (<i>Amicus Curiae</i>) to the Collegiate Tribunal of Guerrero in Acapulco in support of a constitutional lawsuit brought by CECOP and the Mexican Center for Environmental Law against the Federal Commission of Electricity (CFE) and other authorities. The lawsuit alleges that the Mexican authorities failed to consult with affected parties and adequately evaluate the environmental impacts of the construction of <a href="/?q=174">La Parota dam</a>. Approval of the hydroelectric project disregards national laws, as well as international human rights and environmental laws, including those that protect the rights to a fair trial and economic, social and environmental rights. Among other things, the project’s major human rights violations are a lack of information provided to those affected by the dam and gaps in the comprehensive environmental impact study, which is designed to evaluate damages the dam will cause, measures to prevent impacts, as well as alternatives to the project. </p> <p>Considering these flaws and the human rights violations of people affected by the La Parota megaproject, we appealed to the Collegiate Tribunal of Guerrero, arguing that it should make use of its power, accept the arguments of the <i>Amicus</i>, and cancel all work related to the construction of the La Parota dam until the Mexican government completely complies with local people’s demands and applicable national and international laws. </p> <p>AIDA will continue pursing this paradigmatic case because it is an example of how infrastructure development can cause severe environmental damages and human rights violations in the hemisphere.</p> ','', '', NOW(), 1),
              (1184,1184,1,'Amicus', '<p><a href="http://www.aida-americas.org/templates/aida/uploads/docs/Bolet_n_Amicus_La_Parota.doc">Boletín de Prensa</a> </p> <p><a href="http://www.aida-americas.org/templates/aida/uploads/docs/AMICUS_AMPARO_LA_PAROTA.pdf">Escrito <I>amicus curiae</I></a> </p> <p>AIDA y organizaciones nacionales e internacionales presentaron el 27 de marzo de 2008 documento de <i>amicus curiae </i> (amigo de la corte) al Tribunal Colegiado de Guerrero en Acapulco (México), apoyando a los demandantes, CECOP y el Centro Mexicano de Derecho Ambiental, en la acción de amparo contra la CFE y otras autoridades en el proyecto de construcción de la presa <a href="/?q=174">La Parota</a>. La aprobación del proyecto además de las normas nacionales, desconoce normas internacionales de derechos humanos y ambientales, incluyendo los derechos de garantía y audiencia, y los derechos económicos, sociales y ambientales, como el derecho a la vivienda, al medio ambiente sano, a la alimentación y a la salud. Dentro de las mayores fallas del proyecto se incluye la falta del estudio de impacto ambiental integral que evalúe los daños que la represa va a causar, las medidas para prevenirlos, así como las posibles alternativas al proyecto. </p> <p> </p> <p>Ante tales inconsistencias y por las violaciones a los derechos humanos de los pobladores afectados por el megaproyecto de La Parota, apelamos al Tribunal Colegiado de Guerrero, para que otorgue el recurso de Amparo para los pobladores, acoja los argumentos del <i>Amicus</i>, y se cancele todo trabajo en la construcción de la presa La Parota, hasta que el Gobierno Mexicano cumpla a cabalidad con la demanda de los pobladores de la zona y las normas nacionales e internacionales aplicables. </p> <p> </p> <p>En AIDA continuaremos haciendo seguimiento a este caso, que además es un ejemplo paradigmático en el hemisferio de una situación en la cual el desarrollo de infraestructura puede causar graves daños ambientales y violaciones a los derechos humanos.</p> ', '', '', NOW(), 1);
INSERT INTO url_alias (src, dst, language) VALUES ('node/184','Amicus_Curiae','en');
INSERT INTO url_alias (src, dst, language) VALUES ('node/1184','Amicus_Curiae','es');
INSERT INTO node
            (nid,            vid,            type,  language,title,             uid, status, created, changed, comment, promote, moderate, sticky, tnid, translate) VALUES
            (185,     185,     'book','en',    'Hydroelectric Project  Baba',1,   1,      NOW(),   NOW(), 0,0,0,0,185,0),
            (1185,1185,'book','es',    'Proyecto Multipropósito Baba',1,   1,      NOW(),   NOW(), 0,0,0,0,185,0);
INSERT INTO book (mlid, nid, bid) VALUES (10332,185,1),(10333,1185,1001);
INSERT INTO node_revisions
              (nid,       vid,       uid, title,              body,             teaser,          log, timestamp,format) VALUES
              (185,185,1,   'Hydroelectric Project  Baba', '<p><a href="http://www.aida-americas.org/templates/aida/uploads/docs/Baba_Press_Release_sp.pdf">Press Release: AIDA supports legal action against Baba Dam</a> </p> <p><a href="http://www.aida-americas.org/templates/aida/uploads/docs/Baba_Amicus_sp.pdf"><i>Amicus Curiae</i> Brief in support of action against Baba Dam</a> </p> <p>The Multipurpose Baba Project (MBP) involves: 1) the construction of a series of dikes and canals, eight kilometers long, which will be used to divert the Baba River towards the Daule-Peripa dam; 2) the construction of a dam that will flood more than 1,000 hectares; and 3) the construction of a forty-two mega watt hydroelectric generating plant at the site of the new dam. The MBP will be located in the waters of the Baba and Taochi Rivers, in the Buena Fe district of the Los Ríos province, between the cities of Quito and Guayaquil. </p> <p>The Ministry of the Environment of Ecuador issued an environmental authorization for the project in November 2006, despite the fact that environmental and social impact studies did not meet national and international standards. The project will affect important forested areas and agricultural lands, seriously impacting the lives of hundreds of people who depend on fishing and agriculture for their livelihoods and subsistence. In addition, the project will seriously harm the habitat of endemic and endangered species, such as different species of rail birds, small deer species, and the Chaleco anteater. </p> <p>The Ministry of Energy and Mines of Ecuador, the General Attorney’s Office, and the Inter-American Development Bank have requested a review of the social and environmental impact studies. In addition, various domestic and international non-governmental organizations have submitted reports and requested suspension of the project. At the moment, the government has not carried out the necessary evaluations, although construction already started. </p> <p>In 2007, <a href="http://www.ecolex-ec.org/">ECOLEX</a>, AIDA’s participating organization in Ecuador, filed a lawsuit (<i>acción de amparo</I>) to protect the constitutionally-upheld rights of the affected persons. This suit was denied by the trial court and ECOLEX subsequently filed a motion for an appeal. To support ECOLEX’s lawsuit, and submit arguments based on international law before the Constitutional Tribunal, AIDA submitted an <a href="http://www.aida-americas.org/templates/aida/uploads/docs/Baba_Amicus_sp.pdf"><i>amicus curiae</i></a> brief to the Tribunal, which was also signed by the international organizations, International Rivers and FIAN. </p> <p>We hope that the Constitutional Tribunal decides this case soon and chooses to effectively protect the rights of affected persons, including their right to a healthy environment.</p> ','', '', NOW(), 1),
              (1185,1185,1,'Proyecto Multipropósito Baba', '<p><a href="http://www.aida-americas.org/templates/aida/uploads/docs/Baba_Press_Release_sp.pdf">Nota de prensa: AIDA apoya acción contra Represa Baba</a> </p> <p><a href="http://www.aida-americas.org/templates/aida/uploads/docs/Baba_Amicus_sp.pdf">Escrito de <i>Amicus curiae</i> apoyando acción contra Represa Baba</a> </p> <p>El Proyecto Multipróposito Baba (en adelante PMB) implica la construcción de una serie de diques y canales de 8 kms de longitud, por los cuales se trasvasará el Río Baba hacia el embalse de Daule-Peripa, así como la construcción de un embalse que inundará más de 1,000 hectáreas y una Central Hidroeléctrica con potencia de 42 MW al final del trasvase. El PMB se ubicaría en las aguas de los ríos Baba y Taochi, en el Cantón Buena Fe de la provincia de los Ríos, entre las ciudades de Quito y Guayaquil. </p> <p>El Ministerio de Medio Ambiente de Ecuador otorgó licencia ambiental al proyecto en noviembre de 2006, a pesar que los estudios de impacto ambiental y sociales no cumplía con los estándares nacionales e internacionales. El proyecto afectará importantes zonas de bosque y tierras de cultivo, impactando seriamente la vida de cientos de personas que dependen de la pesca y la agricultura. Además, se dañará seriamente el hábitat de biodiversidad endémica y en peligro de extinción, como el ave rascón, el venado pequeño y el oso hormiguero de chaleco. </p> <p>El Ministerio de Energía y Minas de Ecuador, la Procuraduría y el Banco Interamericano de Desarrollo han solicitado la revisión de los estudios. Además, varias organizaciones no gubernamentales nacionales e internacionales han presentado informes y solicitado la suspensión del proyecto. Hasta el momento el gobierno no ha implementado las evaluaciones necesarias. </p> <p>En 2007 <a href="http://www.ecolex-ec.org/">ECOLEX</a>, organización participante de AIDA en Ecuador, presentó una acción de amparo constitucional para proteger los derechos de las personas afectadas. Esta acción fue negada en primera instancia, por lo cual interpusieron recurso de apelación. Con el fin de apoyar esta acción y aportar argumentos de derecho internacional ante el Tribunal Constitucional, AIDA presentó un escrito de <a href="http://www.aida-americas.org/templates/aida/uploads/docs/Baba_Amicus_sp.pdf"><i>amicus curiae</i></a>, que fue suscrito también por la organizaciones internacionales International Rivers y FIAN. </p> <p>Esperamos que el Tribunal Constitucional falle muy pronto esta acción y proteja efectivamente los derechos de las personas afectadas, en su mayoría comunidades en situación de vulnerabilidad, así como el derecho al ambiente sano.</p> ', '', '', NOW(), 1);
INSERT INTO url_alias (src, dst, language) VALUES ('node/185','Baba','en');
INSERT INTO url_alias (src, dst, language) VALUES ('node/1185','Baba','es');
INSERT INTO node
            (nid,            vid,            type,  language,title,             uid, status, created, changed, comment, promote, moderate, sticky, tnid, translate) VALUES
            (186,     186,     'book','en',    'Mexico Exotic Species',1,   1,      NOW(),   NOW(), 0,0,0,0,186,0),
            (1186,1186,'book','es',    'México Especies Exóticas',1,   1,      NOW(),   NOW(), 0,0,0,0,186,0);
INSERT INTO book (mlid, nid, bid) VALUES (10334,186,1),(10335,1186,1001);
INSERT INTO node_revisions
              (nid,       vid,       uid, title,              body,             teaser,          log, timestamp,format) VALUES
              (186,186,1,   'Mexico Exotic Species', '<p><a href="http://www.aida-americas.org/email/updates/2008_04.html"><b>Thanks to the efforts of AIDA, CEMDA, and Grupo Isla, on March 4th, 2008, the Mexican environmental authority denied an operating permit for an aquaculture project cultivating an exotic species in southern Baja California, Mexico!</B></a> The environmental authority, SEMARNAT, based its <a href="http://www.aida-americas.org/templates/aida/uploads/docs/baja_decision.pdf"><b>decision</b></a> on multiple errors found in the Environmental Impact Statement submitted by the company, Biotecnología Marina de México, S.A de C.V, and on violations of principles of international environmental law presented by AIDA and others. </p> <p>In August 2007, the company had requested authorization from SEMARNAT for a Gilthead Bream (<i>Sparus aurata</i>) aquaculture project in Bahía de la Paz (southern Baja California, Mexico). Shortly afterwards, the local organization, <a href="http://www.isla.org.mx/"><b> "Grupo Isla,"</b></a> joined with <a href="http://www.cemda.org.mx/"><b> CEMDA,</b></a> our participating organization, to request a public consultation with the environmental authority in order to submit views on the project, in light of its potential environmental damages. </p> <p>AIDA participated in this public meeting, along with scientists, non-governmental organizations, business owners, and environmental authorities. We presented <a href="http://www.aida-americas.org/templates/aida/uploads/docs/baja_legal_arguments.pdf"><b>legal arguments</b></a> based on international law explaining why the permit should be denied. Specifically, we emphasized the potential environmental impacts of the project and discussed how the plant’s use of an exotic species violated the Convention on Biological Diversity, the Convention on the Law of the Sea, and the Code of Conduct of the Food and Agriculture Organization of the United Nations for Responsible Fisheries, among other international laws. </p> <p>As an exotic species, the introduction of the Gilthead Bream posed serious risks to marine ecosystems in the area. The fish would have preyed on native species and competed with them for food. It also would have spread invasively because of its excellent capacity to adapt and reproduce in any environment in which it lives. These occurrences would have displaced native species, increased the risk of disease transmission from captive fish to native species, and in the long-term, caused deterioration and imbalances in the natural habitats of the Gulf of California. </p> <p>We applaud SEMARNAT’s decision to create an important regional precedent and to support international environmental law. We are also pleased that the authority chose to implement the precautionary principle as well as measures to prevent and control environmental damages from aquaculture projects. To read more about the potential impacts and legal violations associated with this aquaculture project, please see <a href="http://www.aida-americas.org/templates/aida/uploads/docs/baja_legal_arguments.pdf"><b>AIDA’s report</b></a> (available in Spanish).</p> ','', '', NOW(), 1),
              (1186,1186,1,'México Especies Exóticas', '<p><a href="http://www.aida-americas.org/email/updates/2008_04.html"<b>En agosto del 2007, la empresa Biotecnología Marina de México, S.A de C.V, solicitó a la Secretaría de Medio Ambiente y Recursos Naturales (SEMARNAT), una Manifestación de Impacto Ambiental (MIA) para que se le autorizara el desarrollo de un proyecto de acuicultura de pargo dorado (<i>Sparus aurata</i>), en la Bahía de La Paz (Baja California Sur, México).</b></a> Días después, la organización no-gubernamental (ONG) local <a href="http://www.isla.org.mx/"><b> "Grupo Isla",</b></a> con el apoyo del <a href="http://www.cemda.org.mx/"><b> CEMDA,</b></a> solicitó a la autoridad la celebración de una reunión de consulta pública para aportar desde la sociedad civil opiniones respecto del proyecto, dados los potenciales daños al ambiente que éste implicaba. </p> <p> AIDA participó en esta reunión, junto a científicos, ONGs, empresarios y autoridades ambientales, y <a href="http://www.aida-americas.org/templates/aida/uploads/docs/baja_legal_arguments.pdf"><b>presentó argumentos jurídicos internacionales</b></a> que justificaban la necesidad de denegar el permiso. En particular, hicimos énfasis respecto de los potenciales impactos ambientales del proyecto y detallamos las violaciones a la Convención sobre Diversidad Biológica, la Convención sobre el Derecho del Mar y el Código de Conducta de la Organización de las Naciones Unidas para la Agricultura y la Alimentación para la Pesca Responsable, entre otros. </p> <p> Este proyecto implicaba serios riesgos para el ecosistema por la introducción de esta especie, autóctona del Mar Mediterráneo y exótica en la Bahía de La Paz, que al tratarse de un depredador para otras especies nativas tiene carácter invasor, es competidora por el alimento con especies nativas y tiene una gran capacidad de adaptación y de reproducción en cualquier medio en el que habite. Todo ello implicaba serios impactos ambientales negativos para los ecosistemas marinos de la zona, por el desplazamiento de especies nativas, posible transmisión de enfermedades, y a largo plazo, deterioro y desequilibrio de los hábitats naturales del Golfo de California. </p> <p> Felizmente, el 4 de marzo de 2008, <a href="http://www.aida-americas.org/templates/aida/uploads/docs/baja_decision.pdf"><b>SEMARNAT negó el permiso</b></a> al citado proyecto basando su decisión en los múltiples errores encontrados en la MIA y en las violaciones a los principios de derecho ambiental internacional presentados por AIDA. Aplaudimos la decisión de SEMARNAT al crear un importante precedente regional, y acoger el derecho ambiental internacional e implementar el principio de precaución y medidas preventivas y de control en proyectos de acuicultura. Para leer sobre los potenciales impactos y violaciones del proyecto, <a href="http://www.aida-americas.org/templates/aida/uploads/docs/baja_legal_arguments.pdf"><b>por favor refiérase al informe de AIDA</b></a>.</p> ', '', '', NOW(), 1);
INSERT INTO url_alias (src, dst, language) VALUES ('node/186','baja.permit','en');
INSERT INTO url_alias (src, dst, language) VALUES ('node/1186','baja.permit','es');
INSERT INTO node
            (nid,            vid,            type,  language,title,             uid, status, created, changed, comment, promote, moderate, sticky, tnid, translate) VALUES
            (187,     187,     'book','en',    'Crucitas Mining Project',1,   1,      NOW(),   NOW(), 0,0,0,0,187,0),
            (1187,1187,'book','es',    'Proyecto Minero Crucitas',1,   1,      NOW(),   NOW(), 0,0,0,0,187,0);
INSERT INTO book (mlid, nid, bid) VALUES (10336,187,1),(10337,1187,1001);
INSERT INTO node_revisions
              (nid,       vid,       uid, title,              body,             teaser,          log, timestamp,format) VALUES
              (187,187,1,   'Crucitas Mining Project', '<p><b>On August 19th, 2008, <a href="http://www.aida-americas.org/templates/aida/uploads/docs/CARTACRUCITASen.pdf">AIDA requested that the Costa Rican Government</a> reconsider the mining license granted to the Crucitas Mining Project (PMC, Proyecto Minero Crucitas), and suspend the project </b> until its proponent and the government have met <a href="http://www.aida-americas.org/templates/aida/uploads/docs/Requests_Crucitas.pdf">the conditions necessary</a> to prevent serious and irreversible harm to the environment, and adverse health impacts on local peoples. Unfortunately, <a href="http://www.aida-americas.org/templates/aida/uploads/docs/RespuestaCrucitas.pdf">the government has not acknowledged our concerns</a> and has refused to suspend the project’s license, despite its potentially grave impacts. </p> <p><a href="http://www.vannessaventures.com/s/Crucitas.asp">Infinito Gold, Inc.</a>, the proponent of the Crucitas Project, aims to create an 85-foot deep open-pit gold mine <a href="http://www.aida-americas.org/templates/aida/uploads/docs/ANEXO2CRUCITAS.pdf">less than 10 km from the San Juan River</a> and highly biodiverse rainforests along the Nicaraguan border. According to available information, the mine will destroy over 300 hectares of primary and secondary forests, and <a href="http://www.aida-americas.org/templates/aida/uploads/docs/ANEXO1CRUCITAS.pdf">potentially contaminate the surrounding environment</a> with highly toxic chemicals such as cyanide – blatantly violating international environmental rights. </p> <p>The mine will likely cause <a href="http://www.aida-americas.org/templates/aida/uploads/docs/ANEXO1CRUCITAS.pdf">considerable adverse social and economic impacts as well</a>. Preliminary studies have found evidence that the project has already contaminated nearby water sources. Additionally, the two main sources of income in the area - sport fishing and tourism – depend entirely on the region’s natural environment. If the PMC contaminates the San Juan River and devastates scenic forested areas, this could reduce fishing harvests and tourism in the thirty-two communities alongside the river, seriously impacting the quality of life for local inhabitants. </p> <p>For these reasons, AIDA is asking the Costa Rican government to suspend the mining license granted to Infinito Gold until authorities are completely certain that the company will prevent all possible harm to the environment and human health. </p> <p><b>Your support for AIDA’s petition is very important. Please <a href="http://www.aida-americas.org/templates/aida/uploads/docs/CrucitasLetter_2.doc">send a letter</a> to prensa@minae.go.cr and desp_min@rree.go.cr requesting that the Costa Rican Ministers of the Environment and Foreign Affairs reconsider the environmental authorization granted to the Crucitas Project. </b> Also, please forward this information to your colleagues and friends, so that together, we can protect the San Juan River and nearby communities.</p> ','', '', NOW(), 1),
              (1187,1187,1,'Proyecto Minero Crucitas', '<p><b>El 19 de agosto de 2008, AIDA <a href="http://www.aida-americas.org/templates/aida/uploads/docs/CARTACRUCITAS.pdf">solicitó al Gobierno de Costa Rica</a> que reconsidere la autorización otorgada al Proyecto Minero Crucitas (PMC) y detenga su desarrollo</b>, hasta que se hayan cumplido las <a href="http://www.aida-americas.org/templates/aida/uploads/docs/Puntos_que_AIDA_solicita.pdf">condiciones necesarias</a> para evitar el riesgo de daños ambientales graves e irreversibles, y la afectación en la salud de las personas de la región. Desafortunadamente, <a href="http://www.aida-americas.org/templates/aida/uploads/docs/RespuestaCrucitas.pdf">las respuestas del Gobierno</a> han sido contrarias a nuestras peticiones y, a pesar de los potenciales y serios impactos que este proyecto puede causar, hasta el momento este permiso ambiental no será suspendido. </p> <p>El Proyecto Minero Crucitas pretende excavar una mina de oro a cielo abierto <a href="http://www.aida-americas.org/templates/aida/uploads/docs/ANEXO2CRUCITAS.pdf">a menos de diez kilómetros del Río San Juan y de la frontera con Nicaragua.</a> De acuerdo con la información existente, el PMC explotará más de trescientas hectáreas de bosque primario y secundario, amenazando con contaminar el <a href="http://www.aida-americas.org/templates/aida/uploads/docs/ANEXO1CRUCITAS.pdf">medio ambiente de la zona debido al uso y vertimiento de sustancias altamente tóxicas como cianuro, desconociendo el derecho ambiental internacional. Además, creará impactos sociales adversos considerables.</a> </p> <p>Los dueños del proyecto, <a href="http://www.vannessaventures.com/s/Crucitas.asp">Infinito Gold, Inc.</a>, esperan explotar un millón de onzas de oro de un tajo a cielo abierto de 85 metros de profundidad. La autorización del proyecto no consideró medidas de protección ambiental verdaderamente estrictas, por lo cual el proyecto puede generar impactos severos en el Río San Juan, conocido por su rica biodiversidad de bosque lluvioso. Asimismo, al ser la pesca deportiva y el turismo las dos fuentes primordiales de ingresos de los habitantes de la zona, lo más probable es que el PMC afectaría su calidad de vida, particularmente en 32 comunidades aledañas al San Juan, por la reducción y destrucción del potencial pesquero y la alteración paisajística causada por el proyecto. </p> <p> </p> <p>Por todo lo anterior, AIDA solicita al gobierno de Costa Rica a que suspenda <a href="http://aida-americas.org/templates/aida/uploads/docs/Decreto_PMC.pdf">los permisos otorgados</a> a Infinito Gold, hasta que se tenga la total certeza de que se van a evitar los potenciales daños ambientales y a la salud de las personas en esa región. </p> <p><b>Su apoyo para esta petición es muy importante. Así que por favor, <a href="http://www.aida-americas.org/templates/aida/uploads/docs/MODELOCARTA.doc">envíe un correo electrónico</a> a prensa@minae.go.cr y desp_min@rree.go.cr, solicitando a los ministros de ambiente y relaciones exteriores de Costa Rica que reconsideren la viabilidad ambiental otorgada al proyecto Crucitas.</b> Además, reenvíe esta información a sus colegas y amigos, para que también puedan unirse en la protección del Río San Juan.</p> ', '', '', NOW(), 1);
INSERT INTO url_alias (src, dst, language) VALUES ('node/187','Crucitas','en');
INSERT INTO url_alias (src, dst, language) VALUES ('node/1187','Crucitas','es');
INSERT INTO node
            (nid,            vid,            type,  language,title,             uid, status, created, changed, comment, promote, moderate, sticky, tnid, translate) VALUES
            (188,     188,     'book','en',    'Communications internship/volunteer opportunity',1,   1,      NOW(),   NOW(), 0,0,0,0,188,0),
            (1188,1188,'book','es',    'Pasantía en comunicación y oportunidad de voluntariado',1,   1,      NOW(),   NOW(), 0,0,0,0,188,0);
INSERT INTO book (mlid, nid, bid) VALUES (10338,188,1),(10339,1188,1001);
INSERT INTO node_revisions
              (nid,       vid,       uid, title,              body,             teaser,          log, timestamp,format) VALUES
              (188,188,1,   'Communications internship/volunteer opportunity', '<p>AIDA - The Interamerican Association for Environmental Defense - is looking for volunteers and interns able to help the organization develop and implement our new communications strategy. Projects will depend on experience, but could include: developing strategies for the effective use of electronic media outlets such as blogs, list servers, Wikipedia and Facebook; writing materials and designing pages for our new website; journalism projects such as creating press releases or one of our monthly updates; expanding our database of specialized journalist; and identifying Latin American media outlets. Spanish comprehension is not necessary but would be helpful for some projects. </p> <p>AIDA is an international environmental law organization that strengthens people’s ability to guarantee their individual and collective right to a healthy environment, via the development, implementation, and effective enforcement of national and international law. We work on issues related to the protection of marine and freshwater resources, global warming, and human rights violations that stem from environmental harms. AIDA works with the Earthjustice International office in downtown Oakland. For more information about the organization and its work please visit: www.aida-americas.org or www.earthjustice.org.</p> <p>Interested students can contact AIDA co-director Anna Cederstav at acederstav@earthjustice.org or 510-550-6700.</p> ','', '', NOW(), 1),
              (1188,1188,1,'Pasantía en comunicación y oportunidad de voluntariado', '<p>La Asociación Interamericana para la Defensa del Ambiente (AIDA) está solicitando voluntarios e internos que puedan ayudar a la organización a desarrollar e implementar nuestra nueva estrategia de comunicación. Los proyectos dependerán de la experiencia, pero pueden incluir: el desarrollo de estrategias para el uso efectivo de medios electrónicos de difusión como blogs, listas de correo electrónico, Wikipedia y Facebook; la redacción de textos y diseño de páginas para nuestro sitio de Internet; proyectos de periodismo como la creación de boletines de prensa o una de nuestras actualizaciones mensuales; la expansión de nuestra base de datos de periodistas especializados; y la identificación de medios de difusión latinoamericanos. La comprensión del inglés no es necesaria, pero será útil en algunos proyectos. </p> <p>AIDA es una ONG legal ambiental hemisférica que trabaja para fortalecer la capacidad de las personas para garantizar su derecho individual y colectivo a un ambiente sano por medio del desarrollo, aplicación y cumplimiento efectivo de la legislación nacional e internacional. Trabajamos en aspectos relacionados con la protección de los recursos marinos y recursos de agua dulce, el calentamiento global y las violaciones a los derechos humanos que provienen de daños al medio ambiente. AIDA trabaja con la oficina de Earthjustice International en el centro de Oakland. Para más información sobre la organización y su trabajo, por favor visite: www.aida-americas.org o www.earthjustice.org. </p> <p>Estudiantes interesados pueden contactar a la codirectora de AIDA, Anna Cederstav en el correo electrónico acederstav@earthjustice.org o el teléfono 510-550-6700.</p> ', '', '', NOW(), 1);
INSERT INTO url_alias (src, dst, language) VALUES ('node/188','CommIntern','en');
INSERT INTO url_alias (src, dst, language) VALUES ('node/1188','CommIntern','es');
INSERT INTO node
            (nid,            vid,            type,  language,title,             uid, status, created, changed, comment, promote, moderate, sticky, tnid, translate) VALUES
            (189,     189,     'book','en',    'AIDA is looking for lawyer in Mexico',1,   1,      NOW(),   NOW(), 0,0,0,0,189,0),
            (1189,1189,'book','es',    'Convocatoria de AIDA',1,   1,      NOW(),   NOW(), 0,0,0,0,189,0);
INSERT INTO book (mlid, nid, bid) VALUES (10340,189,1),(10341,1189,1001);
INSERT INTO node_revisions
              (nid,       vid,       uid, title,              body,             teaser,          log, timestamp,format) VALUES
              (189,189,1,   'AIDA is looking for lawyer in Mexico', '<p><b>Description:</b> The Interamerican Association for Environmental Defense, AIDA, is looking for a lawyer to work from our office in Mexico, D.F. This person will work full-time researching and developing cases and projects related to our strategic themes (marine biodiversity and coastal protection; human rights and environment; freshwater and the right to water; environmental governance and public participation; and climate change). Specifically, the lawyer will collaborate with AIDA’s lawyers in evaluating environmental policies and legislation in the Americas, writing reports, and implementing legal strategies. The person will also be responsible for related administrative tasks including, but not limited to, the preparation and submission of reports and website materials. </p> <p><b>Qualifications:</b> A law degree and at least two years of professional work experience, preferably in environmental law and/or international law. The ideal candidate will also have excellent writing skills, advanced English communication skills, and the ability to work well in a team and independently. </p> <p><b>Description of the Organization:</b> AIDA is an international non-governmental organization whose mission is to strengthen people’s ability to guarantee their individual and collective right to a healthy environment, via the development, implementation, and effective enforcement of national and international law. We work with eight participating organizations from different countries in the hemisphere, as well as with other colleagues and organizations elsewhere. </p> <p><b>Application process:</b> To apply for this position, please submit as soon as possible: a letter of interest, a résumé with references, and two short writing samples (preferably one in English and one in Spanish) to Astrid Puentes at the email indicated below. </p> <p><b>Salary:</b> To be determined according to professional experience. </p> <p><i>AIDA maintains a policy of providing equal opportunity to all qualified persons and reaffirms its commitment that there shall be no discrimination against qualified applicants, employees or volunteers on the basis of age, ancestry, color, creed, disability, marital status, medical condition, national origin, race, sex, sexual orientation or veteran’s status.</i> </p> <p> <ul><b>Contact Information:</b> <br />Atlixco 138, Colonia Condesa <br />México D.F., C.P. 06140 <br />E-Mail: apuentes@aida-americas.org <br />Website: www.aida-americas.org </ul></p> ','', '', NOW(), 1),
              (1189,1189,1,'Convocatoria de AIDA', '<p><b>Descripción:</b> La Asociación Interamericana para la Defensa del Ambiente, AIDA, está buscando un/a Abogado/a para trabajar en México, D.F. Esta persona trabajará tiempo completo en la investigación y desarrollo de casos y proyectos relacionados con nuestras líneas estratégicas (biodiversidad marina y protección costera; derechos humanos y ambiente; agua dulce y derecho al agua; gobernanza ambiental y participación ciudadana; y cambio climático). En particular, colaborará con los y las abogadas de AIDA en la evaluación de la política y legislación ambiental en las Américas, la redacción de informes e implementación de estrategias legales. Así mismo, colaborará con algunas tareas administrativas como preparación y presentación de informes, documentos de Internet, entre otros. </p> <p><b>Perfil:</b> Abogado/a titulado/a con dos años de experiencia, preferiblemente en derecho ambiental y derecho internacional, excelentes habilidades de redacción y nivel de inglés avanzado. Capacidad para trabajar en equipo y de forma independiente. </p> <p><b>Organización:</b> AIDA es una organización no gubernamental internacional con la misión de fortalecer la capacidad de las personas para garantizar su derecho individual y colectivo a un ambiente sano por medio del desarrollo, aplicación y cumplimiento efectivo de la legislación nacional e internacional. Trabajamos coordinadamente con ocho organizaciones participantes en diferentes países del hemisferio y con colegas y organizaciones de diferentes sitios. </p> <p><b>Aplicación:</b> Para aplicar, por favor enviar lo antes posible, una carta de presentación e interés, un currículum vital, con referencias y un escrito corto (puede ser un extracto de un escrito, preferiblemente si puede enviar uno en español y otro en inglés) a Astrid Puentes, al correo electrónico indicado abajo. </p> <p><b>Honorarios:</b> A discutir de acuerdo con la experiencia profesional. </p> <p><i>Es política de AIDA el proveer oportunidades a todas las personas calificadas, por lo cual no habrá discriminación de solicitantes o nuestro personal calificado, basada en edad, ascendencia, color, credo, invalidez, estado civil, condición médica, origen nacional, raza, sexo, orientación sexual o ningún otro tipo.</i> </p> <p> <ul><b>Ubicación:</b> <br />Atlixco 138, Colonia Condesa <br />México D.F., C.P. 06140 <br />E-Mail: apuentes@aida-americas.org <br />Website: www.aida-americas.org </ul></p> ', '', '', NOW(), 1);
INSERT INTO url_alias (src, dst, language) VALUES ('node/189','lawyer','en');
INSERT INTO url_alias (src, dst, language) VALUES ('node/1189','lawyer','es');
INSERT INTO node
            (nid,            vid,            type,  language,title,             uid, status, created, changed, comment, promote, moderate, sticky, tnid, translate) VALUES
            (190,     190,     'book','en',    'La Oroya Subscribe',1,   1,      NOW(),   NOW(), 0,0,0,0,190,0),
            (1190,1190,'book','es',    '',1,   1,      NOW(),   NOW(), 0,0,0,0,190,0);
INSERT INTO book (mlid, nid, bid) VALUES (10342,190,1),(10343,1190,1001);
INSERT INTO node_revisions
              (nid,       vid,       uid, title,              body,             teaser,          log, timestamp,format) VALUES
              (190,190,1,   'La Oroya Subscribe', '<p><head> </p> <p><meta name="description" content="Subscribe to receive news from AIDA on La Oroya"> </p> <p><meta name="keywords" content="La Oroya, Doe Run, Smelter, AIDA, heavy metal, sulfur dioxide, emissions, lead poisoning, La Oroya Cannot Wait, Peruvian Ministry of Health"> </p> <p><title>AIDA La Oroya Subscribe</title> </p> <p></head> </p> <p>Are you interested in hearing about the latest developments in AIDA’s work on La Oroya? Sign up now to stay informed! </p> <p><form name="subscribeForm" action="http://en.groundspring.org/EmailNow/pub.php?module=WebSignup&cmd=subscribe" method="POST"> </p> <p><input type="hidden" value="fdfqyprretdqwyds,wwtwstpeysffeget" name="listIds" /> </p> <p><input type="hidden" value="http://www.aida-americas.org/aida.php" name="gotoUrl" /> </p> <p><input type="hidden" value="Click here to return to AIDA\'s home page." name="gotoText" /> </p> <p><input type="hidden" value="yesRequired" name="status_firstName" /> </p> <p><input type="hidden" value="yesRequired" name="status_lastName" /> </p> <p><input type="hidden" value="yesOptional" name="status_street1" /> </p> <p><input type="hidden" value="yesOptional" name="status_street2" /> </p> <p><input type="hidden" value="yesOptional" name="status_city" /> </p> <p><input type="hidden" value="yesOptional" name="status_state" /> </p> <p><input type="hidden" value="yesOptional" name="status_zipcode" /> </p> <p><input type="hidden" value="yesOptional" name="status_country" /> </p> <p><input type="hidden" value="no" name="status_b_city" /> </p> <p><input type="hidden" value="no" name="status_b_code" /> </p> <p><input type="hidden" value="no" name="status_b_country" /> </p> <p><input type="hidden" value="no" name="status_b_state" /> </p> <p><input type="hidden" value="no" name="status_b_street" /> </p> <p><input type="hidden" value="no" name="status_b_street2" /> </p> <p><input type="hidden" value="no" name="status_b_telephone" /> </p> <p><input type="hidden" value="yesOptional" name="status_company" /> </p> <p><input type="hidden" value="no" name="status_job_title" /> </p> <p><input type="hidden" value="no" name="status_relationship" /> </p> <p><input type="hidden" value="no" name="status_telephone" /> </p> <p><input type="hidden" value="no" name="status_web" /> </p> <p><table border="0"><tr><td>Email Address:</td><td><input name="email" type="text" /> *</td></tr><tr><td>Subscribe to:</td><td><input name="listSelect_223213" type="checkbox" value="1" id="qf_0a26ea" checked="checked" /> La Oroya News</td></tr><tr><td>&nbsp;</td><td><input name="listSelect_96904" type="checkbox" value="2" id="qf_c1da92" /> AIDA Monthly Updates</td></tr><tr><td colspan="2">&nbsp;</td></tr><tr><td>First Name:</td><td><input type="text" name="firstName" /> *</td></tr><tr><td>Last Name:</td><td><input type="text" name="lastName" /> *</td></tr><tr><td>Street 1:</td><td><input type="text" name="street1" /></td></tr><tr><td>Street 2:</td><td><input type="text" name="street2" /></td></tr><tr><td>City:</td><td><input type="text" name="city" /></td></tr><tr><td>State:</td><td><select name="state"> <option value="">Select</option> <option value="AK">Alaska</option> <option value="AL">Alabama</option> <option value="AZ">Arizona</option> <option value="AR">Arkansas</option> <option value="CA">California</option> <option value="CO">Colorado</option> <option value="CT">Connecticut</option> <option value="DE">Delaware</option> <option value="FL">Florida</option> <option value="GA">Georgia</option> <option value="HI">Hawaii</option> <option value="ID">Idaho</option> <option value="IL">Illinois</option> <option value="IN">Indiana</option> <option value="IA">Iowa</option> <option value="KS">Kansas</option> <option value="KY">Kentucky</option> <option value="LA">Louisiana</option> <option value="ME">Maine</option> <option value="MD">Maryland</option> <option value="MA">Massachusetts</option> <option value="MI">Michigan</option> <option value="MN">Minnesota</option> <option value="MS">Mississippi</option> <option value="MO">Missouri</option> <option value="MT">Montana</option> <option value="NE">Nebraska</option> <option value="NV">Nevada</option> <option value="NH">New Hampshire</option> <option value="NJ">New Jersey</option> <option value="NM">New Mexico</option> <option value="NY">New York</option> <option value="NC">North Carolina</option> <option value="ND">North Dakota</option> <option value="OH">Ohio</option> <option value="OK">Oklahoma</option> <option value="OR">Oregon</option> <option value="PA">Pennsylvania</option> <option value="RI">Rhode Island</option> <option value="SC">South Carolina</option> <option value="SD">South Dakota</option> <option value="TN">Tennessee</option> <option value="TX">Texas</option> <option value="UT">Utah</option> <option value="VT">Vermont</option> <option value="VA">Virginia</option> <option value="WA">Washington</option> <option value="WV">West Virginia</option> <option value="WI">Wisconsin</option> <option value="WY">Wyoming</option> <option value="DC">Washington DC</option> <option value="GU">Guam</option> <option value="PR">Puerto Rico</option> <option value="VI">Virgin Islands</option> </select></td></tr><tr><td>Zip Code / Postal Code:</td><td><input type="text" name="zipcode" /></td></tr><tr><td>Country:</td><td><select name="country"> <option value="">Select</option> <option value="AF">Afghanistan</option> <option value="AL">Albania</option> <option value="DZ">Algeria</option> <option value="AS">American Samoa</option> <option value="AD">Andorra</option> <option value="AO">Angola</option> <option value="AI">Anguilla</option> <option value="AQ">Antarctica</option> <option value="AG">Antigua and Barbuda</option> <option value="AR">Argentina</option> <option value="AM">Armenia</option> <option value="AW">Aruba</option> <option value="AU">Australia</option> <option value="AT">Austria</option> <option value="AZ">Azerbaijan</option> <option value="BS">Bahamas, The</option> <option value="BH">Bahrain</option> <option value="BD">Bangladesh</option> <option value="BB">Barbados</option> <option value="BY">Belarus</option> <option value="BE">Belgium</option> <option value="BZ">Belize</option> <option value="BJ">Benin</option> <option value="BM">Bermuda</option> <option value="BT">Bhutan</option> <option value="BO">Bolivia</option> <option value="BA">Bosnia and Herzegovina</option> <option value="BW">Botswana</option> <option value="BV">Bouvet Island</option> <option value="BR">Brazil</option> <option value="IO">British Indian Ocean Territory</option> <option value="VG">British Virgin Islands</option> <option value="BN">Brunei Darussalam</option> <option value="BG">Bulgaria</option> <option value="BF">Burkina Faso</option> <option value="MM">Burma</option> <option value="BI">Burundi</option> <option value="KH">Cambodia</option> <option value="CM">Cameroon</option> <option value="CA">Canada</option> <option value="CV">Cape Verde</option> <option value="KY">Cayman Islands</option> <option value="CF">Congo, Republic of the</option> <option value="TD">Chad</option> <option value="CL">Chile</option> <option value="CN">China</option> <option value="CX">Christmas Island</option> <option value="CC">Cocos (Keeling) Islands</option> <option value="CO">Colombia</option> <option value="KM">Comoros</option> <option value="CG">Congo, Democratic Republic of the</option> <option value="CK">Cook Islands</option> <option value="CR">Costa Rica</option> <option value="CI">Cote d\'Ivoire</option> <option value="HR">Croatia</option> <option value="CU">Cuba</option> <option value="CY">Cyprus</option> <option value="CZ">Czech Republic</option> <option value="DK">Denmark</option> <option value="DJ">Djibouti</option> <option value="DM">Dominica</option> <option value="DO">Dominican Republic</option> <option value="TP">East Timor</option> <option value="EC">Ecuador</option> <option value="EG">Egypt</option> <option value="SV">El Salvador</option> <option value="GQ">Equatorial Guinea</option> <option value="ER">Eritrea</option> <option value="EE">Estonia</option> <option value="ET">Ethiopia</option> <option value="EU">European Union</option> <option value="FK">Falkland Islands (Islas Malvinas)</option> <option value="FO">Faroe Islands</option> <option value="FJ">Fiji</option> <option value="FI">Finland</option> <option value="FR">France</option> <option value="GF">French Guiana</option> <option value="PF">French Polynesia</option> <option value="TF">French Southern and Antarctic Lands</option> <option value="GA">Gabon</option> <option value="GM">Gambia</option> <option value="GE">Georgia</option> <option value="DE">Germany</option> <option value="GH">Ghana</option> <option value="GI">Gibraltar</option> <option value="GR">Greece</option> <option value="GL">Greenland</option> <option value="GD">Grenada</option> <option value="GP">Guadeloupe</option> <option value="GU">Guam</option> <option value="GT">Guatemala</option> <option value="GN">Guinea</option> <option value="GW">Guinea-Bissau</option> <option value="GY">Guyana</option> <option value="HT">Haiti</option> <option value="HM">Heard Island and McDonald Islands</option> <option value="VA">Holy See (Vatican City)</option> <option value="HN">Honduras</option> <option value="HK">Hong Kong (SAR)</option> <option value="HU">Hungary</option> <option value="IS">Iceland</option> <option value="IN">India</option> <option value="ID">Indonesia</option> <option value="IR">Iran</option> <option value="IQ">Iraq</option> <option value="IE">Ireland</option> <option value="IL">Israel</option> <option value="IT">Italy</option> <option value="JM">Jamaica</option> <option value="JP">Japan</option> <option value="JO">Jordan</option> <option value="KZ">Kazakhstan</option> <option value="KE">Kenya</option> <option value="KI">Kiribati</option> <option value="KP">Korea, North</option> <option value="KR">Korea, South</option> <option value="KW">Kuwait</option> <option value="KG">Kyrgyzstan</option> <option value="LA">Laos</option> <option value="LV">Latvia</option> <option value="LB">Lebanon</option> <option value="LS">Lesotho</option> <option value="LR">Liberia</option> <option value="LY">Libya</option> <option value="LI">Liechtenstein</option> <option value="LT">Lithuania</option> <option value="LU">Luxembourg</option> <option value="MO">Macao</option> <option value="MK">Macedonia, The Former Yugoslav Republic of</option> <option value="MG">Madagascar</option> <option value="MW">Malawi</option> <option value="MY">Malaysia</option> <option value="MV">Maldives</option> <option value="ML">Mali</option> <option value="MT">Malta</option> <option value="MH">Marshall Islands</option> <option value="MQ">Martinique</option> <option value="MR">Mauritania</option> <option value="MU">Mauritius</option> <option value="YT">Mayotte</option> <option value="MX">Mexico</option> <option value="FM">Micronesia, Federated States of</option> <option value="MD">Moldova</option> <option value="MC">Monaco</option> <option value="MN">Mongolia</option> <option value="MS">Montserrat</option> <option value="MA">Morocco</option> <option value="MZ">Mozambique</option> <option value="NA">Namibia</option> <option value="NR">Nauru</option> <option value="NP">Nepal</option> <option value="AN">Netherlands Antilles</option> <option value="NL">Netherlands</option> <option value="NC">New Caledonia</option> <option value="NZ">New Zealand</option> <option value="NI">Nicaragua</option> <option value="NE">Niger</option> <option value="NG">Nigeria</option> <option value="NU">Niue</option> <option value="NF">Norfolk Island</option> <option value="MP">Northern Mariana Islands</option> <option value="NO">Norway</option> <option value="OM">Oman</option> <option value="PK">Pakistan</option> <option value="PW">Palau</option> <option value="PS">Palestinian Territory, Occupied</option> <option value="PA">Panama</option> <option value="PG">Papua New Guinea</option> <option value="PY">Paraguay</option> <option value="PE">Peru</option> <option value="PH">Philippines</option> <option value="PN">Pitcairn Islands</option> <option value="PL">Poland</option> <option value="PT">Portugal</option> <option value="PR">Puerto Rico</option> <option value="QA">Qatar</option> <option value="RO">Romania</option> <option value="RU">Russian Federation</option> <option value="RW">Rwanda</option> <option value="RE">Réunion</option> <option value="SH">Saint Helena</option> <option value="KN">Saint Kitts and Nevis</option> <option value="LC">Saint Lucia</option> <option value="PM">Saint Pierre and Miquelon</option> <option value="VC">Saint Vincent and the Grenadines</option> <option value="WS">Samoa</option> <option value="SM">San Marino</option> <option value="SA">Saudi Arabia</option> <option value="SN">Senegal</option> <option value="SC">Seychelles</option> <option value="SL">Sierra Leone</option> <option value="SG">Singapore</option> <option value="SK">Slovakia</option> <option value="SI">Slovenia</option> <option value="SB">Solomon Islands</option> <option value="SO">Somalia</option> <option value="ZA">South Africa</option> <option value="GS">South Georgia and the South Sandwich Islands</option> <option value="ES">Spain</option> <option value="LK">Sri Lanka</option> <option value="SD">Sudan</option> <option value="SR">Suriname</option> <option value="SJ">Svalbard</option> <option value="SZ">Swaziland</option> <option value="SE">Sweden</option> <option value="CH">Switzerland</option> <option value="SY">Syria</option> <option value="ST">São Tomé and Príncipe</option> <option value="TW">Taiwan</option> <option value="TJ">Tajikistan</option> <option value="TZ">Tanzania</option> <option value="TH">Thailand</option> <option value="TG">Togo</option> <option value="TK">Tokelau</option> <option value="TO">Tonga</option> <option value="TT">Trinidad and Tobago</option> <option value="TN">Tunisia</option> <option value="TR">Turkey</option> <option value="TM">Turkmenistan</option> <option value="TC">Turks and Caicos Islands</option> <option value="TV">Tuvalu</option> <option value="UG">Uganda</option> <option value="UA">Ukraine</option> <option value="AE">United Arab Emirates</option> <option value="GB">United Kingdom</option> <option value="US">United States</option> <option value="UM">United States Minor Outlying Islands</option> <option value="UY">Uruguay</option> <option value="UZ">Uzbekistan</option> <option value="VU">Vanuatu</option> <option value="VE">Venezuela</option> <option value="VN">Vietnam</option> <option value="VI">Virgin Islands, U.S.</option> <option value="WF">Wallis and Futuna</option> <option value="EH">Western Sahara</option> <option value="YE">Yemen</option> <option value="YU">Yugoslavia</option> <option value="ZM">Zambia</option> <option value="ZW">Zimbabwe</option> </select></td></tr><tr><td>Company/Organization:</td><td><input type="text" name="company" /></td></tr><tr><td></td><td><input type="submit" value="Subscribe"></td></tr></table>[*] Fields marked with an asterisk are required. </p> <p></form></p> ','', '', NOW(), 1),
              (1190,1190,1,'', '<p>¿Tiene interés en saber más sobre los últimos progresos en La Oroya por AIDA? ¡Inscribase ahora y manténgase informado! </p> <p><form name="subscribeForm" action="http://en.groundspring.org/EmailNow/pub.php?module=WebSignup&cmd=subscribe" method="POST"> </p> <p><input type="hidden" value="fdfqypyttrawdfdg,wwadqapqftdgsyff" name="listIds" /> </p> <p><input type="hidden" value="http://www.aida-americas.org/aida.php" name="gotoUrl" /> </p> <p><input type="hidden" value="Click here to return to AIDA\'s home page" name="gotoText" /> </p> <p><input type="hidden" value="yesRequired" name="status_firstName" /> </p> <p><input type="hidden" value="yesRequired" name="status_lastName" /> </p> <p><input type="hidden" value="yesOptional" name="status_street1" /> </p> <p><input type="hidden" value="yesOptional" name="status_street2" /> </p> <p><input type="hidden" value="yesOptional" name="status_city" /> </p> <p><input type="hidden" value="yesOptional" name="status_state" /> </p> <p><input type="hidden" value="yesOptional" name="status_zipcode" /> </p> <p><input type="hidden" value="yesOptional" name="status_country" /> </p> <p><input type="hidden" value="no" name="status_b_city" /> </p> <p><input type="hidden" value="no" name="status_b_code" /> </p> <p><input type="hidden" value="no" name="status_b_country" /> </p> <p><input type="hidden" value="no" name="status_b_state" /> </p> <p><input type="hidden" value="no" name="status_b_street" /> </p> <p><input type="hidden" value="no" name="status_b_street2" /> </p> <p><input type="hidden" value="no" name="status_b_telephone" /> </p> <p><input type="hidden" value="yesOptional" name="status_company" /> </p> <p><input type="hidden" value="no" name="status_job_title" /> </p> <p><input type="hidden" value="no" name="status_relationship" /> </p> <p><input type="hidden" value="no" name="status_telephone" /> </p> <p><input type="hidden" value="no" name="status_web" /> </p> <p><table border="0"><tr><td>Correo electrónico:</td><td><input name="email" type="text" /> *</td></tr><tr><td>Inscribase a:</td><td><input name="listSelect_225605" type="checkbox" value="1" id="qf_bc0364" checked="checked"/>La Oroya Noticias</td></tr><tr><td>&nbsp;</td><td><input name="listSelect_96904" type="checkbox" value="1" id="qf_f1294d" /> Actualizaciones Mensuales de AIDA</td></tr><tr><td colspan="2">&nbsp;</td></tr><tr><td>Nombre:</td><td><input type="text" name="firstName" /> *</td></tr><tr><td>Apellido:</td><td><input type="text" name="lastName" /> *</td></tr><tr><td>Dirección 1:</td><td><input type="text" name="street1" /></td></tr><tr><td>Dirección 2:</td><td><input type="text" name="street2" /></td></tr><tr><td>Ciudad:</td><td><input type="text" name="city" /></td></tr><tr><td>Estado:</td><td><select name="state"> <option value=""> Seleccionar</option> <option value="AK">Alaska</option> <option value="AL">Alabama</option> <option value="AZ">Arizona</option> <option value="AR">Arkansas</option> <option value="CA">California</option> <option value="CO">Colorado</option> <option value="CT">Connecticut</option> <option value="DE">Delaware</option> <option value="FL">Florida</option> <option value="GA">Georgia</option> <option value="HI">Hawaii</option> <option value="ID">Idaho</option> <option value="IL">Illinois</option> <option value="IN">Indiana</option> <option value="IA">Iowa</option> <option value="KS">Kansas</option> <option value="KY">Kentucky</option> <option value="LA">Louisiana</option> <option value="ME">Maine</option> <option value="MD">Maryland</option> <option value="MA">Massachusetts</option> <option value="MI">Michigan</option> <option value="MN">Minnesota</option> <option value="MS">Mississippi</option> <option value="MO">Missouri</option> <option value="MT">Montana</option> <option value="NE">Nebraska</option> <option value="NV">Nevada</option> <option value="NH">New Hampshire</option> <option value="NJ">New Jersey</option> <option value="NM">New Mexico</option> <option value="NY">New York</option> <option value="NC">North Carolina</option> <option value="ND">North Dakota</option> <option value="OH">Ohio</option> <option value="OK">Oklahoma</option> <option value="OR">Oregon</option> <option value="PA">Pennsylvania</option> <option value="RI">Rhode Island</option> <option value="SC">South Carolina</option> <option value="SD">South Dakota</option> <option value="TN">Tennessee</option> <option value="TX">Texas</option> <option value="UT">Utah</option> <option value="VT">Vermont</option> <option value="VA">Virginia</option> <option value="WA">Washington</option> <option value="WV">West Virginia</option> <option value="WI">Wisconsin</option> <option value="WY">Wyoming</option> <option value="DC">Washington DC</option> <option value="GU">Guam</option> <option value="PR">Puerto Rico</option> <option value="VI">Virgin Islands</option> </select></td></tr><tr><td>Código Postal:</td><td><input type="text" name="zipcode" /></td></tr><tr><td>País:</td><td><select name="country"> <option value="">Seleccionar</option> <option value="AF">Afghanistan</option> <option value="AL">Albania</option> <option value="DZ">Algeria</option> <option value="AS">American Samoa</option> <option value="AD">Andorra</option> <option value="AO">Angola</option> <option value="AI">Anguilla</option> <option value="AQ">Antarctica</option> <option value="AG">Antigua and Barbuda</option> <option value="AR">Argentina</option> <option value="AM">Armenia</option> <option value="AW">Aruba</option> <option value="AU">Australia</option> <option value="AT">Austria</option> <option value="AZ">Azerbaijan</option> <option value="BS">Bahamas, The</option> <option value="BH">Bahrain</option> <option value="BD">Bangladesh</option> <option value="BB">Barbados</option> <option value="BY">Belarus</option> <option value="BE">Belgium</option> <option value="BZ">Belize</option> <option value="BJ">Benin</option> <option value="BM">Bermuda</option> <option value="BT">Bhutan</option> <option value="BO">Bolivia</option> <option value="BA">Bosnia and Herzegovina</option> <option value="BW">Botswana</option> <option value="BV">Bouvet Island</option> <option value="BR">Brazil</option> <option value="IO">British Indian Ocean Territory</option> <option value="VG">British Virgin Islands</option> <option value="BN">Brunei Darussalam</option> <option value="BG">Bulgaria</option> <option value="BF">Burkina Faso</option> <option value="MM">Burma</option> <option value="BI">Burundi</option> <option value="KH">Cambodia</option> <option value="CM">Cameroon</option> <option value="CA">Canada</option> <option value="CV">Cape Verde</option> <option value="KY">Cayman Islands</option> <option value="CF">Congo, Republic of the</option> <option value="TD">Chad</option> <option value="CL">Chile</option> <option value="CN">China</option> <option value="CX">Christmas Island</option> <option value="CC">Cocos (Keeling) Islands</option> <option value="CO">Colombia</option> <option value="KM">Comoros</option> <option value="CG">Congo, Democratic Republic of the</option> <option value="CK">Cook Islands</option> <option value="CR">Costa Rica</option> <option value="CI">Cote d\'Ivoire</option> <option value="HR">Croatia</option> <option value="CU">Cuba</option> <option value="CY">Cyprus</option> <option value="CZ">Czech Republic</option> <option value="DK">Denmark</option> <option value="DJ">Djibouti</option> <option value="DM">Dominica</option> <option value="DO">Dominican Republic</option> <option value="TP">East Timor</option> <option value="EC">Ecuador</option> <option value="EG">Egypt</option> <option value="SV">El Salvador</option> <option value="GQ">Equatorial Guinea</option> <option value="ER">Eritrea</option> <option value="EE">Estonia</option> <option value="ET">Ethiopia</option> <option value="EU">European Union</option> <option value="FK">Falkland Islands (Islas Malvinas)</option> <option value="FO">Faroe Islands</option> <option value="FJ">Fiji</option> <option value="FI">Finland</option> <option value="FR">France</option> <option value="GF">French Guiana</option> <option value="PF">French Polynesia</option> <option value="TF">French Southern and Antarctic Lands</option> <option value="GA">Gabon</option> <option value="GM">Gambia</option> <option value="GE">Georgia</option> <option value="DE">Germany</option> <option value="GH">Ghana</option> <option value="GI">Gibraltar</option> <option value="GR">Greece</option> <option value="GL">Greenland</option> <option value="GD">Grenada</option> <option value="GP">Guadeloupe</option> <option value="GU">Guam</option> <option value="GT">Guatemala</option> <option value="GN">Guinea</option> <option value="GW">Guinea-Bissau</option> <option value="GY">Guyana</option> <option value="HT">Haiti</option> <option value="HM">Heard Island and McDonald Islands</option> <option value="VA">Holy See (Vatican City)</option> <option value="HN">Honduras</option> <option value="HK">Hong Kong (SAR)</option> <option value="HU">Hungary</option> <option value="IS">Iceland</option> <option value="IN">India</option> <option value="ID">Indonesia</option> <option value="IR">Iran</option> <option value="IQ">Iraq</option> <option value="IE">Ireland</option> <option value="IL">Israel</option> <option value="IT">Italy</option> <option value="JM">Jamaica</option> <option value="JP">Japan</option> <option value="JO">Jordan</option> <option value="KZ">Kazakhstan</option> <option value="KE">Kenya</option> <option value="KI">Kiribati</option> <option value="KP">Korea, North</option> <option value="KR">Korea, South</option> <option value="KW">Kuwait</option> <option value="KG">Kyrgyzstan</option> <option value="LA">Laos</option> <option value="LV">Latvia</option> <option value="LB">Lebanon</option> <option value="LS">Lesotho</option> <option value="LR">Liberia</option> <option value="LY">Libya</option> <option value="LI">Liechtenstein</option> <option value="LT">Lithuania</option> <option value="LU">Luxembourg</option> <option value="MO">Macao</option> <option value="MK">Macedonia, The Former Yugoslav Republic of</option> <option value="MG">Madagascar</option> <option value="MW">Malawi</option> <option value="MY">Malaysia</option> <option value="MV">Maldives</option> <option value="ML">Mali</option> <option value="MT">Malta</option> <option value="MH">Marshall Islands</option> <option value="MQ">Martinique</option> <option value="MR">Mauritania</option> <option value="MU">Mauritius</option> <option value="YT">Mayotte</option> <option value="MX">Mexico</option> <option value="FM">Micronesia, Federated States of</option> <option value="MD">Moldova</option> <option value="MC">Monaco</option> <option value="MN">Mongolia</option> <option value="MS">Montserrat</option> <option value="MA">Morocco</option> <option value="MZ">Mozambique</option> <option value="NA">Namibia</option> <option value="NR">Nauru</option> <option value="NP">Nepal</option> <option value="AN">Netherlands Antilles</option> <option value="NL">Netherlands</option> <option value="NC">New Caledonia</option> <option value="NZ">New Zealand</option> <option value="NI">Nicaragua</option> <option value="NE">Niger</option> <option value="NG">Nigeria</option> <option value="NU">Niue</option> <option value="NF">Norfolk Island</option> <option value="MP">Northern Mariana Islands</option> <option value="NO">Norway</option> <option value="OM">Oman</option> <option value="PK">Pakistan</option> <option value="PW">Palau</option> <option value="PS">Palestinian Territory, Occupied</option> <option value="PA">Panama</option> <option value="PG">Papua New Guinea</option> <option value="PY">Paraguay</option> <option value="PE">Peru</option> <option value="PH">Philippines</option> <option value="PN">Pitcairn Islands</option> <option value="PL">Poland</option> <option value="PT">Portugal</option> <option value="PR">Puerto Rico</option> <option value="QA">Qatar</option> <option value="RO">Romania</option> <option value="RU">Russian Federation</option> <option value="RW">Rwanda</option> <option value="RE">Réunion</option> <option value="SH">Saint Helena</option> <option value="KN">Saint Kitts and Nevis</option> <option value="LC">Saint Lucia</option> <option value="PM">Saint Pierre and Miquelon</option> <option value="VC">Saint Vincent and the Grenadines</option> <option value="WS">Samoa</option> <option value="SM">San Marino</option> <option value="SA">Saudi Arabia</option> <option value="SN">Senegal</option> <option value="SC">Seychelles</option> <option value="SL">Sierra Leone</option> <option value="SG">Singapore</option> <option value="SK">Slovakia</option> <option value="SI">Slovenia</option> <option value="SB">Solomon Islands</option> <option value="SO">Somalia</option> <option value="ZA">South Africa</option> <option value="GS">South Georgia and the South Sandwich Islands</option> <option value="ES">Spain</option> <option value="LK">Sri Lanka</option> <option value="SD">Sudan</option> <option value="SR">Suriname</option> <option value="SJ">Svalbard</option> <option value="SZ">Swaziland</option> <option value="SE">Sweden</option> <option value="CH">Switzerland</option> <option value="SY">Syria</option> <option value="ST">São Tomé and Príncipe</option> <option value="TW">Taiwan</option> <option value="TJ">Tajikistan</option> <option value="TZ">Tanzania</option> <option value="TH">Thailand</option> <option value="TG">Togo</option> <option value="TK">Tokelau</option> <option value="TO">Tonga</option> <option value="TT">Trinidad and Tobago</option> <option value="TN">Tunisia</option> <option value="TR">Turkey</option> <option value="TM">Turkmenistan</option> <option value="TC">Turks and Caicos Islands</option> <option value="TV">Tuvalu</option> <option value="UG">Uganda</option> <option value="UA">Ukraine</option> <option value="AE">United Arab Emirates</option> <option value="GB">United Kingdom</option> <option value="US">United States</option> <option value="UM">United States Minor Outlying Islands</option> <option value="UY">Uruguay</option> <option value="UZ">Uzbekistan</option> <option value="VU">Vanuatu</option> <option value="VE">Venezuela</option> <option value="VN">Vietnam</option> <option value="VI">Virgin Islands, U.S.</option> <option value="WF">Wallis and Futuna</option> <option value="EH">Western Sahara</option> <option value="YE">Yemen</option> <option value="YU">Yugoslavia</option> <option value="ZM">Zambia</option> <option value="ZW">Zimbabwe</option> </select></td></tr><tr><td>Compañía/Organización:</td><td><input type="text" name="company" /></td></tr><tr><td></td><td><input type="submit" value=" Inscribase"></td></tr></table>[*] Los campos marcados con asterisco son indispensables. </p> <p></form></p> ', '', '', NOW(), 1);
INSERT INTO url_alias (src, dst, language) VALUES ('node/190','lo_subscribe','en');
INSERT INTO url_alias (src, dst, language) VALUES ('node/1190','lo_subscribe','es');
INSERT INTO menu_links (menu_name, mlid, plid, link_path, router_path, link_title,
                                    options, module, has_children,
                                    depth, p1, p2, p3, p4, p5)
          VALUES
          ('book-toc-1001', 10000, 10000, 'node/1', 'node/%','',
            'a:0:{}','book',1,
            3,10004,10002,10000,0,0);
INSERT INTO menu_links (menu_name, mlid, plid, link_path, router_path, link_title,
                                    options, module, has_children,
                                    depth, p1, p2, p3, p4, p5)
          VALUES
          ('book-toc-1001', 10002, 10002, 'node/2', 'node/%','',
            'a:0:{}','book',1,
            2,10004,10002,0,0,0);
INSERT INTO menu_links (menu_name, mlid, plid, link_path, router_path, link_title,
                                    options, module, has_children,
                                    depth, p1, p2, p3, p4, p5)
          VALUES
          ('book-toc-1001', 10004, 10004, 'node/3', 'node/%','',
            'a:0:{}','system',0,
            1,10004,0,0,0,0);
INSERT INTO menu_links (menu_name, mlid, plid, link_path, router_path, link_title,
                                    options, module, has_children,
                                    depth, p1, p2, p3, p4, p5)
          VALUES
          ('book-toc-1001', 10006, 10006, 'node/4', 'node/%','',
            'a:0:{}','system',0,
            1,10006,0,0,0,0);
INSERT INTO menu_links (menu_name, mlid, plid, link_path, router_path, link_title,
                                    options, module, has_children,
                                    depth, p1, p2, p3, p4, p5)
          VALUES
          ('book-toc-1001', 10008, 10008, 'node/5', 'node/%','',
            'a:0:{}','system',0,
            1,10008,0,0,0,0);
INSERT INTO menu_links (menu_name, mlid, plid, link_path, router_path, link_title,
                                    options, module, has_children,
                                    depth, p1, p2, p3, p4, p5)
          VALUES
          ('book-toc-1001', 10010, 10010, 'node/13', 'node/%','',
            'a:0:{}','book',1,
            2,10052,10010,0,0,0);
INSERT INTO menu_links (menu_name, mlid, plid, link_path, router_path, link_title,
                                    options, module, has_children,
                                    depth, p1, p2, p3, p4, p5)
          VALUES
          ('book-toc-1001', 10012, 10012, 'node/8', 'node/%','',
            'a:0:{}','book',1,
            2,10136,10012,0,0,0);
INSERT INTO menu_links (menu_name, mlid, plid, link_path, router_path, link_title,
                                    options, module, has_children,
                                    depth, p1, p2, p3, p4, p5)
          VALUES
          ('book-toc-1001', 10014, 10014, 'node/9', 'node/%','',
            'a:0:{}','system',0,
            1,10014,0,0,0,0);
INSERT INTO menu_links (menu_name, mlid, plid, link_path, router_path, link_title,
                                    options, module, has_children,
                                    depth, p1, p2, p3, p4, p5)
          VALUES
          ('book-toc-1001', 10016, 10016, 'node/10', 'node/%','',
            'a:0:{}','book',1,
            2,10154,10016,0,0,0);
INSERT INTO menu_links (menu_name, mlid, plid, link_path, router_path, link_title,
                                    options, module, has_children,
                                    depth, p1, p2, p3, p4, p5)
          VALUES
          ('book-toc-1001', 10018, 10018, 'node/11', 'node/%','',
            'a:0:{}','book',1,
            2,10032,10018,0,0,0);
INSERT INTO menu_links (menu_name, mlid, plid, link_path, router_path, link_title,
                                    options, module, has_children,
                                    depth, p1, p2, p3, p4, p5)
          VALUES
          ('book-toc-1001', 10020, 10020, 'node/12', 'node/%','',
            'a:0:{}','book',1,
            3,10052,10010,10020,0,0);
INSERT INTO menu_links (menu_name, mlid, plid, link_path, router_path, link_title,
                                    options, module, has_children,
                                    depth, p1, p2, p3, p4, p5)
          VALUES
          ('book-toc-1001', 10022, 10022, 'node/14', 'node/%','',
            'a:0:{}','system',0,
            1,10022,0,0,0,0);
INSERT INTO menu_links (menu_name, mlid, plid, link_path, router_path, link_title,
                                    options, module, has_children,
                                    depth, p1, p2, p3, p4, p5)
          VALUES
          ('book-toc-1001', 10024, 10024, 'node/17', 'node/%','',
            'a:0:{}','book',1,
            2,10102,10024,0,0,0);
INSERT INTO menu_links (menu_name, mlid, plid, link_path, router_path, link_title,
                                    options, module, has_children,
                                    depth, p1, p2, p3, p4, p5)
          VALUES
          ('book-toc-1001', 10026, 10026, 'node/18', 'node/%','',
            'a:0:{}','book',1,
            2,10134,10026,0,0,0);
INSERT INTO menu_links (menu_name, mlid, plid, link_path, router_path, link_title,
                                    options, module, has_children,
                                    depth, p1, p2, p3, p4, p5)
          VALUES
          ('book-toc-1001', 10028, 10028, 'node/19', 'node/%','',
            'a:0:{}','book',1,
            2,10064,10028,0,0,0);
INSERT INTO menu_links (menu_name, mlid, plid, link_path, router_path, link_title,
                                    options, module, has_children,
                                    depth, p1, p2, p3, p4, p5)
          VALUES
          ('book-toc-1001', 10030, 10030, 'node/21', 'node/%','',
            'a:0:{}','book',1,
            2,10050,10030,0,0,0);
INSERT INTO menu_links (menu_name, mlid, plid, link_path, router_path, link_title,
                                    options, module, has_children,
                                    depth, p1, p2, p3, p4, p5)
          VALUES
          ('book-toc-1001', 10032, 10032, 'node/22', 'node/%','',
            'a:0:{}','system',0,
            1,10032,0,0,0,0);
INSERT INTO menu_links (menu_name, mlid, plid, link_path, router_path, link_title,
                                    options, module, has_children,
                                    depth, p1, p2, p3, p4, p5)
          VALUES
          ('book-toc-1001', 10034, 10034, 'node/23', 'node/%','',
            'a:0:{}','system',0,
            1,10034,0,0,0,0);
INSERT INTO menu_links (menu_name, mlid, plid, link_path, router_path, link_title,
                                    options, module, has_children,
                                    depth, p1, p2, p3, p4, p5)
          VALUES
          ('book-toc-1001', 10036, 10036, 'node/24', 'node/%','',
            'a:0:{}','system',0,
            1,10036,0,0,0,0);
INSERT INTO menu_links (menu_name, mlid, plid, link_path, router_path, link_title,
                                    options, module, has_children,
                                    depth, p1, p2, p3, p4, p5)
          VALUES
          ('book-toc-1001', 10038, 10038, 'node/25', 'node/%','',
            'a:0:{}','system',0,
            1,10038,0,0,0,0);
INSERT INTO menu_links (menu_name, mlid, plid, link_path, router_path, link_title,
                                    options, module, has_children,
                                    depth, p1, p2, p3, p4, p5)
          VALUES
          ('book-toc-1001', 10040, 10040, 'node/26', 'node/%','',
            'a:0:{}','system',0,
            1,10040,0,0,0,0);
INSERT INTO menu_links (menu_name, mlid, plid, link_path, router_path, link_title,
                                    options, module, has_children,
                                    depth, p1, p2, p3, p4, p5)
          VALUES
          ('book-toc-1001', 10042, 10042, 'node/27', 'node/%','',
            'a:0:{}','system',0,
            1,10042,0,0,0,0);
INSERT INTO menu_links (menu_name, mlid, plid, link_path, router_path, link_title,
                                    options, module, has_children,
                                    depth, p1, p2, p3, p4, p5)
          VALUES
          ('book-toc-1001', 10044, 10044, 'node/28', 'node/%','',
            'a:0:{}','system',0,
            1,10044,0,0,0,0);
INSERT INTO menu_links (menu_name, mlid, plid, link_path, router_path, link_title,
                                    options, module, has_children,
                                    depth, p1, p2, p3, p4, p5)
          VALUES
          ('book-toc-1001', 10046, 10046, 'node/29', 'node/%','',
            'a:0:{}','system',0,
            1,10046,0,0,0,0);
INSERT INTO menu_links (menu_name, mlid, plid, link_path, router_path, link_title,
                                    options, module, has_children,
                                    depth, p1, p2, p3, p4, p5)
          VALUES
          ('book-toc-1001', 10048, 10048, 'node/31', 'node/%','',
            'a:0:{}','book',1,
            2,10156,10048,0,0,0);
INSERT INTO menu_links (menu_name, mlid, plid, link_path, router_path, link_title,
                                    options, module, has_children,
                                    depth, p1, p2, p3, p4, p5)
          VALUES
          ('book-toc-1001', 10050, 10050, 'node/47', 'node/%','',
            'a:0:{}','system',0,
            1,10050,0,0,0,0);
INSERT INTO menu_links (menu_name, mlid, plid, link_path, router_path, link_title,
                                    options, module, has_children,
                                    depth, p1, p2, p3, p4, p5)
          VALUES
          ('book-toc-1001', 10052, 10052, 'node/34', 'node/%','',
            'a:0:{}','system',0,
            1,10052,0,0,0,0);
INSERT INTO menu_links (menu_name, mlid, plid, link_path, router_path, link_title,
                                    options, module, has_children,
                                    depth, p1, p2, p3, p4, p5)
          VALUES
          ('book-toc-1001', 10054, 10054, 'node/35', 'node/%','',
            'a:0:{}','system',0,
            1,10054,0,0,0,0);
INSERT INTO menu_links (menu_name, mlid, plid, link_path, router_path, link_title,
                                    options, module, has_children,
                                    depth, p1, p2, p3, p4, p5)
          VALUES
          ('book-toc-1001', 10056, 10056, 'node/37', 'node/%','',
            'a:0:{}','system',0,
            1,10056,0,0,0,0);
INSERT INTO menu_links (menu_name, mlid, plid, link_path, router_path, link_title,
                                    options, module, has_children,
                                    depth, p1, p2, p3, p4, p5)
          VALUES
          ('book-toc-1001', 10058, 10058, 'node/158', 'node/%','',
            'a:0:{}','system',0,
            1,10058,0,0,0,0);
INSERT INTO menu_links (menu_name, mlid, plid, link_path, router_path, link_title,
                                    options, module, has_children,
                                    depth, p1, p2, p3, p4, p5)
          VALUES
          ('book-toc-1001', 10060, 10060, 'node/39', 'node/%','',
            'a:0:{}','system',0,
            1,10060,0,0,0,0);
INSERT INTO menu_links (menu_name, mlid, plid, link_path, router_path, link_title,
                                    options, module, has_children,
                                    depth, p1, p2, p3, p4, p5)
          VALUES
          ('book-toc-1001', 10062, 10062, 'node/40', 'node/%','',
            'a:0:{}','system',0,
            1,10062,0,0,0,0);
INSERT INTO menu_links (menu_name, mlid, plid, link_path, router_path, link_title,
                                    options, module, has_children,
                                    depth, p1, p2, p3, p4, p5)
          VALUES
          ('book-toc-1001', 10064, 10064, 'node/41', 'node/%','',
            'a:0:{}','system',0,
            1,10064,0,0,0,0);
INSERT INTO menu_links (menu_name, mlid, plid, link_path, router_path, link_title,
                                    options, module, has_children,
                                    depth, p1, p2, p3, p4, p5)
          VALUES
          ('book-toc-1001', 10066, 10066, 'node/43', 'node/%','',
            'a:0:{}','system',0,
            1,10066,0,0,0,0);
INSERT INTO menu_links (menu_name, mlid, plid, link_path, router_path, link_title,
                                    options, module, has_children,
                                    depth, p1, p2, p3, p4, p5)
          VALUES
          ('book-toc-1001', 10068, 10068, 'node/44', 'node/%','',
            'a:0:{}','system',0,
            1,10068,0,0,0,0);
INSERT INTO menu_links (menu_name, mlid, plid, link_path, router_path, link_title,
                                    options, module, has_children,
                                    depth, p1, p2, p3, p4, p5)
          VALUES
          ('book-toc-1001', 10070, 10070, 'node/45', 'node/%','',
            'a:0:{}','system',0,
            1,10070,0,0,0,0);
INSERT INTO menu_links (menu_name, mlid, plid, link_path, router_path, link_title,
                                    options, module, has_children,
                                    depth, p1, p2, p3, p4, p5)
          VALUES
          ('book-toc-1001', 10072, 10072, 'node/48', 'node/%','',
            'a:0:{}','system',0,
            1,10072,0,0,0,0);
INSERT INTO menu_links (menu_name, mlid, plid, link_path, router_path, link_title,
                                    options, module, has_children,
                                    depth, p1, p2, p3, p4, p5)
          VALUES
          ('book-toc-1001', 10074, 10074, 'node/58', 'node/%','',
            'a:0:{}','book',1,
            2,10092,10074,0,0,0);
INSERT INTO menu_links (menu_name, mlid, plid, link_path, router_path, link_title,
                                    options, module, has_children,
                                    depth, p1, p2, p3, p4, p5)
          VALUES
          ('book-toc-1001', 10076, 10076, 'node/49', 'node/%','',
            'a:0:{}','system',0,
            1,10076,0,0,0,0);
INSERT INTO menu_links (menu_name, mlid, plid, link_path, router_path, link_title,
                                    options, module, has_children,
                                    depth, p1, p2, p3, p4, p5)
          VALUES
          ('book-toc-1001', 10078, 10078, 'node/51', 'node/%','',
            'a:0:{}','system',0,
            1,10078,0,0,0,0);
INSERT INTO menu_links (menu_name, mlid, plid, link_path, router_path, link_title,
                                    options, module, has_children,
                                    depth, p1, p2, p3, p4, p5)
          VALUES
          ('book-toc-1001', 10080, 10080, 'node/52', 'node/%','',
            'a:0:{}','system',0,
            1,10080,0,0,0,0);
INSERT INTO menu_links (menu_name, mlid, plid, link_path, router_path, link_title,
                                    options, module, has_children,
                                    depth, p1, p2, p3, p4, p5)
          VALUES
          ('book-toc-1001', 10082, 10082, 'node/53', 'node/%','',
            'a:0:{}','system',0,
            1,10082,0,0,0,0);
INSERT INTO menu_links (menu_name, mlid, plid, link_path, router_path, link_title,
                                    options, module, has_children,
                                    depth, p1, p2, p3, p4, p5)
          VALUES
          ('book-toc-1001', 10084, 10084, 'node/54', 'node/%','',
            'a:0:{}','system',0,
            1,10084,0,0,0,0);
INSERT INTO menu_links (menu_name, mlid, plid, link_path, router_path, link_title,
                                    options, module, has_children,
                                    depth, p1, p2, p3, p4, p5)
          VALUES
          ('book-toc-1001', 10086, 10086, 'node/55', 'node/%','',
            'a:0:{}','system',0,
            1,10086,0,0,0,0);
INSERT INTO menu_links (menu_name, mlid, plid, link_path, router_path, link_title,
                                    options, module, has_children,
                                    depth, p1, p2, p3, p4, p5)
          VALUES
          ('book-toc-1001', 10088, 10088, 'node/56', 'node/%','',
            'a:0:{}','system',0,
            1,10088,0,0,0,0);
INSERT INTO menu_links (menu_name, mlid, plid, link_path, router_path, link_title,
                                    options, module, has_children,
                                    depth, p1, p2, p3, p4, p5)
          VALUES
          ('book-toc-1001', 10090, 10090, 'node/57', 'node/%','',
            'a:0:{}','system',0,
            1,10090,0,0,0,0);
INSERT INTO menu_links (menu_name, mlid, plid, link_path, router_path, link_title,
                                    options, module, has_children,
                                    depth, p1, p2, p3, p4, p5)
          VALUES
          ('book-toc-1001', 10092, 10092, 'node/59', 'node/%','',
            'a:0:{}','system',0,
            1,10092,0,0,0,0);
INSERT INTO menu_links (menu_name, mlid, plid, link_path, router_path, link_title,
                                    options, module, has_children,
                                    depth, p1, p2, p3, p4, p5)
          VALUES
          ('book-toc-1001', 10094, 10094, 'node/60', 'node/%','',
            'a:0:{}','system',0,
            1,10094,0,0,0,0);
INSERT INTO menu_links (menu_name, mlid, plid, link_path, router_path, link_title,
                                    options, module, has_children,
                                    depth, p1, p2, p3, p4, p5)
          VALUES
          ('book-toc-1001', 10096, 10096, 'node/61', 'node/%','',
            'a:0:{}','system',0,
            1,10096,0,0,0,0);
INSERT INTO menu_links (menu_name, mlid, plid, link_path, router_path, link_title,
                                    options, module, has_children,
                                    depth, p1, p2, p3, p4, p5)
          VALUES
          ('book-toc-1001', 10098, 10098, 'node/62', 'node/%','',
            'a:0:{}','system',0,
            1,10098,0,0,0,0);
INSERT INTO menu_links (menu_name, mlid, plid, link_path, router_path, link_title,
                                    options, module, has_children,
                                    depth, p1, p2, p3, p4, p5)
          VALUES
          ('book-toc-1001', 10100, 10100, 'node/63', 'node/%','',
            'a:0:{}','system',0,
            1,10100,0,0,0,0);
INSERT INTO menu_links (menu_name, mlid, plid, link_path, router_path, link_title,
                                    options, module, has_children,
                                    depth, p1, p2, p3, p4, p5)
          VALUES
          ('book-toc-1001', 10102, 10102, 'node/64', 'node/%','',
            'a:0:{}','system',0,
            1,10102,0,0,0,0);
INSERT INTO menu_links (menu_name, mlid, plid, link_path, router_path, link_title,
                                    options, module, has_children,
                                    depth, p1, p2, p3, p4, p5)
          VALUES
          ('book-toc-1001', 10104, 10104, 'node/65', 'node/%','',
            'a:0:{}','system',0,
            1,10104,0,0,0,0);
INSERT INTO menu_links (menu_name, mlid, plid, link_path, router_path, link_title,
                                    options, module, has_children,
                                    depth, p1, p2, p3, p4, p5)
          VALUES
          ('book-toc-1001', 10106, 10106, 'node/66', 'node/%','',
            'a:0:{}','system',0,
            1,10106,0,0,0,0);
INSERT INTO menu_links (menu_name, mlid, plid, link_path, router_path, link_title,
                                    options, module, has_children,
                                    depth, p1, p2, p3, p4, p5)
          VALUES
          ('book-toc-1001', 10108, 10108, 'node/67', 'node/%','',
            'a:0:{}','book',1,
            2,10116,10108,0,0,0);
INSERT INTO menu_links (menu_name, mlid, plid, link_path, router_path, link_title,
                                    options, module, has_children,
                                    depth, p1, p2, p3, p4, p5)
          VALUES
          ('book-toc-1001', 10110, 10110, 'node/68', 'node/%','',
            'a:0:{}','system',0,
            1,10110,0,0,0,0);
INSERT INTO menu_links (menu_name, mlid, plid, link_path, router_path, link_title,
                                    options, module, has_children,
                                    depth, p1, p2, p3, p4, p5)
          VALUES
          ('book-toc-1001', 10112, 10112, 'node/69', 'node/%','',
            'a:0:{}','book',1,
            2,10122,10112,0,0,0);
INSERT INTO menu_links (menu_name, mlid, plid, link_path, router_path, link_title,
                                    options, module, has_children,
                                    depth, p1, p2, p3, p4, p5)
          VALUES
          ('book-toc-1001', 10114, 10114, 'node/70', 'node/%','',
            'a:0:{}','system',0,
            1,10114,0,0,0,0);
INSERT INTO menu_links (menu_name, mlid, plid, link_path, router_path, link_title,
                                    options, module, has_children,
                                    depth, p1, p2, p3, p4, p5)
          VALUES
          ('book-toc-1001', 10116, 10116, 'node/71', 'node/%','',
            'a:0:{}','system',0,
            1,10116,0,0,0,0);
INSERT INTO menu_links (menu_name, mlid, plid, link_path, router_path, link_title,
                                    options, module, has_children,
                                    depth, p1, p2, p3, p4, p5)
          VALUES
          ('book-toc-1001', 10118, 10118, 'node/72', 'node/%','',
            'a:0:{}','system',0,
            1,10118,0,0,0,0);
INSERT INTO menu_links (menu_name, mlid, plid, link_path, router_path, link_title,
                                    options, module, has_children,
                                    depth, p1, p2, p3, p4, p5)
          VALUES
          ('book-toc-1001', 10120, 10120, 'node/73', 'node/%','',
            'a:0:{}','system',0,
            1,10120,0,0,0,0);
INSERT INTO menu_links (menu_name, mlid, plid, link_path, router_path, link_title,
                                    options, module, has_children,
                                    depth, p1, p2, p3, p4, p5)
          VALUES
          ('book-toc-1001', 10122, 10122, 'node/74', 'node/%','',
            'a:0:{}','system',0,
            1,10122,0,0,0,0);
INSERT INTO menu_links (menu_name, mlid, plid, link_path, router_path, link_title,
                                    options, module, has_children,
                                    depth, p1, p2, p3, p4, p5)
          VALUES
          ('book-toc-1001', 10124, 10124, 'node/75', 'node/%','',
            'a:0:{}','system',0,
            1,10124,0,0,0,0);
INSERT INTO menu_links (menu_name, mlid, plid, link_path, router_path, link_title,
                                    options, module, has_children,
                                    depth, p1, p2, p3, p4, p5)
          VALUES
          ('book-toc-1001', 10126, 10126, 'node/76', 'node/%','',
            'a:0:{}','system',0,
            1,10126,0,0,0,0);
INSERT INTO menu_links (menu_name, mlid, plid, link_path, router_path, link_title,
                                    options, module, has_children,
                                    depth, p1, p2, p3, p4, p5)
          VALUES
          ('book-toc-1001', 10128, 10128, 'node/77', 'node/%','',
            'a:0:{}','system',0,
            1,10128,0,0,0,0);
INSERT INTO menu_links (menu_name, mlid, plid, link_path, router_path, link_title,
                                    options, module, has_children,
                                    depth, p1, p2, p3, p4, p5)
          VALUES
          ('book-toc-1001', 10130, 10130, 'node/78', 'node/%','',
            'a:0:{}','system',0,
            1,10130,0,0,0,0);
INSERT INTO menu_links (menu_name, mlid, plid, link_path, router_path, link_title,
                                    options, module, has_children,
                                    depth, p1, p2, p3, p4, p5)
          VALUES
          ('book-toc-1001', 10132, 10132, 'node/79', 'node/%','',
            'a:0:{}','book',1,
            2,10138,10132,0,0,0);
INSERT INTO menu_links (menu_name, mlid, plid, link_path, router_path, link_title,
                                    options, module, has_children,
                                    depth, p1, p2, p3, p4, p5)
          VALUES
          ('book-toc-1001', 10134, 10134, 'node/80', 'node/%','',
            'a:0:{}','system',0,
            1,10134,0,0,0,0);
INSERT INTO menu_links (menu_name, mlid, plid, link_path, router_path, link_title,
                                    options, module, has_children,
                                    depth, p1, p2, p3, p4, p5)
          VALUES
          ('book-toc-1001', 10136, 10136, 'node/81', 'node/%','',
            'a:0:{}','system',0,
            1,10136,0,0,0,0);
INSERT INTO menu_links (menu_name, mlid, plid, link_path, router_path, link_title,
                                    options, module, has_children,
                                    depth, p1, p2, p3, p4, p5)
          VALUES
          ('book-toc-1001', 10138, 10138, 'node/82', 'node/%','',
            'a:0:{}','system',0,
            1,10138,0,0,0,0);
INSERT INTO menu_links (menu_name, mlid, plid, link_path, router_path, link_title,
                                    options, module, has_children,
                                    depth, p1, p2, p3, p4, p5)
          VALUES
          ('book-toc-1001', 10140, 10140, 'node/99', 'node/%','',
            'a:0:{}','system',0,
            1,10140,0,0,0,0);
INSERT INTO menu_links (menu_name, mlid, plid, link_path, router_path, link_title,
                                    options, module, has_children,
                                    depth, p1, p2, p3, p4, p5)
          VALUES
          ('book-toc-1001', 10142, 10142, 'node/84', 'node/%','',
            'a:0:{}','system',0,
            1,10142,0,0,0,0);
INSERT INTO menu_links (menu_name, mlid, plid, link_path, router_path, link_title,
                                    options, module, has_children,
                                    depth, p1, p2, p3, p4, p5)
          VALUES
          ('book-toc-1001', 10144, 10144, 'node/86', 'node/%','',
            'a:0:{}','system',0,
            1,10144,0,0,0,0);
INSERT INTO menu_links (menu_name, mlid, plid, link_path, router_path, link_title,
                                    options, module, has_children,
                                    depth, p1, p2, p3, p4, p5)
          VALUES
          ('book-toc-1001', 10146, 10146, 'node/85', 'node/%','',
            'a:0:{}','system',0,
            1,10146,0,0,0,0);
INSERT INTO menu_links (menu_name, mlid, plid, link_path, router_path, link_title,
                                    options, module, has_children,
                                    depth, p1, p2, p3, p4, p5)
          VALUES
          ('book-toc-1001', 10148, 10148, 'node/87', 'node/%','',
            'a:0:{}','system',0,
            1,10148,0,0,0,0);
INSERT INTO menu_links (menu_name, mlid, plid, link_path, router_path, link_title,
                                    options, module, has_children,
                                    depth, p1, p2, p3, p4, p5)
          VALUES
          ('book-toc-1001', 10150, 10150, 'node/88', 'node/%','',
            'a:0:{}','book',1,
            2,10242,10150,0,0,0);
INSERT INTO menu_links (menu_name, mlid, plid, link_path, router_path, link_title,
                                    options, module, has_children,
                                    depth, p1, p2, p3, p4, p5)
          VALUES
          ('book-toc-1001', 10152, 10152, 'node/89', 'node/%','',
            'a:0:{}','system',0,
            1,10152,0,0,0,0);
INSERT INTO menu_links (menu_name, mlid, plid, link_path, router_path, link_title,
                                    options, module, has_children,
                                    depth, p1, p2, p3, p4, p5)
          VALUES
          ('book-toc-1001', 10154, 10154, 'node/90', 'node/%','',
            'a:0:{}','system',0,
            1,10154,0,0,0,0);
INSERT INTO menu_links (menu_name, mlid, plid, link_path, router_path, link_title,
                                    options, module, has_children,
                                    depth, p1, p2, p3, p4, p5)
          VALUES
          ('book-toc-1001', 10156, 10156, 'node/93', 'node/%','',
            'a:0:{}','system',0,
            1,10156,0,0,0,0);
INSERT INTO menu_links (menu_name, mlid, plid, link_path, router_path, link_title,
                                    options, module, has_children,
                                    depth, p1, p2, p3, p4, p5)
          VALUES
          ('book-toc-1001', 10158, 10158, 'node/92', 'node/%','',
            'a:0:{}','system',0,
            1,10158,0,0,0,0);
INSERT INTO menu_links (menu_name, mlid, plid, link_path, router_path, link_title,
                                    options, module, has_children,
                                    depth, p1, p2, p3, p4, p5)
          VALUES
          ('book-toc-1001', 10160, 10160, 'node/94', 'node/%','',
            'a:0:{}','system',0,
            1,10160,0,0,0,0);
INSERT INTO menu_links (menu_name, mlid, plid, link_path, router_path, link_title,
                                    options, module, has_children,
                                    depth, p1, p2, p3, p4, p5)
          VALUES
          ('book-toc-1001', 10162, 10162, 'node/95', 'node/%','',
            'a:0:{}','system',0,
            1,10162,0,0,0,0);
INSERT INTO menu_links (menu_name, mlid, plid, link_path, router_path, link_title,
                                    options, module, has_children,
                                    depth, p1, p2, p3, p4, p5)
          VALUES
          ('book-toc-1001', 10164, 10164, 'node/97', 'node/%','',
            'a:0:{}','system',0,
            1,10164,0,0,0,0);
INSERT INTO menu_links (menu_name, mlid, plid, link_path, router_path, link_title,
                                    options, module, has_children,
                                    depth, p1, p2, p3, p4, p5)
          VALUES
          ('book-toc-1001', 10166, 10166, 'node/98', 'node/%','',
            'a:0:{}','book',1,
            2,10140,10166,0,0,0);
INSERT INTO menu_links (menu_name, mlid, plid, link_path, router_path, link_title,
                                    options, module, has_children,
                                    depth, p1, p2, p3, p4, p5)
          VALUES
          ('book-toc-1001', 10168, 10168, 'node/100', 'node/%','',
            'a:0:{}','system',0,
            1,10168,0,0,0,0);
INSERT INTO menu_links (menu_name, mlid, plid, link_path, router_path, link_title,
                                    options, module, has_children,
                                    depth, p1, p2, p3, p4, p5)
          VALUES
          ('book-toc-1001', 10170, 10170, 'node/101', 'node/%','',
            'a:0:{}','system',0,
            1,10170,0,0,0,0);
INSERT INTO menu_links (menu_name, mlid, plid, link_path, router_path, link_title,
                                    options, module, has_children,
                                    depth, p1, p2, p3, p4, p5)
          VALUES
          ('book-toc-1001', 10172, 10172, 'node/102', 'node/%','',
            'a:0:{}','system',0,
            1,10172,0,0,0,0);
INSERT INTO menu_links (menu_name, mlid, plid, link_path, router_path, link_title,
                                    options, module, has_children,
                                    depth, p1, p2, p3, p4, p5)
          VALUES
          ('book-toc-1001', 10174, 10174, 'node/103', 'node/%','',
            'a:0:{}','system',0,
            1,10174,0,0,0,0);
INSERT INTO menu_links (menu_name, mlid, plid, link_path, router_path, link_title,
                                    options, module, has_children,
                                    depth, p1, p2, p3, p4, p5)
          VALUES
          ('book-toc-1001', 10176, 10176, 'node/104', 'node/%','',
            'a:0:{}','system',0,
            1,10176,0,0,0,0);
INSERT INTO menu_links (menu_name, mlid, plid, link_path, router_path, link_title,
                                    options, module, has_children,
                                    depth, p1, p2, p3, p4, p5)
          VALUES
          ('book-toc-1001', 10178, 10178, 'node/105', 'node/%','',
            'a:0:{}','system',0,
            1,10178,0,0,0,0);
INSERT INTO menu_links (menu_name, mlid, plid, link_path, router_path, link_title,
                                    options, module, has_children,
                                    depth, p1, p2, p3, p4, p5)
          VALUES
          ('book-toc-1001', 10180, 10180, 'node/106', 'node/%','',
            'a:0:{}','system',0,
            1,10180,0,0,0,0);
INSERT INTO menu_links (menu_name, mlid, plid, link_path, router_path, link_title,
                                    options, module, has_children,
                                    depth, p1, p2, p3, p4, p5)
          VALUES
          ('book-toc-1001', 10182, 10182, 'node/107', 'node/%','',
            'a:0:{}','system',0,
            1,10182,0,0,0,0);
INSERT INTO menu_links (menu_name, mlid, plid, link_path, router_path, link_title,
                                    options, module, has_children,
                                    depth, p1, p2, p3, p4, p5)
          VALUES
          ('book-toc-1001', 10184, 10184, 'node/108', 'node/%','',
            'a:0:{}','system',0,
            1,10184,0,0,0,0);
INSERT INTO menu_links (menu_name, mlid, plid, link_path, router_path, link_title,
                                    options, module, has_children,
                                    depth, p1, p2, p3, p4, p5)
          VALUES
          ('book-toc-1001', 10186, 10186, 'node/109', 'node/%','',
            'a:0:{}','book',1,
            2,10192,10186,0,0,0);
INSERT INTO menu_links (menu_name, mlid, plid, link_path, router_path, link_title,
                                    options, module, has_children,
                                    depth, p1, p2, p3, p4, p5)
          VALUES
          ('book-toc-1001', 10188, 10188, 'node/110', 'node/%','',
            'a:0:{}','system',0,
            1,10188,0,0,0,0);
INSERT INTO menu_links (menu_name, mlid, plid, link_path, router_path, link_title,
                                    options, module, has_children,
                                    depth, p1, p2, p3, p4, p5)
          VALUES
          ('book-toc-1001', 10190, 10190, 'node/111', 'node/%','',
            'a:0:{}','system',0,
            1,10190,0,0,0,0);
INSERT INTO menu_links (menu_name, mlid, plid, link_path, router_path, link_title,
                                    options, module, has_children,
                                    depth, p1, p2, p3, p4, p5)
          VALUES
          ('book-toc-1001', 10192, 10192, 'node/112', 'node/%','',
            'a:0:{}','system',0,
            1,10192,0,0,0,0);
INSERT INTO menu_links (menu_name, mlid, plid, link_path, router_path, link_title,
                                    options, module, has_children,
                                    depth, p1, p2, p3, p4, p5)
          VALUES
          ('book-toc-1001', 10194, 10194, 'node/113', 'node/%','',
            'a:0:{}','book',1,
            2,10058,10194,0,0,0);
INSERT INTO menu_links (menu_name, mlid, plid, link_path, router_path, link_title,
                                    options, module, has_children,
                                    depth, p1, p2, p3, p4, p5)
          VALUES
          ('book-toc-1001', 10196, 10196, 'node/117', 'node/%','',
            'a:0:{}','system',0,
            1,10196,0,0,0,0);
INSERT INTO menu_links (menu_name, mlid, plid, link_path, router_path, link_title,
                                    options, module, has_children,
                                    depth, p1, p2, p3, p4, p5)
          VALUES
          ('book-toc-1001', 10198, 10198, 'node/114', 'node/%','',
            'a:0:{}','system',0,
            1,10198,0,0,0,0);
INSERT INTO menu_links (menu_name, mlid, plid, link_path, router_path, link_title,
                                    options, module, has_children,
                                    depth, p1, p2, p3, p4, p5)
          VALUES
          ('book-toc-1001', 10200, 10200, 'node/115', 'node/%','',
            'a:0:{}','system',0,
            1,10200,0,0,0,0);
INSERT INTO menu_links (menu_name, mlid, plid, link_path, router_path, link_title,
                                    options, module, has_children,
                                    depth, p1, p2, p3, p4, p5)
          VALUES
          ('book-toc-1001', 10202, 10202, 'node/116', 'node/%','',
            'a:0:{}','system',0,
            1,10202,0,0,0,0);
INSERT INTO menu_links (menu_name, mlid, plid, link_path, router_path, link_title,
                                    options, module, has_children,
                                    depth, p1, p2, p3, p4, p5)
          VALUES
          ('book-toc-1001', 10204, 10204, 'node/118', 'node/%','',
            'a:0:{}','system',0,
            1,10204,0,0,0,0);
INSERT INTO menu_links (menu_name, mlid, plid, link_path, router_path, link_title,
                                    options, module, has_children,
                                    depth, p1, p2, p3, p4, p5)
          VALUES
          ('book-toc-1001', 10206, 10206, 'node/119', 'node/%','',
            'a:0:{}','book',1,
            2,10196,10206,0,0,0);
INSERT INTO menu_links (menu_name, mlid, plid, link_path, router_path, link_title,
                                    options, module, has_children,
                                    depth, p1, p2, p3, p4, p5)
          VALUES
          ('book-toc-1001', 10208, 10208, 'node/120', 'node/%','',
            'a:0:{}','system',0,
            1,10208,0,0,0,0);
INSERT INTO menu_links (menu_name, mlid, plid, link_path, router_path, link_title,
                                    options, module, has_children,
                                    depth, p1, p2, p3, p4, p5)
          VALUES
          ('book-toc-1001', 10210, 10210, 'node/121', 'node/%','',
            'a:0:{}','system',0,
            1,10210,0,0,0,0);
INSERT INTO menu_links (menu_name, mlid, plid, link_path, router_path, link_title,
                                    options, module, has_children,
                                    depth, p1, p2, p3, p4, p5)
          VALUES
          ('book-toc-1001', 10212, 10212, 'node/122', 'node/%','',
            'a:0:{}','book',1,
            2,10214,10212,0,0,0);
INSERT INTO menu_links (menu_name, mlid, plid, link_path, router_path, link_title,
                                    options, module, has_children,
                                    depth, p1, p2, p3, p4, p5)
          VALUES
          ('book-toc-1001', 10214, 10214, 'node/123', 'node/%','',
            'a:0:{}','system',0,
            1,10214,0,0,0,0);
INSERT INTO menu_links (menu_name, mlid, plid, link_path, router_path, link_title,
                                    options, module, has_children,
                                    depth, p1, p2, p3, p4, p5)
          VALUES
          ('book-toc-1001', 10216, 10216, 'node/124', 'node/%','',
            'a:0:{}','system',0,
            1,10216,0,0,0,0);
INSERT INTO menu_links (menu_name, mlid, plid, link_path, router_path, link_title,
                                    options, module, has_children,
                                    depth, p1, p2, p3, p4, p5)
          VALUES
          ('book-toc-1001', 10218, 10218, 'node/125', 'node/%','',
            'a:0:{}','system',0,
            1,10218,0,0,0,0);
INSERT INTO menu_links (menu_name, mlid, plid, link_path, router_path, link_title,
                                    options, module, has_children,
                                    depth, p1, p2, p3, p4, p5)
          VALUES
          ('book-toc-1001', 10220, 10220, 'node/156', 'node/%','',
            'a:0:{}','system',0,
            1,10220,0,0,0,0);
INSERT INTO menu_links (menu_name, mlid, plid, link_path, router_path, link_title,
                                    options, module, has_children,
                                    depth, p1, p2, p3, p4, p5)
          VALUES
          ('book-toc-1001', 10222, 10222, 'node/126', 'node/%','',
            'a:0:{}','system',0,
            1,10222,0,0,0,0);
INSERT INTO menu_links (menu_name, mlid, plid, link_path, router_path, link_title,
                                    options, module, has_children,
                                    depth, p1, p2, p3, p4, p5)
          VALUES
          ('book-toc-1001', 10224, 10224, 'node/127', 'node/%','',
            'a:0:{}','system',0,
            1,10224,0,0,0,0);
INSERT INTO menu_links (menu_name, mlid, plid, link_path, router_path, link_title,
                                    options, module, has_children,
                                    depth, p1, p2, p3, p4, p5)
          VALUES
          ('book-toc-1001', 10226, 10226, 'node/128', 'node/%','',
            'a:0:{}','book',1,
            2,10326,10226,0,0,0);
INSERT INTO menu_links (menu_name, mlid, plid, link_path, router_path, link_title,
                                    options, module, has_children,
                                    depth, p1, p2, p3, p4, p5)
          VALUES
          ('book-toc-1001', 10228, 10228, 'node/129', 'node/%','',
            'a:0:{}','system',0,
            1,10228,0,0,0,0);
INSERT INTO menu_links (menu_name, mlid, plid, link_path, router_path, link_title,
                                    options, module, has_children,
                                    depth, p1, p2, p3, p4, p5)
          VALUES
          ('book-toc-1001', 10230, 10230, 'node/130', 'node/%','',
            'a:0:{}','system',0,
            1,10230,0,0,0,0);
INSERT INTO menu_links (menu_name, mlid, plid, link_path, router_path, link_title,
                                    options, module, has_children,
                                    depth, p1, p2, p3, p4, p5)
          VALUES
          ('book-toc-1001', 10232, 10232, 'node/131', 'node/%','',
            'a:0:{}','book',1,
            2,10252,10232,0,0,0);
INSERT INTO menu_links (menu_name, mlid, plid, link_path, router_path, link_title,
                                    options, module, has_children,
                                    depth, p1, p2, p3, p4, p5)
          VALUES
          ('book-toc-1001', 10234, 10234, 'node/132', 'node/%','',
            'a:0:{}','system',0,
            1,10234,0,0,0,0);
INSERT INTO menu_links (menu_name, mlid, plid, link_path, router_path, link_title,
                                    options, module, has_children,
                                    depth, p1, p2, p3, p4, p5)
          VALUES
          ('book-toc-1001', 10236, 10236, 'node/133', 'node/%','',
            'a:0:{}','system',0,
            1,10236,0,0,0,0);
INSERT INTO menu_links (menu_name, mlid, plid, link_path, router_path, link_title,
                                    options, module, has_children,
                                    depth, p1, p2, p3, p4, p5)
          VALUES
          ('book-toc-1001', 10238, 10238, 'node/134', 'node/%','',
            'a:0:{}','system',0,
            1,10238,0,0,0,0);
INSERT INTO menu_links (menu_name, mlid, plid, link_path, router_path, link_title,
                                    options, module, has_children,
                                    depth, p1, p2, p3, p4, p5)
          VALUES
          ('book-toc-1001', 10240, 10240, 'node/135', 'node/%','',
            'a:0:{}','system',0,
            1,10240,0,0,0,0);
INSERT INTO menu_links (menu_name, mlid, plid, link_path, router_path, link_title,
                                    options, module, has_children,
                                    depth, p1, p2, p3, p4, p5)
          VALUES
          ('book-toc-1001', 10242, 10242, 'node/146', 'node/%','',
            'a:0:{}','system',0,
            1,10242,0,0,0,0);
INSERT INTO menu_links (menu_name, mlid, plid, link_path, router_path, link_title,
                                    options, module, has_children,
                                    depth, p1, p2, p3, p4, p5)
          VALUES
          ('book-toc-1001', 10244, 10244, 'node/136', 'node/%','',
            'a:0:{}','system',0,
            1,10244,0,0,0,0);
INSERT INTO menu_links (menu_name, mlid, plid, link_path, router_path, link_title,
                                    options, module, has_children,
                                    depth, p1, p2, p3, p4, p5)
          VALUES
          ('book-toc-1001', 10246, 10246, 'node/137', 'node/%','',
            'a:0:{}','system',0,
            1,10246,0,0,0,0);
INSERT INTO menu_links (menu_name, mlid, plid, link_path, router_path, link_title,
                                    options, module, has_children,
                                    depth, p1, p2, p3, p4, p5)
          VALUES
          ('book-toc-1001', 10248, 10248, 'node/138', 'node/%','',
            'a:0:{}','system',0,
            1,10248,0,0,0,0);
INSERT INTO menu_links (menu_name, mlid, plid, link_path, router_path, link_title,
                                    options, module, has_children,
                                    depth, p1, p2, p3, p4, p5)
          VALUES
          ('book-toc-1001', 10250, 10250, 'node/139', 'node/%','',
            'a:0:{}','book',1,
            2,10338,10250,0,0,0);
INSERT INTO menu_links (menu_name, mlid, plid, link_path, router_path, link_title,
                                    options, module, has_children,
                                    depth, p1, p2, p3, p4, p5)
          VALUES
          ('book-toc-1001', 10252, 10252, 'node/140', 'node/%','',
            'a:0:{}','system',0,
            1,10252,0,0,0,0);
INSERT INTO menu_links (menu_name, mlid, plid, link_path, router_path, link_title,
                                    options, module, has_children,
                                    depth, p1, p2, p3, p4, p5)
          VALUES
          ('book-toc-1001', 10254, 10254, 'node/152', 'node/%','',
            'a:0:{}','system',0,
            1,10254,0,0,0,0);
INSERT INTO menu_links (menu_name, mlid, plid, link_path, router_path, link_title,
                                    options, module, has_children,
                                    depth, p1, p2, p3, p4, p5)
          VALUES
          ('book-toc-1001', 10256, 10256, 'node/142', 'node/%','',
            'a:0:{}','system',0,
            1,10256,0,0,0,0);
INSERT INTO menu_links (menu_name, mlid, plid, link_path, router_path, link_title,
                                    options, module, has_children,
                                    depth, p1, p2, p3, p4, p5)
          VALUES
          ('book-toc-1001', 10258, 10258, 'node/143', 'node/%','',
            'a:0:{}','book',1,
            2,10220,10258,0,0,0);
INSERT INTO menu_links (menu_name, mlid, plid, link_path, router_path, link_title,
                                    options, module, has_children,
                                    depth, p1, p2, p3, p4, p5)
          VALUES
          ('book-toc-1001', 10260, 10260, 'node/144', 'node/%','',
            'a:0:{}','system',0,
            1,10260,0,0,0,0);
INSERT INTO menu_links (menu_name, mlid, plid, link_path, router_path, link_title,
                                    options, module, has_children,
                                    depth, p1, p2, p3, p4, p5)
          VALUES
          ('book-toc-1001', 10262, 10262, 'node/145', 'node/%','',
            'a:0:{}','system',0,
            1,10262,0,0,0,0);
INSERT INTO menu_links (menu_name, mlid, plid, link_path, router_path, link_title,
                                    options, module, has_children,
                                    depth, p1, p2, p3, p4, p5)
          VALUES
          ('book-toc-1001', 10264, 10264, 'node/147', 'node/%','',
            'a:0:{}','system',0,
            1,10264,0,0,0,0);
INSERT INTO menu_links (menu_name, mlid, plid, link_path, router_path, link_title,
                                    options, module, has_children,
                                    depth, p1, p2, p3, p4, p5)
          VALUES
          ('book-toc-1001', 10266, 10266, 'node/148', 'node/%','',
            'a:0:{}','system',0,
            1,10266,0,0,0,0);
INSERT INTO menu_links (menu_name, mlid, plid, link_path, router_path, link_title,
                                    options, module, has_children,
                                    depth, p1, p2, p3, p4, p5)
          VALUES
          ('book-toc-1001', 10268, 10268, 'node/149', 'node/%','',
            'a:0:{}','system',0,
            1,10268,0,0,0,0);
INSERT INTO menu_links (menu_name, mlid, plid, link_path, router_path, link_title,
                                    options, module, has_children,
                                    depth, p1, p2, p3, p4, p5)
          VALUES
          ('book-toc-1001', 10270, 10270, 'node/151', 'node/%','',
            'a:0:{}','system',0,
            1,10270,0,0,0,0);
INSERT INTO menu_links (menu_name, mlid, plid, link_path, router_path, link_title,
                                    options, module, has_children,
                                    depth, p1, p2, p3, p4, p5)
          VALUES
          ('book-toc-1001', 10272, 10272, 'node/153', 'node/%','',
            'a:0:{}','system',0,
            1,10272,0,0,0,0);
INSERT INTO menu_links (menu_name, mlid, plid, link_path, router_path, link_title,
                                    options, module, has_children,
                                    depth, p1, p2, p3, p4, p5)
          VALUES
          ('book-toc-1001', 10274, 10274, 'node/154', 'node/%','',
            'a:0:{}','system',0,
            1,10274,0,0,0,0);
INSERT INTO menu_links (menu_name, mlid, plid, link_path, router_path, link_title,
                                    options, module, has_children,
                                    depth, p1, p2, p3, p4, p5)
          VALUES
          ('book-toc-1001', 10276, 10276, 'node/155', 'node/%','',
            'a:0:{}','system',0,
            1,10276,0,0,0,0);
INSERT INTO menu_links (menu_name, mlid, plid, link_path, router_path, link_title,
                                    options, module, has_children,
                                    depth, p1, p2, p3, p4, p5)
          VALUES
          ('book-toc-1001', 10278, 10278, 'node/157', 'node/%','',
            'a:0:{}','system',0,
            1,10278,0,0,0,0);
INSERT INTO menu_links (menu_name, mlid, plid, link_path, router_path, link_title,
                                    options, module, has_children,
                                    depth, p1, p2, p3, p4, p5)
          VALUES
          ('book-toc-1001', 10280, 10280, 'node/159', 'node/%','',
            'a:0:{}','system',0,
            1,10280,0,0,0,0);
INSERT INTO menu_links (menu_name, mlid, plid, link_path, router_path, link_title,
                                    options, module, has_children,
                                    depth, p1, p2, p3, p4, p5)
          VALUES
          ('book-toc-1001', 10282, 10282, 'node/160', 'node/%','',
            'a:0:{}','system',0,
            1,10282,0,0,0,0);
INSERT INTO menu_links (menu_name, mlid, plid, link_path, router_path, link_title,
                                    options, module, has_children,
                                    depth, p1, p2, p3, p4, p5)
          VALUES
          ('book-toc-1001', 10284, 10284, 'node/161', 'node/%','',
            'a:0:{}','system',0,
            1,10284,0,0,0,0);
INSERT INTO menu_links (menu_name, mlid, plid, link_path, router_path, link_title,
                                    options, module, has_children,
                                    depth, p1, p2, p3, p4, p5)
          VALUES
          ('book-toc-1001', 10286, 10286, 'node/162', 'node/%','',
            'a:0:{}','system',0,
            1,10286,0,0,0,0);
INSERT INTO menu_links (menu_name, mlid, plid, link_path, router_path, link_title,
                                    options, module, has_children,
                                    depth, p1, p2, p3, p4, p5)
          VALUES
          ('book-toc-1001', 10288, 10288, 'node/163', 'node/%','',
            'a:0:{}','system',0,
            1,10288,0,0,0,0);
INSERT INTO menu_links (menu_name, mlid, plid, link_path, router_path, link_title,
                                    options, module, has_children,
                                    depth, p1, p2, p3, p4, p5)
          VALUES
          ('book-toc-1001', 10290, 10290, 'node/164', 'node/%','',
            'a:0:{}','system',0,
            1,10290,0,0,0,0);
INSERT INTO menu_links (menu_name, mlid, plid, link_path, router_path, link_title,
                                    options, module, has_children,
                                    depth, p1, p2, p3, p4, p5)
          VALUES
          ('book-toc-1001', 10292, 10292, 'node/165', 'node/%','',
            'a:0:{}','system',0,
            1,10292,0,0,0,0);
INSERT INTO menu_links (menu_name, mlid, plid, link_path, router_path, link_title,
                                    options, module, has_children,
                                    depth, p1, p2, p3, p4, p5)
          VALUES
          ('book-toc-1001', 10294, 10294, 'node/168', 'node/%','',
            'a:0:{}','book',1,
            2,10300,10294,0,0,0);
INSERT INTO menu_links (menu_name, mlid, plid, link_path, router_path, link_title,
                                    options, module, has_children,
                                    depth, p1, p2, p3, p4, p5)
          VALUES
          ('book-toc-1001', 10296, 10296, 'node/166', 'node/%','',
            'a:0:{}','system',0,
            1,10296,0,0,0,0);
INSERT INTO menu_links (menu_name, mlid, plid, link_path, router_path, link_title,
                                    options, module, has_children,
                                    depth, p1, p2, p3, p4, p5)
          VALUES
          ('book-toc-1001', 10298, 10298, 'node/167', 'node/%','',
            'a:0:{}','system',0,
            1,10298,0,0,0,0);
INSERT INTO menu_links (menu_name, mlid, plid, link_path, router_path, link_title,
                                    options, module, has_children,
                                    depth, p1, p2, p3, p4, p5)
          VALUES
          ('book-toc-1001', 10300, 10300, 'node/169', 'node/%','',
            'a:0:{}','system',0,
            1,10300,0,0,0,0);
INSERT INTO menu_links (menu_name, mlid, plid, link_path, router_path, link_title,
                                    options, module, has_children,
                                    depth, p1, p2, p3, p4, p5)
          VALUES
          ('book-toc-1001', 10302, 10302, 'node/170', 'node/%','',
            'a:0:{}','system',0,
            1,10302,0,0,0,0);
INSERT INTO menu_links (menu_name, mlid, plid, link_path, router_path, link_title,
                                    options, module, has_children,
                                    depth, p1, p2, p3, p4, p5)
          VALUES
          ('book-toc-1001', 10304, 10304, 'node/171', 'node/%','',
            'a:0:{}','book',1,
            2,10314,10304,0,0,0);
INSERT INTO menu_links (menu_name, mlid, plid, link_path, router_path, link_title,
                                    options, module, has_children,
                                    depth, p1, p2, p3, p4, p5)
          VALUES
          ('book-toc-1001', 10306, 10306, 'node/172', 'node/%','',
            'a:0:{}','system',0,
            1,10306,0,0,0,0);
INSERT INTO menu_links (menu_name, mlid, plid, link_path, router_path, link_title,
                                    options, module, has_children,
                                    depth, p1, p2, p3, p4, p5)
          VALUES
          ('book-toc-1001', 10308, 10308, 'node/173', 'node/%','',
            'a:0:{}','system',0,
            1,10308,0,0,0,0);
INSERT INTO menu_links (menu_name, mlid, plid, link_path, router_path, link_title,
                                    options, module, has_children,
                                    depth, p1, p2, p3, p4, p5)
          VALUES
          ('book-toc-1001', 10310, 10310, 'node/174', 'node/%','',
            'a:0:{}','book',1,
            2,10320,10310,0,0,0);
INSERT INTO menu_links (menu_name, mlid, plid, link_path, router_path, link_title,
                                    options, module, has_children,
                                    depth, p1, p2, p3, p4, p5)
          VALUES
          ('book-toc-1001', 10312, 10312, 'node/175', 'node/%','',
            'a:0:{}','book',1,
            2,10332,10312,0,0,0);
INSERT INTO menu_links (menu_name, mlid, plid, link_path, router_path, link_title,
                                    options, module, has_children,
                                    depth, p1, p2, p3, p4, p5)
          VALUES
          ('book-toc-1001', 10314, 10314, 'node/176', 'node/%','',
            'a:0:{}','system',0,
            1,10314,0,0,0,0);
INSERT INTO menu_links (menu_name, mlid, plid, link_path, router_path, link_title,
                                    options, module, has_children,
                                    depth, p1, p2, p3, p4, p5)
          VALUES
          ('book-toc-1001', 10316, 10316, 'node/177', 'node/%','',
            'a:0:{}','system',0,
            1,10316,0,0,0,0);
INSERT INTO menu_links (menu_name, mlid, plid, link_path, router_path, link_title,
                                    options, module, has_children,
                                    depth, p1, p2, p3, p4, p5)
          VALUES
          ('book-toc-1001', 10318, 10318, 'node/178', 'node/%','',
            'a:0:{}','system',0,
            1,10318,0,0,0,0);
INSERT INTO menu_links (menu_name, mlid, plid, link_path, router_path, link_title,
                                    options, module, has_children,
                                    depth, p1, p2, p3, p4, p5)
          VALUES
          ('book-toc-1001', 10320, 10320, 'node/179', 'node/%','',
            'a:0:{}','system',0,
            1,10320,0,0,0,0);
INSERT INTO menu_links (menu_name, mlid, plid, link_path, router_path, link_title,
                                    options, module, has_children,
                                    depth, p1, p2, p3, p4, p5)
          VALUES
          ('book-toc-1001', 10322, 10322, 'node/180', 'node/%','',
            'a:0:{}','system',0,
            1,10322,0,0,0,0);
INSERT INTO menu_links (menu_name, mlid, plid, link_path, router_path, link_title,
                                    options, module, has_children,
                                    depth, p1, p2, p3, p4, p5)
          VALUES
          ('book-toc-1001', 10324, 10324, 'node/181', 'node/%','',
            'a:0:{}','system',0,
            1,10324,0,0,0,0);
INSERT INTO menu_links (menu_name, mlid, plid, link_path, router_path, link_title,
                                    options, module, has_children,
                                    depth, p1, p2, p3, p4, p5)
          VALUES
          ('book-toc-1001', 10326, 10326, 'node/182', 'node/%','',
            'a:0:{}','system',0,
            1,10326,0,0,0,0);
INSERT INTO menu_links (menu_name, mlid, plid, link_path, router_path, link_title,
                                    options, module, has_children,
                                    depth, p1, p2, p3, p4, p5)
          VALUES
          ('book-toc-1001', 10328, 10328, 'node/183', 'node/%','',
            'a:0:{}','system',0,
            1,10328,0,0,0,0);
INSERT INTO menu_links (menu_name, mlid, plid, link_path, router_path, link_title,
                                    options, module, has_children,
                                    depth, p1, p2, p3, p4, p5)
          VALUES
          ('book-toc-1001', 10330, 10330, 'node/184', 'node/%','',
            'a:0:{}','system',0,
            1,10330,0,0,0,0);
INSERT INTO menu_links (menu_name, mlid, plid, link_path, router_path, link_title,
                                    options, module, has_children,
                                    depth, p1, p2, p3, p4, p5)
          VALUES
          ('book-toc-1001', 10332, 10332, 'node/185', 'node/%','',
            'a:0:{}','system',0,
            1,10332,0,0,0,0);
INSERT INTO menu_links (menu_name, mlid, plid, link_path, router_path, link_title,
                                    options, module, has_children,
                                    depth, p1, p2, p3, p4, p5)
          VALUES
          ('book-toc-1001', 10334, 10334, 'node/186', 'node/%','',
            'a:0:{}','system',0,
            1,10334,0,0,0,0);
INSERT INTO menu_links (menu_name, mlid, plid, link_path, router_path, link_title,
                                    options, module, has_children,
                                    depth, p1, p2, p3, p4, p5)
          VALUES
          ('book-toc-1001', 10336, 10336, 'node/187', 'node/%','',
            'a:0:{}','system',0,
            1,10336,0,0,0,0);
INSERT INTO menu_links (menu_name, mlid, plid, link_path, router_path, link_title,
                                    options, module, has_children,
                                    depth, p1, p2, p3, p4, p5)
          VALUES
          ('book-toc-1001', 10338, 10338, 'node/188', 'node/%','',
            'a:0:{}','system',0,
            1,10338,0,0,0,0);
INSERT INTO menu_links (menu_name, mlid, plid, link_path, router_path, link_title,
                                    options, module, has_children,
                                    depth, p1, p2, p3, p4, p5)
          VALUES
          ('book-toc-1001', 10340, 10340, 'node/189', 'node/%','',
            'a:0:{}','system',0,
            1,10340,0,0,0,0);
INSERT INTO menu_links (menu_name, mlid, plid, link_path, router_path, link_title,
                                    options, module, has_children,
                                    depth, p1, p2, p3, p4, p5)
          VALUES
          ('book-toc-1001', 10342, 10342, 'node/190', 'node/%','',
            'a:0:{}','system',0,
            1,10342,0,0,0,0);
